appid,name,release_date,english,developer,publisher,platforms,required_age,categories,genres,steamspy_tags,achievements,positive_ratings,negative_ratings,average_playtime,median_playtime,owners,price,total_reviews,review_score,success,log_success,log_reviews,log_playtime
280,Half-Life: Source,2004-06-01,1,Valve,Valve,windows;mac;linux,0,Single-player,Action,FPS;Action;Sci-fi,0,3767,1053,190,214,2000000-5000000,0.0,4820,0.7815352697095436,3767.0,8.234299635696253,8.480736654405622,5.25227342804663
340,Half-Life 2: Lost Coast,2005-10-27,1,Valve,Valve,windows;mac;linux,0,Single-player;Commentary available,Action,FPS;Action;Singleplayer,0,5783,1020,46,29,10000000-20000000,0.0,6803,0.8500661472879611,5783.0,8.6628507638386,8.825265953515752,3.8501476017100575
360,Half-Life Deathmatch: Source,2006-05-01,1,Valve,Valve,windows;mac;linux,0,Multi-player;Valve Anti-Cheat enabled,Action,Action;FPS;Multiplayer,0,1362,473,102,81,5000000-10000000,0.0,1835,0.7422343324250681,1362.0,7.217443431696533,7.515344571180436,4.634728988229636
440,Team Fortress 2,2007-10-10,1,Valve,Valve,windows;mac;linux,0,Multi-player;Cross-Platform Multiplayer;Steam Achievements;Steam Trading Cards;Captions available;Steam Workshop;In-App Purchases;Partial Controller Support;Valve Anti-Cheat enabled;Stats;Includes level editor;Commentary available,Action;Free to Play,Free to Play;Multiplayer;FPS,520,515879,34036,8495,623,20000000-50000000,0.0,549915,0.9381067983233772,515879.0,13.153629459278328,13.217520818271929,9.04735074348172
570,Dota 2,2013-07-09,1,Valve,Valve,windows;mac;linux,0,Multi-player;Co-op;Steam Trading Cards;Steam Workshop;SteamVR Collectibles;In-App Purchases;Valve Anti-Cheat enabled,Action;Free to Play;Strategy,Free to Play;MOBA;Strategy,0,863507,142079,23944,801,100000000-200000000,0.0,1005586,0.8587102445738107,863507.0,13.668758441146684,13.821082008569205,10.08351481277671
630,Alien Swarm,2010-07-19,1,Valve,Valve,windows,0,Single-player;Multi-player;Co-op;Steam Achievements;Captions available;Steam Cloud;Stats;Includes level editor,Action,Free to Play;Co-op;Action,66,17435,941,371,83,2000000-5000000,0.0,18376,0.9487919024814976,17435.0,9.766292313358283,9.818855161695424,5.918893854273146
730,Counter-Strike: Global Offensive,2012-08-21,1,Valve;Hidden Path Entertainment,Valve,windows;mac;linux,0,Multi-player;Steam Achievements;Full controller support;Steam Trading Cards;Steam Workshop;In-App Purchases;Valve Anti-Cheat enabled;Stats,Action;Free to Play,FPS;Multiplayer;Shooter,167,2644404,402313,22494,6502,50000000-100000000,0.0,3046717,0.8679519627192155,2644404.0,14.787956645227853,14.929575503635595,10.021048341275272
1840,Source Filmmaker,2012-07-10,1,Valve,Valve,windows,0,Steam Workshop,Animation & Modeling;Video Production,Animation & Modeling;Video Production;Free to Play,0,15083,1111,239,77,1000000-2000000,0.0,16194,0.9313943435840436,15083.0,9.621389858378247,9.692457831605427,5.480638923341991
2400,The Ship: Murder Party,2006-07-11,1,Outerlight Ltd.,Blazing Griffin Ltd.,windows,0,Single-player;Multi-player;Steam Trading Cards;Valve Anti-Cheat enabled,Action;Indie;RPG,Multiplayer;Indie;Action,0,4819,792,233,239,1000000-2000000,0.0,5611,0.8588486900730707,4819.0,8.480529207044645,8.632662441222351,5.455321115357702
2520,Gumboy - Crazy Adventures™,2006-12-19,1,"CINEMAX, s.r.o.","CINEMAX, s.r.o.",windows,0,Single-player,Casual;Indie,Casual;Indie;Singleplayer,0,52,46,0,0,50000-100000,0.0,98,0.5306122448979592,52.0,3.970291913552122,4.59511985013459,0.0
3483,Peggle Extreme,2007-09-11,1,"PopCap Games, Inc.","PopCap Games, Inc.",windows,0,Single-player,Casual,Casual;Puzzle;Free to Play,0,707,58,1,1,200000-500000,0.0,765,0.9241830065359478,707.0,6.56244409369372,6.641182169740591,0.6931471805599453
4560,Company of Heroes - Legacy Edition,2007-07-17,1,Relic Entertainment,SEGA,windows,18,Single-player;Multi-player;Steam Trading Cards;Steam Workshop;Steam Cloud,Violent;Action;Strategy,Strategy;RTS;World War II,0,4772,320,175,186,2000000-5000000,0.0,5092,0.9371563236449332,4772.0,8.470730317005897,8.535622326884605,5.170483995038151
4700,Total War: MEDIEVAL II – Definitive Edition,2006-11-15,1,CREATIVE ASSEMBLY;Feral Interactive (Mac);Feral Interactive (Linux),SEGA;Feral Interactive (Mac);Feral Interactive (Linux),windows;mac;linux,0,Single-player;Multi-player;Steam Trading Cards,Strategy,Strategy;Medieval;Historical,0,10270,605,469,361,2000000-5000000,0.0,10875,0.944367816091954,10270.0,9.237079669165803,9.294313805752362,6.152732694704104
4780,Medieval II: Total War™ Kingdoms,2007-08-28,1,The Creative Assembly;Feral Interactive (Mac);Feral Interactive (Linux),SEGA;Feral Interactive (Mac);Feral Interactive (Linux),windows;mac;linux,0,Single-player;Multi-player,Strategy,Strategy;Medieval;Historical,0,585,30,0,0,200000-500000,0.0,615,0.951219512195122,585.0,6.373319789577012,6.423246963533519,0.0
4900,Zen of Sudoku,2006-12-14,1,Unknown Worlds Entertainment,Unknown Worlds Entertainment,windows,0,Single-player,Casual;Indie,Casual;Indie;Puzzle,0,122,17,0,0,0-20000,0.0,139,0.8776978417266187,122.0,4.812184355372417,4.941642422609304,0.0
6370,Bloodline Champions,2011-10-28,1,Stunlock Studios,Stunlock Studios,windows,0,Single-player;Multi-player;MMO,Action;Free to Play;Massively Multiplayer,Free to Play;Action;MOBA,0,1365,226,70,102,500000-1000000,0.0,1591,0.857950974230044,1365.0,7.219642040130735,7.372746366404328,4.262679877041316
8310,Bone: Out From Boneville,2008-06-17,1,Telltale Games,Telltale Games,windows,0,Single-player,Adventure,Adventure;Point & Click,0,78,71,0,0,100000-200000,0.0,149,0.5234899328859061,78.0,4.3694478524670215,5.010635294096256,0.0
8320,Bone: The Great Cow Race,2008-06-17,1,Telltale Games,Telltale Games,windows,0,Single-player,Adventure,Adventure;Point & Click,0,44,33,0,0,100000-200000,0.0,77,0.5714285714285714,44.0,3.80666248977032,4.356708826689592,0.0
8500,EVE Online,2010-12-15,1,CCP,CCP,windows;mac,0,Multi-player;Online Multi-Player;MMO;Co-op;Online Co-op;Steam Trading Cards,Action;Free to Play;Massively Multiplayer;RPG;Strategy,Space;Massively Multiplayer;Sci-fi,0,8317,2832,5123,230,1000000-2000000,0.0,11149,0.7459861871019823,8317.0,9.026177120302856,9.319194776888263,8.541690663016626
9050,DOOM 3,2007-08-03,1,id Software,id Software,windows,0,Single-player;Multi-player;Steam Cloud,Action,Horror;FPS;Action,0,2633,376,362,394,200000-500000,0.0,3009,0.8750415420405451,2633.0,7.876258882303226,8.009695357742922,5.8944028342648505
9160,Master Levels for Doom II,2007-08-03,1,id Software,id Software,windows,0,Single-player;Steam Cloud,Action,Action;FPS;Classic,0,310,69,7,12,500000-1000000,0.0,379,0.8179419525065963,310.0,5.739792912179234,5.940171252720432,2.079441541679836
9880,Champions Online,2011-06-14,1,Cryptic Studios,Perfect World Entertainment,windows,0,Multi-player;MMO;Co-op;Steam Achievements,Free to Play;Massively Multiplayer;RPG,Free to Play;Superhero;Massively Multiplayer,709,2081,823,12952,724,1000000-2000000,0.0,2904,0.7165977961432507,2081.0,7.641084249174914,7.974188669286011,9.469082700530256
9900,Star Trek Online,2012-01-31,1,Cryptic Studios,Perfect World Entertainment,windows,0,Multi-player;MMO;Co-op;Steam Achievements;Full controller support;In-App Purchases,Free to Play;Massively Multiplayer;RPG,Free to Play;Sci-fi;Space,0,7639,2391,2514,638,1000000-2000000,0.0,10030,0.7616151545363908,7639.0,8.941152882160566,9.213435576883484,7.83002808253384
11020,TrackMania Nations Forever,2008-04-16,1,Nadeo,Ubisoft,windows,0,Single-player;Multi-player;Includes level editor,Racing,Racing;Free to Play;Multiplayer,0,8252,1244,902,87,2000000-5000000,0.0,9496,0.8689974726200506,8252.0,9.018332049592685,9.158731238242952,6.805722553416985
11130,Sherlock Holmes: The Mystery of the Mummy,2009-08-06,1,Frogwares,Frogwares,windows,0,Single-player,Adventure,Adventure;Point & Click;Detective,0,59,130,0,0,100000-200000,0.0,189,0.3121693121693121,59.0,4.0943445622221,5.247024072160486,0.0
12170,Grand Theft Auto,2008-01-04,1,Rockstar North,Rockstar Games,windows,0,Single-player,Action,Action;Classic;Open World,0,199,30,7,7,500000-1000000,0.0,229,0.868995633187773,199.0,5.298317366548036,5.438079308923196,2.079441541679836
12180,Grand Theft Auto 2,2008-01-04,1,Rockstar North,Rockstar Games,windows,0,Single-player,Action,Action;Classic;Open World,0,184,17,3,4,500000-1000000,0.0,201,0.9154228855721394,184.0,5.220355825078324,5.308267697401205,1.3862943611198906
13140,America's Army 3,2009-06-17,1,U.S. Army,U.S. Army,windows,0,Single-player;Multi-player;Steam Achievements;Steam Cloud,Action,Action;Free to Play;FPS,71,1515,723,12,13,500000-1000000,0.0,2238,0.6769436997319035,1515.0,7.323830566202317,7.713784616598755,2.5649493574615367
17080,Tribes: Ascend,2012-06-27,1,Hi-Rez Studios,Hi-Rez Studios,windows,0,Multi-player;Co-op,Action;Free to Play,Free to Play;FPS;Action,0,6470,1738,128,75,2000000-5000000,0.0,8208,0.7882553606237817,6470.0,8.775085935057266,9.012986392348266,4.859812404361672
17500,Zombie Panic! Source,2008-10-03,1,Zombie Panic Team,Zombie Panic Team,windows;linux,0,Multi-player;Co-op;Mods;Mods (require HL2);Steam Achievements;Steam Workshop;Steam Cloud;Valve Anti-Cheat enabled;Includes level editor;Includes Source SDK,Action;Free to Play;Indie,Free to Play;Zombies;Multiplayer,106,5267,914,948,86,500000-1000000,0.0,6181,0.8521274874615758,5267.0,8.569406062863171,8.729397122692061,6.855408798609928
17570,"Pirates, Vikings, and Knights II",2010-02-12,1,Octoshark Studios,Octoshark Studios,windows;mac;linux,0,Multi-player;Online Multi-Player;Cross-Platform Multiplayer;Mods;Steam Achievements;Steam Workshop;Steam Cloud;Valve Anti-Cheat enabled;Stats;Includes level editor;Includes Source SDK,Action;Free to Play;Indie,Free to Play;Multiplayer;Action,247,3839,582,117,197,500000-1000000,0.0,4421,0.868355575661615,3839.0,8.253227645581772,8.394347361417392,4.770684624465665
17740,Empires Mod,2008-07-28,1,Empires,Empires,windows;linux,0,Multi-player;Cross-Platform Multiplayer;Steam Cloud;Includes level editor;Includes Source SDK,Action;Free to Play;Strategy,Free to Play;Strategy;Action,8,663,115,701,1378,100000-200000,0.0,778,0.8521850899742931,663.0,6.498282149476434,6.658011045870748,6.553933404025811
22120,Penumbra: Black Plague Gold Edition,2009-01-23,1,Frictional Games,Frictional Games,windows;mac;linux,0,Single-player;Captions available,Nudity;Gore;Action;Adventure;Indie,Horror;Adventure;First-Person,0,1396,79,188,189,200000-500000,0.0,1475,0.9464406779661017,1396.0,7.242082359256962,7.297091005160418,5.241747015059643
22180,Penumbra Overture,2009-03-06,1,Frictional Games,Frictional Games,windows;mac;linux,0,Single-player;Captions available,Gore;Action;Adventure;Indie,Horror;Adventure;First-Person,0,1660,164,37,43,500000-1000000,0.0,1824,0.9100877192982456,1660.0,7.415175109613295,7.509335266016592,3.6375861597263857
22350,BRINK,2011-05-09,1,Splash Damage,Bethesda Softworks,windows,0,Single-player;Multi-player;Co-op;Steam Achievements;Steam Cloud;Steam Leaderboards,Action;Free to Play,FPS;Action;Multiplayer,43,3493,2331,181,99,1000000-2000000,0.0,5824,0.5997596153846154,3493.0,8.158802490694002,8.669914278433902,5.204006687076795
24200,DC Universe™ Online,2011-11-02,1,Daybreak Game Company,Daybreak Game Company,windows,0,Multi-player;MMO;Steam Achievements;Full controller support,Action;Adventure;Free to Play;Massively Multiplayer;RPG,Free to Play;Superhero;Massively Multiplayer,169,10138,2654,2990,3851,2000000-5000000,0.0,12792,0.792526579111945,10138.0,9.22414465295258,9.456653425317034,8.003363058629947
25600,Eschalon: Book I,2009-02-10,1,Basilisk Games,Basilisk Games,windows;mac;linux,0,Single-player,Indie;RPG,RPG;Indie;Isometric,0,167,25,0,0,50000-100000,0.0,192,0.8697916666666666,167.0,5.123963979403259,5.262690188904886,0.0
32670,Delta Force: Black Hawk Down,2009-06-18,1,NovaLogic,NovaLogic;THQ Nordic,windows,0,Single-player;Multi-player,Action,Action;FPS;Military,0,258,23,0,0,20000-50000,0.0,281,0.9181494661921707,258.0,5.556828061699537,5.641907070938114,0.0
32680,Delta Force — Black Hawk Down: Team Sabre,2009-06-18,1,Ritual Entertainment,NovaLogic;THQ Nordic,windows,0,Single-player;Multi-player,Action,Action;FPS,0,167,17,0,0,20000-50000,0.0,184,0.907608695652174,167.0,5.123963979403259,5.220355825078324,0.0
34030,Total War: NAPOLEON – Definitive Edition,2010-02-25,1,CREATIVE ASSEMBLY;Feral Interactive (Mac),SEGA;Feral Interactive (Mac),windows;mac,0,Single-player;Multi-player;Steam Achievements;Steam Trading Cards;Stats,Strategy,Strategy;Historical;Grand Strategy,71,8540,907,1251,1534,2000000-5000000,0.0,9447,0.9039906848735048,8540.0,9.052633375946147,9.153558357877198,7.132497551660044
35800,BRAINPIPE: A Plunge to Unhumanity,2009-07-06,1,Digital Eel,Digital Eel,windows;mac,0,Single-player;Partial Controller Support,Casual;Indie,Casual;Indie;Psychedelic,0,126,22,0,0,50000-100000,0.0,148,0.8513513513513513,126.0,4.844187086458591,5.003946305945459,0.0
39000,Moonbase Alpha,2010-07-06,1,Virtual Heroes;Army Game Studio,NASA,windows,0,Single-player;Multi-player;Co-op;Valve Anti-Cheat enabled;Stats;Steam Leaderboards,Adventure;Simulation;Strategy,Space;Simulation;Free to Play,0,9867,1166,54,46,1000000-2000000,0.0,11033,0.8943170488534397,9867.0,9.197052477649247,9.308736693832376,4.007333185232471
39120,RIFT,2011-03-01,1,Trion Worlds,Trion Worlds,windows,0,Multi-player;Online Multi-Player;MMO;Co-op;Online Co-op;Steam Trading Cards;In-App Purchases,Free to Play;Massively Multiplayer;RPG,Free to Play;MMORPG;Massively Multiplayer,0,6885,2326,4104,1997,2000000-5000000,0.0,9211,0.7474758440994463,6885.0,8.83724564389847,9.128262260940575,8.31996102188653
41300,Altitude,2009-12-04,1,Nimbly Games,Nimbly Games,windows;mac;linux,0,Single-player;Multi-player;Cross-Platform Multiplayer;Steam Achievements;Partial Controller Support;Stats;Includes level editor,Action;Free to Play;Indie,Free to Play;Action;Indie,52,1540,128,333,657,200000-500000,0.0,1668,0.9232613908872902,1540.0,7.340186835320115,7.419979923661835,5.811140992976701
46200,A.I.M. Racing,2010-01-22,1,SkyRiver Studios,1C Entertainment,windows,0,Single-player;Partial Controller Support;Steam Cloud,Action;Racing,Racing;Action,0,54,21,0,0,20000-50000,0.0,75,0.72,54.0,4.007333185232471,4.330733340286331,0.0
47400,Stronghold 3 Gold,2012-05-25,1,FireFly Studios,FireFly Studios,windows;mac;linux,0,Single-player;Multi-player;Steam Trading Cards;Includes level editor,Simulation;Strategy,Strategy;City Builder;Medieval,0,971,2385,506,758,500000-1000000,0.0,3356,0.2893325387365912,971.0,6.879355804460439,8.118802996980035,6.228511003591184
47410,Stronghold Kingdoms,2012-02-27,1,FireFly Studios,FireFly Studios,windows,0,Online Multi-Player;MMO;Online Co-op;Cross-Platform Multiplayer;Steam Trading Cards,Free to Play;Massively Multiplayer;Strategy,Strategy;Free to Play;Medieval,0,4886,2609,329,421,1000000-2000000,0.0,7495,0.6519012675116744,4886.0,8.494333897270154,8.922124823918258,5.799092654460526
49470,Magic: The Gathering - Duels of the Planeswalkers 2012,2011-06-15,1,Stainless Games Ltd,Wizards of the Coast LLC,windows,0,Single-player;Multi-player;Co-op;Steam Achievements;Partial Controller Support;Steam Cloud;Stats;Steam Leaderboards,Strategy,Card Game;Strategy;Trading Card Game,26,705,95,935,935,200000-500000,0.0,800,0.88125,705.0,6.559615237493242,6.68586094706836,6.841615476477592
60600,ProtoGalaxy,2010-10-06,1,Source Studio Ltd.,Source Studio Ltd.,windows,0,Single-player;Multi-player;Co-op;Shared/Split Screen;Steam Achievements;Partial Controller Support,Action;Indie,Action;Indie;Co-op,33,30,22,33,33,50000-100000,0.0,52,0.5769230769230769,30.0,3.4339872044851463,3.970291913552122,3.5263605246161616
65540,Gothic 1,2001-03-15,1,Piranha Bytes,THQ Nordic,windows,0,Single-player,Action;RPG,RPG;Open World;Atmospheric,0,3396,523,409,412,200000-500000,0.0,3919,0.8665475886705792,3396.0,8.130647968160584,8.273846932784508,6.016157159698354
71340,Sonic Generations Collection,2011-11-03,1,Devil's Details,SEGA,windows,0,Single-player;Steam Achievements;Full controller support;Steam Cloud;Stats;Steam Leaderboards,Action,Platformer;Great Soundtrack;Action,49,6921,589,165,169,500000-1000000,0.0,7510,0.9215712383488682,6921.0,8.84246002419529,8.924123891686012,5.111987788356544
72900,Winter Voices,2010-10-29,1,Clara Lehenaff,Clara Lehenaff,windows,0,Single-player;Steam Achievements;Steam Trading Cards,Adventure;Indie;RPG,RPG;Indie;Adventure,64,139,77,0,0,50000-100000,0.0,216,0.6435185185185185,139.0,4.941642422609304,5.37989735354046,0.0
95700,The Cat and the Coup,2011-06-15,1,Peter Brinson and Kurosh ValaNejad,Peter Brinson and Kurosh ValaNejad,windows;mac,0,Single-player;Partial Controller Support,Free to Play;Indie,Indie;Free to Play;Cats,0,823,52,12,12,100000-200000,0.0,875,0.9405714285714286,823.0,6.714170529909472,6.775366090936392,2.5649493574615367
99900,Spiral Knights,2011-06-14,1,"Grey Havens, LLC","Grey Havens, LLC",windows;mac,0,Single-player;Multi-player;MMO;Co-op;Steam Achievements;Steam Trading Cards;In-App Purchases;Partial Controller Support,Action;Adventure;Casual;Free to Play;Indie;Massively Multiplayer;RPG,Free to Play;Massively Multiplayer;RPG,54,15666,3202,275,64,2000000-5000000,0.0,18868,0.8302946788212847,15666.0,9.659311868393488,9.845275642787714,5.62040086571715
99910,Puzzle Pirates,2011-08-31,1,"Grey Havens, LLC","Grey Havens, LLC",windows;mac,0,Single-player;Multi-player;MMO;Co-op;Steam Achievements,Adventure;Casual;Free to Play;Massively Multiplayer;Strategy,Free to Play;Massively Multiplayer;Puzzle,220,961,239,107,214,200000-500000,0.0,1200,0.8008333333333333,961.0,6.8690144506657065,7.090909822079984,4.68213122712422
107300,Breath of Death VII,2011-07-13,1,Zeboyd Games,Zeboyd Games,windows,0,Single-player;Full controller support,RPG;Indie,RPG;Indie;JRPG,0,994,187,30,26,500000-1000000,0.0,1181,0.8416596104995766,994.0,6.902742737158593,7.074963197966044,3.4339872044851463
107310,Cthulhu Saves the World,2011-07-13,1,Zeboyd Games,Zeboyd Games,windows,0,Single-player;Full controller support;Steam Trading Cards,Indie;RPG,RPG;Indie;Comedy,0,2868,222,351,388,500000-1000000,0.0,3090,0.9281553398058252,2868.0,7.961718815981363,8.036249942132116,5.863631175598097
108210,Memoir '44 Online,2011-10-12,1,Days of Wonder,Days of Wonder;Asmodee Digital,windows,0,Single-player;Multi-player;Steam Achievements,Casual;Simulation;Strategy,Strategy;Board Game;Casual,62,177,119,7,7,200000-500000,0.0,296,0.597972972972973,177.00000000000003,5.181783550292085,5.6937321388027,2.079441541679836
109600,Neverwinter,2013-12-05,1,Cryptic Studios,Perfect World Entertainment,windows,0,Multi-player;MMO;Co-op;Steam Trading Cards;In-App Purchases;Includes level editor,Adventure;Free to Play;Massively Multiplayer;RPG,Free to Play;MMORPG;RPG,0,18517,5297,1273,543,5000000-10000000,0.0,23814,0.777567817250357,18517.0,9.826498511007992,10.07807091323496,7.149916836132109
110500,Data Jammers: FastForward,2011-10-24,1,Digital Eel,Digital Eel,windows;mac,0,Single-player;Steam Achievements;Partial Controller Support,Action;Indie,Action;Indie;Arcade,21,54,26,0,0,50000-100000,0.0,80,0.675,54.0,4.007333185232471,4.394449154672439,0.0
113400,APB Reloaded,2011-12-06,1,Little Orbit,Little Orbit,windows,0,Multi-player;MMO;Steam Achievements,Action;Free to Play;Massively Multiplayer,Free to Play;Open World;Action,60,20028,11779,3835,302,5000000-10000000,0.0,31807,0.6296727135536203,20028.0,9.904936502301233,10.3674731094563,8.252185436003328
113420,Fallen Earth Free2Play,2012-02-22,1,Little Orbit,Little Orbit,windows,0,Multi-player;MMO;Co-op;Steam Achievements,Free to Play;Massively Multiplayer;RPG,Free to Play;Survival;Multiplayer,650,3938,3142,107,75,2000000-5000000,0.0,7080,0.5562146892655367,3938.0,8.278682162970906,8.865170419651774,4.68213122712422
200210,Realm of the Mad God,2012-02-20,1,Wild Shadow Studios;Deca Games,Deca Games,windows;mac,0,Multi-player;MMO;Co-op;Cross-Platform Multiplayer;Steam Achievements;Stats,Action;Free to Play;Indie;Massively Multiplayer;RPG,Free to Play;Massively Multiplayer;Pixel Graphics,31,23414,4728,3531,64,2000000-5000000,0.0,28142,0.831994883092886,23414.0,10.061132121617645,10.24505393479406,8.16961956172385
200960,Geneforge 1,2001-12-01,1,Spiderweb Software,Spiderweb Software,windows,0,Single-player,Strategy;RPG;Indie,RPG;Indie;Strategy,0,268,17,0,0,100000-200000,0.0,285,0.9403508771929824,268.0,5.594711379601839,5.655991810819852,0.0
200980,Geneforge 2,2003-07-01,1,Spiderweb Software,Spiderweb Software,windows,0,Single-player,Strategy;RPG;Indie,RPG;Indie;Strategy,0,32,3,0,0,50000-100000,0.0,35,0.9142857142857144,32.0,3.49650756146648,3.58351893845611,0.0
200990,Geneforge 3,2005-04-01,1,Spiderweb Software,Spiderweb Software,windows,0,Single-player,Strategy;RPG;Indie,RPG;Indie;Strategy,0,26,4,0,0,50000-100000,0.0,30,0.8666666666666667,26.0,3.295836866004329,3.4339872044851463,0.0
201000,Geneforge 4: Rebellion,2006-11-01,1,Spiderweb Software,Spiderweb Software,windows,0,Single-player,Strategy;RPG;Indie,RPG;Indie;Strategy,0,24,2,0,0,50000-100000,0.0,26,0.9230769230769232,24.0,3.218875824868201,3.295836866004329,0.0
201010,Geneforge 5: Overthrow,2008-11-01,1,Spiderweb Software,Spiderweb Software,windows,0,Single-player,Strategy;RPG;Indie,RPG;Indie;Strategy,0,60,6,0,0,100000-200000,0.0,66,0.9090909090909092,60.0,4.110873864173311,4.204692619390966,0.0
201070,Revelations 2012,2012-04-23,1,Dark Artz Entertainment,Dark Artz Entertainment,windows,0,Single-player;Multi-player;Co-op;Cross-Platform Multiplayer;Steam Achievements;Partial Controller Support;Steam Cloud;Valve Anti-Cheat enabled;Stats,Action;Indie;Strategy,Action;Indie;Strategy,47,188,133,8,8,20000-50000,0.0,321,0.5856697819314641,188.0,5.241747015059643,5.7745515455444085,2.19722457733622
201210,Pox Nora,2014-10-15,1,Desert Owl Games LLC,Desert Owl Games LLC,windows;mac,0,Single-player;Multi-player;Steam Trading Cards,Free to Play;RPG;Strategy,Free to Play;Strategy;RPG,0,384,148,2,2,200000-500000,0.0,532,0.7218045112781954,384.0,5.953243334287785,6.278521424165844,1.0986122886681098
201230,EverQuest II,2011-12-07,1,Daybreak Game Company,Daybreak Game Company,windows,0,Multi-player;MMO,Free to Play;Massively Multiplayer;RPG,Free to Play;RPG;Massively Multiplayer,0,846,319,548,604,500000-1000000,0.0,1165,0.7261802575107296,846.0,6.741700694652055,7.061334366910438,6.3080984415095305
203290,America's Army: Proving Grounds,2013-08-01,1,U.S. Army,U.S. Army,windows,0,Single-player;Multi-player;Steam Achievements;Steam Trading Cards;Steam Workshop;Partial Controller Support;Steam Cloud;Stats;Steam Leaderboards;Includes level editor,Action;Free to Play,Free to Play;FPS;Action,98,6413,1902,89,24,2000000-5000000,0.0,8315,0.7712567648827421,6413.0,8.7662383802531,9.025936648977904,4.499809670330265
204300,Awesomenauts - the 2D moba,2012-08-01,1,Ronimo Games,Ronimo Games,windows;mac;linux,0,Single-player;Multi-player;Co-op;Shared/Split Screen;Steam Achievements;Full controller support;Steam Trading Cards;Steam Workshop;Steam Cloud;Valve Anti-Cheat enabled;Steam Leaderboards;Includes level editor,Action;Free to Play;Indie;Strategy,MOBA;Multiplayer;Platformer,59,20770,3678,999,490,2000000-5000000,0.0,24448,0.8495582460732984,20770.0,9.941313062076109,10.104344594271096,6.907755278982137
205710,EverQuest,2012-12-13,1,Daybreak Game Company,Daybreak Game Company,windows,0,MMO,Free to Play;Massively Multiplayer;RPG,Free to Play;RPG;Massively Multiplayer,0,598,219,20,20,500000-1000000,0.0,817,0.7319461444308446,598.0,6.395261598115449,6.706862336602747,3.044522437723423
206020,Avernum 4,2012-05-11,1,Spiderweb Software,Spiderweb Software,windows,0,Single-player,RPG;Indie,RPG;Indie;Isometric,0,55,10,0,0,50000-100000,0.0,65,0.8461538461538461,55.0,4.02535169073515,4.189654742026425,0.0
206210,Gotham City Impostors Free to Play,2012-08-30,1,"Monolith Productions, Inc.",Warner Bros. Interactive Entertainment,windows,0,Multi-player;Steam Achievements;Steam Trading Cards;Steam Cloud;Stats;Steam Leaderboards,Action;Free to Play,Free to Play;Action;Multiplayer,412,9269,1773,120,107,2000000-5000000,0.0,11042,0.8394312624524543,9269.0,9.1345386585599,9.30955202204713,4.795790545596741
206480,Dungeons & Dragons Online®,2012-06-25,1,"Standing Stone Games, LLC","Standing Stone Games, LLC",windows;mac,0,MMO,Action;Adventure;Free to Play;Massively Multiplayer;RPG,Free to Play;RPG;MMORPG,0,1718,696,557,804,500000-1000000,0.0,2414,0.7116818558409279,1718.0,7.449498005382849,7.789454566086673,6.324358962381311
206500,AirMech Strike,2018-03-30,1,Carbon Games,Carbon Games,windows,0,Single-player;Multi-player;Online Multi-Player;Co-op;Online Co-op;Steam Achievements;Steam Trading Cards;In-App Purchases;Partial Controller Support;Stats;Steam Leaderboards,Action;Free to Play;Indie;Strategy,Free to Play;Strategy;Multiplayer,91,7640,1440,441,172,1000000-2000000,0.0,9080,0.8414096916299559,7640.0,8.941283763647567,9.113939597689829,6.091309882077698
207230,ArcheBlade™,2014-04-25,1,CodeBrush Games,Codebrush Games,windows,0,Multi-player;Co-op;Steam Achievements;Steam Trading Cards;Steam Cloud;Stats;Steam Leaderboards,Action;Free to Play;Indie,Free to Play;Anime;Action,77,5642,2086,640,101,2000000-5000000,0.0,7728,0.730072463768116,5642.0,8.63817111796914,8.952734767106872,6.46302945692067
208140,Endless Space® - Collection,2012-07-04,1,AMPLITUDE Studios,SEGA,windows;mac,0,Single-player;Multi-player;Online Multi-Player;Cross-Platform Multiplayer;Steam Achievements;Steam Trading Cards;Steam Cloud,Strategy,Strategy;4X;Space,93,5708,1417,1102,352,1000000-2000000,0.0,7125,0.8011228070175439,5708.0,8.64979915596426,8.871505346165781,7.005789019253503
209000,Batman™: Arkham Origins,2013-10-24,1,WB Games Montreal;Splash Damage,Warner Bros. Interactive Entertainment,windows,16,Single-player;Steam Achievements;Full controller support;Steam Trading Cards;Steam Cloud;Steam Leaderboards,Action;Adventure,Action;Batman;Open World,60,20365,3519,538,443,2000000-5000000,0.0,23884,0.8526628705409479,20365.0,9.92162212273161,10.081005925824062,6.289715570908998
209330,A Valley Without Wind,2012-04-24,1,"Arcen Games, LLC","Arcen Games, LLC",windows;mac;linux,0,Single-player;Multi-player;Co-op;Cross-Platform Multiplayer;Steam Achievements;Steam Trading Cards;Partial Controller Support,Action;Adventure;Indie,Platformer;Action;Indie,98,272,186,84,84,200000-500000,0.0,458,0.5938864628820961,272.0,5.60947179518496,6.129050210060545,4.442651256490317
211500,RaceRoom Racing Experience,2013-02-12,1,Sector3 Studios,Sector3 Studios;RaceRoom Entertainment AG,windows,0,Single-player;Multi-player;Steam Trading Cards;In-App Purchases;Partial Controller Support,Free to Play;Racing;Simulation;Sports,Racing;Free to Play;Multiplayer,0,5204,3571,81,42,2000000-5000000,0.0,8775,0.593048433048433,5204.0,8.557374981049069,9.079776001955066,4.406719247264253
212070,Star Conflict,2013-02-27,1,Star Gem Inc.,Gaijin Entertainment,windows;mac;linux,0,Multi-player;MMO;Co-op;Steam Achievements;Steam Trading Cards;VR Support;Partial Controller Support,Action;Free to Play;Massively Multiplayer;Simulation,Free to Play;Space;Action,213,8647,2796,4623,113,2000000-5000000,0.0,11443,0.755658481167526,8647.0,9.065083359319043,9.345220854170002,8.439015410352214
212160,Vindictus,2012-06-22,1,devCAT,NEXON Korea Corp. & NEXON America Inc.,windows,0,Single-player;Multi-player;MMO;Co-op;Partial Controller Support,Action;Adventure;Free to Play;Massively Multiplayer;RPG,Free to Play;Action;Hack and Slash,0,3646,1460,408,249,1000000-2000000,0.0,5106,0.7140618879749314,3646.0,8.20166019080868,8.538367426647644,6.013715156042802
212390,Continent of the Ninth Seal,2012-09-13,1,Cloud 9 Studio,Webzen,windows,0,Multi-player;MMO,Action;Free to Play;Massively Multiplayer;RPG,Free to Play;RPG;Massively Multiplayer,0,892,334,48,48,500000-1000000,0.0,1226,0.7275693311582382,892.0,6.794586580876499,7.112327444710911,3.8918202981106265
212500,The Lord of the Rings Online™,2012-06-06,1,"Standing Stone Games, LLC","Standing Stone Games, LLC",windows;mac,0,MMO,Free to Play;Massively Multiplayer;RPG,Free to Play;MMORPG;Massively Multiplayer,0,6860,1644,892,300,2000000-5000000,0.0,8504,0.8066792097836313,6860.0,8.833608482690892,9.048409504829962,6.794586580876499
212800,Super Crate Box,2012-08-29,1,Vlambeer,Vlambeer,windows;mac;linux,0,Single-player,Action;Free to Play;Indie,Free to Play;Indie;Platformer,0,5951,702,34,39,1000000-2000000,0.0,6653,0.8944836915677138,5951.0,8.691482576512929,8.802973456578423,3.555348061489413
213390,Atooms to Moolecules Demo,2012-04-06,1,BitSits Games,BitSits Games,windows,0,Single-player,Indie;Casual,Indie;Casual,0,9,6,0,0,0-20000,0.0,15,0.6,9.0,2.302585092994046,2.772588722239781,0.0
213650,Dwarfs - F2P,2012-10-18,1,Power of 2,Tripwire Interactive,windows;mac,0,Single-player,Casual;Free to Play;Indie;Strategy,Free to Play;Strategy;Casual,29,1327,225,30,49,500000-1000000,0.0,1552,0.8550257731958762,1327.0,7.191429330036379,7.347943823148687,3.4339872044851463
214420,Gear Up,2015-01-28,1,Doctor Entertainment AB,Doctor Entertainment AB,windows;mac;linux,0,Multi-player;Cross-Platform Multiplayer;Steam Achievements;Steam Trading Cards;Partial Controller Support;Steam Cloud;Steam Leaderboards,Action;Free to Play;Indie,Free to Play;Multiplayer;Robots,27,6383,2225,139,39,2000000-5000000,0.0,8608,0.7415195167286245,6383.0,8.761550139129644,9.060563446657955,4.941642422609304
215080,WAKFU,2014-09-18,1,Ankama Studio,Ankama Games,windows;mac;linux,0,Multi-player;MMO;Steam Achievements;Steam Trading Cards,Adventure;Free to Play;Massively Multiplayer;RPG;Strategy,Free to Play;Massively Multiplayer;Turn-Based Strategy,146,4413,1335,2258,1086,1000000-2000000,0.0,5748,0.7677453027139874,4413.0,8.392536586816682,8.656781205623291,7.7226775164680035
215280,Secret World Legends,2017-07-31,1,Funcom,Funcom,windows,0,Multi-player;Online Multi-Player;MMO;Online Co-op;Steam Trading Cards,Action;Adventure;Free to Play;Massively Multiplayer;RPG,MMORPG;Massively Multiplayer;RPG,0,4420,2106,645,408,1000000-2000000,0.0,6526,0.6772908366533864,4420.0,8.394121193826242,8.783702698635217,6.470799503782602
215830,Closers,2018-02-06,1,Naddic Games,En Masse Entertainment,windows,0,Single-player;Multi-player;Online Multi-Player;MMO;Co-op;Online Co-op;Steam Trading Cards;In-App Purchases;Partial Controller Support,Action;Free to Play;Massively Multiplayer;RPG,Anime;Free to Play;Massively Multiplayer,0,2061,734,194,283,500000-1000000,0.0,2795,0.7373881932021467,2061.0,7.631431664576906,7.935945103353701,5.272999558563747
215870,Dungeon-Party,2013-03-13,1,Cyanide Studio,Bigben Interactive,windows,0,Multi-player,Free to Play;Massively Multiplayer,Free to Play;Massively Multiplayer;Multiplayer,20,154,231,1,1,200000-500000,0.0,385,0.4,154.0,5.043425116919247,5.955837369464831,0.6931471805599453
216150,MapleStory,2012-08-09,1,Nexon,Nexon America Inc.,windows,0,Single-player;Multi-player;MMO;Co-op;Steam Trading Cards,Casual;Free to Play;Massively Multiplayer;RPG,Free to Play;Massively Multiplayer;RPG,0,3629,1711,71,106,1000000-2000000,0.0,5340,0.6795880149812734,3629.0,8.196987927258897,8.58316818033977,4.276666119016055
217750,Age of Conan: Unchained,2013-02-22,1,Funcom,Funcom,windows,0,MMO,Action;Adventure;Free to Play;Massively Multiplayer;RPG,Free to Play;Massively Multiplayer;RPG,0,874,397,148,135,500000-1000000,0.0,1271,0.6876475216365067,874.0,6.774223886357614,7.148345743900068,5.003946305945459
218230,PlanetSide 2,2012-11-20,1,Daybreak Game Company,Daybreak Game Company,windows,0,Multi-player;MMO;Steam Trading Cards,Action;Free to Play;Massively Multiplayer,Free to Play;Massively Multiplayer;FPS,0,35968,7753,1051,150,5000000-10000000,0.0,43721,0.8226710276526155,35968.0,10.490412735357983,10.685606686898335,6.958448393297656
219340,The Banner Saga: Factions,2013-02-25,1,Stoic,Versus Evil,windows;mac,0,Multi-player;Cross-Platform Multiplayer,Free to Play;Indie;RPG;Strategy,Free to Play;Strategy;RPG,42,569,202,95245,190489,200000-500000,0.0,771,0.7380025940337225,569.0,6.345636360828596,6.648984550024776,11.464218297356489
219700,Dogs of War Online,2014-02-04,1,Cyanide Studio,Bigben Interactive,windows,0,Multi-player;Steam Trading Cards,Free to Play;Strategy,Free to Play;Strategy;Turn-Based Strategy,10,447,250,29,29,200000-500000,0.0,697,0.6413199426111909,447.0,6.104793232414985,6.548219102762372,3.4011973816621555
219830,King Arthur's Gold,2013-11-05,1,Transhuman Design,Transhuman Design,windows;mac;linux,0,Single-player;Multi-player;Online Multi-Player;Co-op;Online Co-op;Cross-Platform Multiplayer;Steam Achievements;Steam Trading Cards;Partial Controller Support;Includes level editor,Action;Free to Play;Indie,Action;Multiplayer;2D,64,3127,643,384,378,200000-500000,0.0,3770,0.8294429708222811,3127.0,8.048149101665201,8.235095497258357,5.953243334287785
222500,Rail Adventures - VR Tech Demo,2016-08-25,1,exosyphen studios,exosyphen studios,windows,0,Single-player;Partial Controller Support,Action;Free to Play;Indie;Racing,Free to Play;Action;Racing,0,16,17,0,0,20000-50000,0.0,33,0.4848484848484848,16.0,2.833213344056216,3.5263605246161616,0.0
222520,Champions of Regnum,2013-02-27,1,NGD Studios,NGD Studios,windows;mac;linux,0,MMO;Cross-Platform Multiplayer,Free to Play;Indie;Massively Multiplayer;RPG,Free to Play;RPG;Massively Multiplayer,0,514,322,43,43,200000-500000,0.0,836,0.6148325358851675,514.0,6.244166900663736,6.729824070489475,3.784189633918261
223710,Cry of Fear,2013-04-25,1,Team Psykskallar,Team Psykskallar,windows,0,Single-player;Co-op;Steam Cloud;Valve Anti-Cheat enabled,Action;Adventure;Indie,Horror;Free to Play;Co-op,0,20990,3497,3830,74,2000000-5000000,0.0,24487,0.8571895291379099,20990.0,9.951849053414008,10.105938480625248,8.25088114470065
223750,DCS World Steam Edition,2013-08-02,1,Eagle Dynamics SA,The Fighter Collection,windows,0,Single-player;Multi-player;Captions available;VR Support;Partial Controller Support;Includes level editor,Free to Play;Simulation,Simulation;Flight;Free to Play,0,5083,1534,2343,3454,2000000-5000000,0.0,6617,0.768172888015717,5083.0,8.533853632309345,8.797548488481558,7.759614150696903
224000,Project Eagle: A 3D Interactive Mars Base,2018-11-27,1,Blackbird Interactive,Blackbird Interactive,windows,0,Single-player;Steam Achievements,Free to Play;Simulation,Free to Play;Simulation;Mars,6,269,91,0,0,100000-200000,0.0,360,0.7472222222222222,269.0,5.598421958998375,5.8888779583328805,0.0
224260,No More Room in Hell,2013-10-31,1,No More Room in Hell Team,Lever Games,windows;mac;linux,0,Multi-player;Co-op;Cross-Platform Multiplayer;Steam Achievements;Captions available;VR Support;Partial Controller Support;Valve Anti-Cheat enabled;Includes level editor;Includes Source SDK,Action;Free to Play;Indie,Free to Play;Zombies;Survival,107,48190,5747,2661,180,5000000-10000000,0.0,53937,0.8934497654671191,48190.0,10.782927560612269,10.89559051777123,7.886832998955056
224600,Defiance,2014-06-04,1,Trion Worlds,Trion Worlds,windows,18,Multi-player;MMO;Co-op;Steam Trading Cards;Partial Controller Support,Action;Free to Play;Massively Multiplayer;RPG,Free to Play;Action;Open World,0,9150,2808,953,324,2000000-5000000,0.0,11958,0.7651781234320121,9150.0,9.12161844191538,9.389239411968807,6.860663671448287
225600,Blade Symphony,2014-05-07,1,Puny Human,Puny Human,windows;mac;linux,0,Multi-player;Online Multi-Player;Local Multi-Player;Cross-Platform Multiplayer;Steam Achievements;Steam Trading Cards;Steam Workshop;In-App Purchases;Partial Controller Support;Steam Cloud;Stats;Includes level editor;Includes Source SDK,Action;Indie,Fighting;Action;Multiplayer,26,3129,1537,413,370,200000-500000,0.0,4666,0.6705957993999143,3129.0,8.048788283534199,8.448271745949816,6.025865973825314
225840,Sven Co-op,2016-01-22,1,Sven Co-op Team,Sven Co-op Team,windows,18,Multi-player;Online Multi-Player;Local Multi-Player;Co-op;Online Co-op;Local Co-op;Partial Controller Support;Steam Cloud,Action;Casual;Free to Play;Indie,Free to Play;Multiplayer;Co-op,0,12211,1173,407,56,2000000-5000000,0.0,13384,0.9123580394500896,12211.0,9.410174353854767,9.501889955954454,6.0112671744041615
227220,Sang-Froid - Tales of Werewolves,2013-04-05,1,Artifice Studio,Artifice Studio,windows,0,Single-player;Steam Achievements;Steam Trading Cards,Action;Adventure;Indie;RPG;Strategy,Strategy;Tower Defense;Action,33,1480,209,203,305,200000-500000,0.0,1689,0.8762581409117821,1480.0,7.300472814267799,7.432483807917119,5.318119993844216
227940,Heroes & Generals,2016-10-18,1,RETO MOTO,RETO MOTO,windows,0,Multi-player;Online Multi-Player;MMO;Online Co-op;In-App Purchases,Action;Free to Play;Indie;Massively Multiplayer,Free to Play;World War II;Multiplayer,0,65856,34416,1752,76,10000000-20000000,0.0,100272,0.6567735758736237,65856.0,11.095241003723723,11.515651745288512,7.469083884921234
228200,Company of Heroes,2006-09-11,1,Relic Entertainment,SEGA,windows,0,Single-player;Multi-player;Steam Trading Cards;Steam Workshop;Steam Cloud,Violent;Action;Strategy,Strategy;World War II;RTS,0,2526,287,1475,465,500000-1000000,0.0,2813,0.8979736935655883,2526.0,7.834788107388194,7.942362237674335,7.297091005160418
228320,A Valley Without Wind 2,2013-02-18,1,"Arcen Games, LLC","Arcen Games, LLC",windows;mac;linux,0,Single-player;Multi-player;Co-op;Cross-Platform Multiplayer;Steam Achievements;Partial Controller Support,Action;Adventure;Indie;Strategy,Action;Indie;Strategy,210,94,97,0,0,100000-200000,0.0,191,0.4921465968586387,94.0,4.553876891600541,5.2574953720277815,0.0
230310,Akaneiro: Demon Hunters,2014-11-25,1,Spicy Horse,Spicy Horse,windows;mac;linux,0,Single-player;Steam Trading Cards,Action;Free to Play;Indie;RPG,RPG;Action;Indie,41,114,207,0,0,50000-100000,0.0,321,0.3551401869158878,114.0,4.74493212836325,5.7745515455444085,0.0
230410,Warframe,2013-03-25,1,Digital Extremes,Digital Extremes,windows,16,Single-player;Multi-player;Co-op;Steam Trading Cards;In-App Purchases;Partial Controller Support,Action;Free to Play,Free to Play;Action;Co-op,187,226541,20268,5845,394,20000000-50000000,0.0,246809,0.9178798179969124,226541.0,12.330685637178698,12.416374088831086,8.673512945671192
233510,Lunnye Devitsy,2009-07-01,1,Boss Baddie,Boss Baddie,windows,0,Single-player;Full controller support;Steam Trading Cards,Casual;Indie,Indie;Casual;Platformer,10,103,52,82,82,20000-50000,0.0,155,0.6645161290322581,103.0,4.6443908991413725,5.049856007249537,4.418840607796598
234330,MARVEL Puzzle Quest,2013-12-05,1,Demiurge Studios,D3 Go!,windows,0,Single-player;Online Multi-Player;Cross-Platform Multiplayer,Casual;Free to Play;RPG,Free to Play;Puzzle;Match 3,0,2341,1051,0,0,200000-500000,0.0,3392,0.6901533018867925,2341.0,7.758760544157663,8.129469764784231,0.0
234820,Driver Fusion - The Best Driver & Device Solution,2013-05-06,1,Treexy,Treexy,windows,0,Steam Achievements;Steam Cloud;Stats,Education;Software Training;Utilities;Web Publishing,Utilities;Education;Web Publishing,12,184,88,0,0,0-20000,0.0,272,0.6764705882352942,184.0,5.220355825078324,5.60947179518496,0.0
235340,Prime World,2014-03-31,1,Nival,Nival,windows,0,Multi-player;MMO;Co-op;Steam Trading Cards,Action;Free to Play;Massively Multiplayer;RPG,Free to Play;MOBA;Strategy,0,1954,1378,28,33,500000-1000000,0.0,3332,0.5864345738295318,1954.0,7.578145472419466,8.11162807830774,3.367295829986474
235400,King’s Bounty: Legions,2013-12-10,1,Nival,Nival,windows,0,Single-player;Multi-player;Cross-Platform Multiplayer,Adventure;Free to Play;Indie;Massively Multiplayer;RPG;Strategy,Free to Play;Strategy;RPG,0,617,577,19,19,200000-500000,0.0,1194,0.516750418760469,617.0,6.42648845745769,7.085901464365611,2.995732273553991
236110,Dungeon Defenders II,2017-06-20,1,Trendy Entertainment,Trendy Entertainment,windows,0,Single-player;Multi-player;Online Multi-Player;Co-op;Online Co-op;Steam Achievements;Steam Trading Cards;Partial Controller Support,Action;Free to Play;Indie;RPG;Strategy,Free to Play;Tower Defense;Multiplayer,18,10766,3802,523,217,2000000-5000000,0.0,14568,0.7390170236133993,10766.0,9.284241179815718,9.586651262653996,6.261491684321042
236390,War Thunder,2013-08-15,1,Gaijin Entertainment,Gaijin Entertainment,windows;mac;linux,0,Single-player;MMO;Co-op;Cross-Platform Multiplayer;Steam Achievements;In-App Purchases;Partial Controller Support,Action;Free to Play;Massively Multiplayer;Simulation,Free to Play;World War II;Multiplayer,46,83852,22166,4200,297,10000000-20000000,0.0,106018,0.7909222962138505,83852.0,11.336820544786644,11.571373602314706,8.343077871169383
237310,Elsword,2014-07-02,1,KOG,KOG Games,windows,0,Single-player;Multi-player;MMO;Co-op,Action;Adventure;Casual;Free to Play;Massively Multiplayer;RPG,Free to Play;Anime;RPG,0,4755,1511,796,54,1000000-2000000,0.0,6266,0.7588573252473667,4755.0,8.467162257810672,8.743053050224676,6.680854678790215
238260,Pinball Arcade,2013-11-04,1,FarSight Studios,FarSight Studios,windows;mac,0,Single-player;Multi-player;Steam Achievements;Steam Trading Cards;Partial Controller Support,Free to Play;Simulation,Pinball;Simulation;Free to Play,300,2175,812,6,6,500000-1000000,0.0,2987,0.7281553398058253,2175.0,7.685243607975833,8.002359546252707,1.9459101490553128
238960,Path of Exile,2013-10-23,1,Grinding Gear Games,Grinding Gear Games,windows,0,Single-player;Multi-player;Online Multi-Player;MMO;Co-op;Steam Achievements;Steam Trading Cards;In-App Purchases,Action;Adventure;Free to Play;Indie;Massively Multiplayer;RPG,Free to Play;Action RPG;Hack and Slash,120,71593,6117,5263,492,10000000-20000000,0.0,77710,0.9212842619997428,71593.0,11.178766550554732,11.2607520964772,8.568646473005153
240320,Panzar,2013-11-25,1,Panzar Studio,OVALIS INVESTMENTS LIMITED,windows,0,Multi-player;Online Multi-Player;MMO;Online Co-op;Steam Trading Cards;Partial Controller Support,Action;Free to Play;Massively Multiplayer;RPG,Free to Play;Action;Multiplayer,0,2987,1609,2218,1617,1000000-2000000,0.0,4596,0.6499129677980853,2987.0,8.002359546252707,8.433159195806228,7.704811922932594
242720,GunZ 2: The Second Duel,2014-05-01,1,"Masangsoft, Inc.","Masangsoft, Inc.",windows,0,Multi-player;Co-op;Steam Achievements;Steam Trading Cards;Captions available,Action;Free to Play;Indie,Free to Play;Action;Multiplayer,183,6865,3424,450,254,2000000-5000000,0.0,10289,0.6672174166585674,6865.0,8.834336974017637,9.238927828828094,6.111467339502679
244050,Rise of Flight United,2013-09-05,1,777 Studios,1C-777,windows,0,Single-player;Multi-player;Co-op;Steam Achievements;Partial Controller Support;Stats,Free to Play;Simulation,Simulation;Flight;World War I,89,736,668,37,37,200000-500000,0.0,1404,0.5242165242165242,736.0,6.602587892189336,7.247792581767846,3.6375861597263857
244590,Epigenesis,2014-08-01,1,Dead Shark Triplepunch,Dead Shark Triplepunch,windows,0,Single-player;Multi-player;Steam Achievements;Steam Trading Cards;Steam Cloud,Action;Indie;Sports,Action;Sports;Indie,11,807,418,139,158,200000-500000,0.0,1225,0.6587755102040816,807.0,6.694562058521095,7.111512116496157,4.941642422609304
244930,SNOW,2019-02-14,1,Poppermost Productions;WastedStudios,Crytek,windows,0,Single-player;Multi-player;Online Multi-Player;Cross-Platform Multiplayer;Steam Achievements;Full controller support;Steam Trading Cards;VR Support;In-App Purchases;Steam Cloud;Steam Leaderboards,Free to Play;Indie;Simulation;Sports,Sports;Free to Play;Multiplayer,33,7235,3754,8180,64,1000000-2000000,0.0,10989,0.6583856583856584,7235.000000000001,8.886823846515187,9.304741047397666,9.0095696715137
245410,Wizardry 6: Bane of the Cosmic Forge,2013-09-10,1,Sir-Tech,"Gamepot, Inc.;Nightdive Studios",windows;mac;linux,0,Single-player,Adventure;RPG,RPG;Adventure;First-Person,0,82,36,0,0,50000-100000,0.0,118,0.6949152542372882,82.0,4.418840607796598,4.77912349311153,0.0
245430,Wizardry 7: Crusaders of the Dark Savant,2013-09-10,1,Sir-Tech,"Gamepot, Inc.;Nightdive Studios",windows;mac;linux,0,Single-player,Adventure;RPG,RPG;Adventure;Classic,0,71,23,0,0,50000-100000,0.0,94,0.7553191489361702,71.0,4.276666119016055,4.553876891600541,0.0
246820,Jeklynn Heights,2016-05-25,1,"Vex Studios, LLC","Vex Studios, LLC",windows,0,Multi-player,Action;Adventure;Casual;Indie;Early Access,Early Access;Action;Adventure,0,14,4,0,0,0-20000,0.0,18,0.7777777777777778,14.0,2.70805020110221,2.9444389791664403,0.0
248570,Toribash,2014-05-16,1,Nabi Studios,"Nicalis, Inc.",windows;mac;linux,0,Single-player;Cross-Platform Multiplayer;Steam Achievements;Steam Trading Cards;In-App Purchases;Steam Cloud;Includes level editor,Action;Free to Play;Indie;Strategy,Free to Play;Fighting;Multiplayer,24,11143,1563,130,42,2000000-5000000,0.0,12706,0.8769872501180545,11143.0,9.318656515459642,9.449908301704534,4.875197323201151
250420,8BitMMO,2015-01-26,1,Archive Entertainment,Archive Entertainment,windows;mac;linux,0,MMO;Steam Achievements;Steam Trading Cards;Includes level editor,Action;Adventure;Free to Play;Indie;Massively Multiplayer;RPG,Free to Play;Massively Multiplayer;Pixel Graphics,24,2822,1972,31,31,500000-1000000,0.0,4794,0.5886524822695035,2822.0,7.945555428253489,8.475328987317539,3.4657359027997265
250600,The Plan,2014-02-14,1,Krillbite Studio,Krillbite Studio,windows;mac;linux,0,Single-player;Steam Achievements;Partial Controller Support,Casual;Free to Play;Indie,Free to Play;Indie;Atmospheric,1,19476,1644,8,11,500000-1000000,0.0,21120,0.9221590909090908,19476.0,9.8769895612299,9.95802308518414,2.19722457733622
251450,Heroes of Havoc: Idle Adventures,2016-12-15,1,Kiz Studios,Kiz Studios,windows;mac,0,Single-player;Multi-player;Online Multi-Player;In-App Purchases,Free to Play;RPG,Free to Play;RPG;Clicker,15,76,114,0,0,50000-100000,0.0,190,0.4,76.0,4.343805421853684,5.25227342804663,0.0
251950,WWII Online,2017-09-05,1,Cornered Rat Software,Cornered Rat Software,windows;mac,0,Single-player;Online Multi-Player;MMO;Online Co-op,Action;Free to Play;Indie;Massively Multiplayer;RPG;Simulation;Strategy;Early Access,Early Access;World War II;Free to Play,0,905,1300,10,10,200000-500000,0.0,2205,0.4104308390022675,905.0,6.80903930604298,7.698936199813447,2.3978952727983707
253490,CABAL Online,2016-02-17,1,ESTgames Corp.,ESTsoft Inc.,windows,0,Multi-player;MMO,Action;Free to Play;Massively Multiplayer;RPG,Free to Play;Massively Multiplayer;MMORPG,0,495,277,3,3,200000-500000,0.0,772,0.6411917098445595,495.0,6.206575926724927,6.650279048587422,1.3862943611198906
253510,WARMACHINE: Tactics,2014-11-20,1,WhiteMoon Dreams,Privateer Press Interactive,windows,0,Single-player;Multi-player;Cross-Platform Multiplayer;Steam Achievements;Steam Trading Cards;Partial Controller Support;Steam Leaderboards,Indie;Strategy,Strategy;Turn-Based;Turn-Based Strategy,121,459,560,273,273,100000-200000,0.0,1019,0.450441609421001,459.0,6.131226489483141,6.927557906278317,5.613128106388071
253710,theHunter Classic,2014-06-03,1,Expansive Worlds;Avalanche Studios,Expansive Worlds;Avalanche Studios,windows,0,Single-player;Multi-player;Co-op;Steam Achievements,Action;Adventure;Free to Play;Simulation;Sports,Free to Play;Hunting;Multiplayer,159,11440,15403,163,29,5000000-10000000,0.0,26843,0.4261818723689602,11440.0,9.344958673700944,10.19779761127813,5.099866427824199
254300,Dofus,2016-11-15,1,Ankama Studio,Ankama Games,windows,0,Multi-player;Online Multi-Player;MMO;Co-op;Online Co-op;In-App Purchases,Adventure;Massively Multiplayer;RPG;Strategy,Massively Multiplayer;Strategy;RPG,1448,264,102,244,244,50000-100000,0.0,366,0.7213114754098361,264.0,5.579729825986222,5.905361848054571,5.501258210544727
257710,Max Gentlemen,2014-08-21,1,The Men Who Wear Many Hats,The Men Who Wear Many Hats,windows;mac;linux,0,Single-player;Cross-Platform Multiplayer;Full controller support,Casual;Free to Play;Indie,Free to Play;Indie;Casual,0,805,117,49,63,100000-200000,0.0,922,0.8731019522776573,805.0,6.692083742506628,6.827629234502852,3.912023005428146
257730,Infinity Wars: Animated Trading Card Game,2014-09-05,1,Lightmare Studios,Lightmare Studios;Yodo1 Games,windows;mac,0,Single-player;Multi-player;Online Multi-Player;MMO;Cross-Platform Multiplayer;In-App Purchases,Free to Play;Indie;Massively Multiplayer;Strategy,Free to Play;Trading Card Game;Card Game,0,2619,690,153,170,500000-1000000,0.0,3309,0.7914777878513146,2619.0,7.8709295967551425,8.104703468371108,5.0369526024136295
259020,Dragon's Prophet,2013-09-18,1,Runewaker,Infernum Productions AG,windows,0,MMO,Action;Free to Play;Massively Multiplayer;RPG,Free to Play;Dragons;Massively Multiplayer,0,594,267,152,183,200000-500000,0.0,861,0.6898954703832753,594.0,6.38856140554563,6.759255270663693,5.030437921392435
259080,Just Cause 2: Multiplayer Mod,2013-12-16,1,Avalanche Studios,Square Enix,windows,0,Single-player;Multi-player;Steam Achievements;Partial Controller Support,Action;Adventure,Open World;Multiplayer;Action,20,12261,1099,431,223,1000000-2000000,0.0,13360,0.917739520958084,12261.0,9.414260328322634,9.500095294588894,6.068425588244111
260410,Get Off My Lawn!,2014-11-11,1,Digital Leisure Inc.,Digital Leisure Inc.,windows;mac,0,Single-player;Steam Achievements;Steam Trading Cards;Steam Leaderboards,Casual;Free to Play;Indie,Free to Play;Casual;Indie,71,1135,397,7,8,200000-500000,0.0,1532,0.7408616187989556,1135.0,7.035268599281097,7.334981878871814,2.079441541679836
260430,The Four Kings Casino and Slots,2015-06-01,1,Digital Leisure Inc.,Digital Leisure Inc.,windows;mac,0,Online Multi-Player;MMO;Steam Achievements;Steam Trading Cards;In-App Purchases;Partial Controller Support;Valve Anti-Cheat enabled,Casual;Free to Play;Massively Multiplayer;Simulation,Massively Multiplayer;Free to Play;Casual,56,2056,948,388,388,200000-500000,0.0,3004,0.6844207723035952,2056.0,7.629003889652957,8.008032846969307,5.963579343618446
262410,World of Guns: Gun Disassembly,2014-05-21,1,Noble Empire Corp.,Noble Empire Corp.,windows;mac;linux,0,Single-player;Steam Achievements;Steam Trading Cards;Steam Workshop;In-App Purchases,Free to Play;Indie;Simulation,Free to Play;Simulation;Shooter,42,11178,2300,99,43,2000000-5000000,0.0,13478,0.8293515358361775,11178.0,9.321792297270326,9.508888197738267,4.605170185988092
263100,9.03m,2013-11-20,1,Space Budgie,Space Budgie,windows,0,Single-player,Indie,Indie;Short;Walking Simulator,0,804,163,17,17,20000-50000,0.0,967,0.8314374353671148,804.0,6.690842277418564,6.875232087276577,2.8903717578961645
263500,Dragons and Titans,2014-03-12,1,Wyrmbyte,Versus Evil	,windows;mac;linux,0,Single-player;Multi-player;Co-op;Cross-Platform Multiplayer;Steam Achievements;Steam Trading Cards;Partial Controller Support,Action;Adventure;Free to Play;Indie;RPG,Free to Play;Dragons;MOBA,52,2428,708,137,68,1000000-2000000,0.0,3136,0.7742346938775511,2428.0,7.795234929002173,8.051022208190679,4.927253685157205
263540,Villagers and Heroes,2014-04-17,1,Mad Otter Games,Mad Otter Games,windows,0,MMO;Steam Trading Cards,Free to Play;Indie;Massively Multiplayer;RPG,Free to Play;Massively Multiplayer;RPG,0,1651,1272,142,130,500000-1000000,0.0,2923,0.5648306534382483,1651.0,7.409741954080923,7.980707820869669,4.962844630259907
264120,Victory: The Age of Racing,2016-02-12,1,Vae Victis Games,Vae Victis Games,windows,0,Single-player;Multi-player;Steam Trading Cards;Partial Controller Support;Stats,Free to Play;Indie;Racing;Simulation;Sports,Racing;Free to Play;Multiplayer,0,492,577,115,128,200000-500000,0.0,1069,0.4602432179607109,492.0,6.20050917404269,6.975413927455952,4.7535901911063645
264380,Narcissu 1st & 2nd,2015-04-24,1,stage-nana,Sekai Project,windows;mac;linux,0,Single-player;Steam Achievements,Indie,Visual Novel;Anime;Free to Play,5,2854,169,5,10,200000-500000,0.0,3023,0.9440952695997352,2854.0,7.956827122090111,8.014335737299424,1.791759469228055
265630,Fistful of Frags,2014-05-09,1,Fistful of Frags Team,Fistful of Frags Team,windows;mac;linux,0,Multi-player;Online Multi-Player;Local Multi-Player;Cross-Platform Multiplayer;Steam Achievements;Steam Workshop;Stats;Steam Leaderboards;Includes level editor;Includes Source SDK,Action;Free to Play;Indie,Free to Play;Multiplayer;FPS,17,23803,2399,3079,86,2000000-5000000,0.0,26202,0.9084421036562096,23803.0,10.077608912764743,10.17362918701092,8.03268487596762
265690,NaissanceE,2014-02-13,1,Limasse Five,Limasse Five,windows,0,Single-player,Adventure;Indie,Exploration;Indie;Adventure,0,1064,305,8,9,100000-200000,0.0,1369,0.7772096420745069,1064.0,6.970730078143525,7.222566018822171,2.19722457733622
265770,Cannons Lasers Rockets,2014-08-25,1,Net Games Laboratory,Net Games Distribution LTD,windows;mac;linux,0,Multi-player;Steam Achievements;Steam Leaderboards,Action;Free to Play;Indie;Massively Multiplayer,Free to Play;Space;Action,6,133,401,1,1,200000-500000,0.0,534,0.249063670411985,133.0,4.897839799950911,6.282266746896006,0.6931471805599453
266030,DRAKERZ-Confrontation,2014-05-19,1,Peoleo Entertainment,Peoleo Entertainment,windows,0,Single-player;Multi-player,Free to Play;Indie;Strategy,Free to Play;Strategy;Card Game,0,130,125,12,12,100000-200000,0.0,255,0.5098039215686274,130.0,4.875197323201151,5.545177444479562,2.5649493574615367
266150,Lost Saga NA,2014-11-25,1,IO Entertainment,Smilegate West,windows,0,Multi-player;Steam Achievements;Steam Trading Cards,Action;Casual;Free to Play,Free to Play;Anime;Action,68,415,281,27,53,200000-500000,0.0,696,0.5962643678160919,415.0,6.030685260261263,6.546785410760524,3.332204510175204
266430,Anarchy Arcade,2014-09-03,1,Elijah Newman-Gomez,Elijah Newman-Gomez,windows,0,Single-player;Multi-player;Steam Achievements;Steam Workshop;Partial Controller Support;Stats;Steam Leaderboards;Includes level editor,Casual;Free to Play;Indie;Early Access,Early Access;Free to Play;Sandbox,27,1581,701,42,25,500000-1000000,0.0,2282,0.6928133216476775,1581.0,7.366445148327599,7.733245646529795,3.7612001156935615
267130,Star Swarm Stress Test,2014-01-30,1,Oxide Games,Stardock Entertainment,windows,0,Single-player,Utilities,Utilities;Benchmark,0,232,27,0,0,200000-500000,0.0,259,0.8957528957528957,232.0,5.4510384535657,5.560681631015528,0.0
268420,Aura Kingdom,2014-07-01,1,X-Legend,Aeria Games,windows,0,MMO;Steam Trading Cards,Adventure;Casual;Free to Play;Massively Multiplayer;RPG,Anime;Free to Play;MMORPG,0,5666,1533,485,92,2000000-5000000,0.0,7199,0.7870537574663148,5666.0,8.64241515616962,8.881836305004146,6.186208623900494
268850,EVGA Precision XOC,2014-07-16,1,EVGA,EVGA,windows,0,Single-player;Steam Achievements,Utilities,Utilities;Software;Free to Play,20,1626,538,382,69,1000000-2000000,0.0,2164,0.7513863216266173,1626.0,7.394493107219038,7.68017564043659,5.948034989180646
270170,Depression Quest,2014-08-11,1,The Quinnspiracy;Patrick Lindsey;Isaac Schankler,The Quinnspiracy,windows;mac;linux,0,Single-player;Full controller support,Free to Play;Indie;RPG;Simulation,Short;Indie;Free to Play,0,2210,1590,18,18,200000-500000,0.0,3800,0.5815789473684211,2210.0,7.701200180857446,8.24301946898925,2.9444389791664403
270550,Yet Another Zombie Defense,2014-03-28,1,Awesome Games Studio,Awesome Games Studio,windows,0,Single-player;Multi-player;Co-op;Shared/Split Screen;Steam Achievements;Full controller support;Steam Trading Cards;Stats;Steam Leaderboards,Action;Casual;Indie;Strategy,Zombies;Survival;Multiplayer,18,9900,1529,192,223,2000000-5000000,0.0,11429,0.8662175168431184,9900.0,9.200391041122517,9.343996756788856,5.262690188904886
271240,Offworld Trading Company - Free Multiplayer,2016-04-28,1,Mohawk Games,Stardock Entertainment,windows;mac,0,Single-player;Multi-player;Online Multi-Player;Co-op;Online Co-op;Cross-Platform Multiplayer;Steam Achievements;Steam Trading Cards;Steam Workshop;Partial Controller Support;Steam Cloud;Stats;Includes level editor,Indie;Simulation;Strategy,Strategy;Economy;RTS,256,2810,966,237,255,500000-1000000,0.0,3776,0.7441737288135594,2810.0,7.941295570906532,8.236685322712457,5.472270673671475
271920,Worlds Adrift Island Creator,2016-04-28,1,Bossa Studios,Bossa Studios,windows,0,Single-player;Steam Workshop;Steam Cloud,Simulation,Free to Play;Simulation;Indie,0,284,48,6,6,200000-500000,0.0,332,0.8554216867469879,284.0,5.652489180268651,5.808142489980444,1.9459101490553128
272060,Serena,2014-01-30,1,Senscape,Senscape,windows;mac;linux,0,Single-player,Adventure;Indie,Horror;Indie;Free to Play,0,4593,1342,15924,6,500000-1000000,0.0,5935,0.7738837405223252,4593.0,8.432506383249043,8.688790784847216,9.675645480440364
273110,Counter-Strike Nexon: Zombies,2014-10-07,1,"Valve Corporation, Nexon Korea Corporation",Nexon Korea Corporation,windows,0,Single-player;Multi-player;MMO;Co-op;Steam Achievements;Steam Trading Cards;Captions available;In-App Purchases,Action;Casual;Free to Play;Massively Multiplayer,Free to Play;Zombies;Multiplayer,65,22130,12127,4047,112,5000000-10000000,0.0,34257,0.645999357795487,22130.0,10.004734619552412,10.441675393057931,8.305978210967302
280790,Creativerse,2017-05-08,1,Playful Corp.,Playful Corp.,windows;mac,0,Single-player;Multi-player;Online Multi-Player;MMO;Co-op;Online Co-op;Steam Trading Cards;Steam Workshop;In-App Purchases,Action;Adventure;Casual;Free to Play;Indie;Massively Multiplayer;RPG;Simulation,Free to Play;Survival;Multiplayer,0,19114,4911,3292,138,2000000-5000000,0.0,24025,0.7955879292403746,19114.0,9.858228646130511,10.08689185628132,8.099554282376364
282660,Easy™ eSports,2015-09-10,1,EasyAntiCheat Ltd,EasyAntiCheat Ltd,windows,0,Multi-player;Cross-Platform Multiplayer,Utilities,Utilities;Free to Play,0,1996,875,128,66,500000-1000000,0.0,2871,0.6952281435040055,1996.0,7.599401333415815,7.962763930168115,4.859812404361672
282880,FaeVerse Alchemy,2014-04-02,1,Subsoap,Subsoap,windows;mac;linux,0,Single-player;Shared/Split Screen;Steam Achievements;Full controller support;Steam Trading Cards;Captions available;Steam Leaderboards,Casual;Indie;Strategy;Early Access,Early Access;Casual;Indie,15,195,96,497,497,50000-100000,0.0,291,0.6701030927835051,195.0,5.278114659230517,5.676753802268282,6.210600077024653
283060,Lucent Heart,2016-02-11,1,Playcoo,Suba Games,windows,0,MMO;Steam Trading Cards,Adventure;Casual;Free to Play;Massively Multiplayer;RPG,Free to Play;Anime;RPG,0,136,146,143,143,100000-200000,0.0,282,0.4822695035460992,136.0,4.919980925828125,5.645446897643238,4.969813299576001
283880,Heroine's Quest: The Herald of Ragnarok,2014-03-20,1,Crystal Shard,Crystal Shard,windows;linux,0,Single-player;Steam Achievements;Steam Trading Cards;Captions available;Steam Cloud;Stats;Steam Leaderboards;Commentary available,Adventure;Free to Play;Indie;RPG,Adventure;RPG;Point & Click,46,875,125,21247,31835,500000-1000000,0.0,1000,0.875,875.0,6.775366090936392,6.90875477931522,9.96401805227616
286100,You Have to Win the Game,2014-05-06,1,Minor Key Games,Minor Key Games,windows;mac;linux,0,Single-player;Steam Achievements;Full controller support;Steam Cloud;Stats,Action;Indie,Free to Play;Retro;Platformer,14,5005,388,12787,114,500000-1000000,0.0,5393,0.9280548859632858,5005.0,8.518392471991719,8.593042503699674,9.456262510179732
286940,S.K.I.L.L. - Special Force 2 (Shooter),2015-05-19,1,"Dragonfly GF Co., LTD",Gameforge 4D GmbH,windows,0,Single-player;Multi-player;Online Multi-Player;MMO;Co-op;Online Co-op;Steam Trading Cards;In-App Purchases,Action;Adventure;Free to Play;Sports;Strategy,Free to Play;Action;Shooter,0,7344,3553,934,297,2000000-5000000,0.0,10897,0.6739469578783152,7344.0,8.901775088607979,9.296334565143043,6.840546529288687
287920,Mortal Online,2015-08-31,1,Star Vault AB,Star Vault AB,windows,0,MMO;Steam Achievements;Steam Trading Cards;Steam Cloud;Stats;Steam Turn Notifications,Action;Free to Play;Indie;Massively Multiplayer;RPG,Free to Play;Open World;Massively Multiplayer,49,1362,1326,106,118,500000-1000000,0.0,2688,0.5066964285714286,1362.0,7.217443431696533,7.896924656268864,4.672828834461906
290060,Glitchspace,2016-05-05,1,Space Budgie,Space Budgie,windows;mac;linux,0,Single-player;VR Support,Adventure;Indie,Indie;Programming;Adventure,0,214,72,0,0,0-20000,0.0,286,0.7482517482517482,214.0,5.3706380281276624,5.659482215759621,0.0
290470,Onigiri,2019-03-28,1,"CyberStep, Inc.","CyberStep, Inc.",windows,0,MMO;In-App Purchases;Partial Controller Support,Action;Free to Play;RPG,Free to Play;RPG;Action,0,129,76,0,0,50000-100000,0.0,205,0.6292682926829268,129.0,4.867534450455582,5.327876168789581,0.0
290730,My Lands: Black Gem Hunting,2014-09-16,1,Gravvit Ltd;Forbes  Consult Ltd,ELYLAND  INVESTMENT COMPANY Ltd,windows,0,Multi-player;MMO;Co-op;Steam Achievements,Casual;Free to Play;Indie;Massively Multiplayer;Strategy,Strategy;Free to Play;RTS,36,2770,480,4,4,200000-500000,0.0,3250,0.8523076923076923,2770.0,7.926963544862978,8.086717920303906,1.6094379124341005
291410,Duelyst,2016-08-23,1,Counterplay Games Inc.,BANDAI NAMCO Entertainment America,windows;mac,0,Single-player;Multi-player;Online Multi-Player;Cross-Platform Multiplayer;Steam Achievements;Steam Trading Cards;In-App Purchases,Free to Play;Indie;Strategy,Free to Play;Card Game;Strategy,10,3469,794,14620,28847,500000-1000000,0.0,4263,0.8137461881304245,3469.0,8.151909872940905,8.357962965845681,9.590214130417438
291480,Warface,2014-07-01,1,My.com,My.com,windows,16,Multi-player;Online Multi-Player;MMO;Co-op;Online Co-op;Steam Achievements;Steam Trading Cards;In-App Purchases,Action;Free to Play;Massively Multiplayer,Free to Play;FPS;Multiplayer,30,32751,14409,949,104,10000000-20000000,0.0,47160,0.6944656488549619,32751.0,10.396719307901073,10.761322558837014,6.856461984594587
291550,Brawlhalla,2017-10-17,1,Blue Mammoth Games,Ubisoft,windows;mac,0,Single-player;Multi-player;Online Multi-Player;Local Multi-Player;Co-op;Online Co-op;Local Co-op;Shared/Split Screen;Cross-Platform Multiplayer;Steam Achievements;Full controller support;Steam Trading Cards,Action;Free to Play;Indie,Free to Play;Multiplayer;Fighting,39,73268,14489,724,146,10000000-20000000,0.0,87757,0.8348963615438084,73268.0,11.201892878910195,11.382338305263724,6.586171654854675
293200,Sentinel,2014-04-22,1,Matthew Brown,Matthew Brown,windows;mac;linux,0,Single-player;Steam Achievements,Indie;Strategy,Indie;Strategy;Tower Defense,7,43,27,0,0,20000-50000,0.0,70,0.6142857142857143,43.0,3.784189633918261,4.262679877041316,0.0
293260,Card Hunter,2015-07-13,1,Blue Manchu,Blue Manchu,windows;mac,0,Single-player;Multi-player;Co-op;Cross-Platform Multiplayer;Steam Achievements;Steam Trading Cards;Captions available;Includes level editor,Free to Play;RPG;Strategy,Free to Play;Card Game;Board Game,50,3146,499,655,1185,500000-1000000,0.0,3645,0.8631001371742113,3146.0,8.054204897064407,8.201385955238608,6.486160788944089
293540,Guns and Robots,2014-08-04,1,Masthead Studios Ltd,Masthead Studios Ltd;Thegamewallstudios;Gamigo AG,windows,0,Multi-player;MMO;Steam Achievements,Action;Free to Play;Indie;Massively Multiplayer;RPG,Free to Play;Action;Robots,69,1129,606,137,62,1000000-2000000,0.0,1735,0.6507204610951008,1129.0,7.029972911706386,7.459338895220296,4.927253685157205
294160,Galcon 2: Galactic Conquest,2014-12-05,1,"Hassey Enterprises, Inc.","Hassey Enterprises, Inc.",windows;mac;linux,0,Multi-player;Co-op;Cross-Platform Multiplayer;Steam Achievements;Steam Cloud,Free to Play;Indie;Strategy,Free to Play;Strategy;Indie,10,656,118,16,20,200000-500000,0.0,774,0.8475452196382429,656.0,6.48768401848461,6.652863029353347,2.833213344056216
295550,Royal Quest,2014-08-06,1,Katauri,1C Online Games,windows,0,MMO;Steam Achievements;Steam Trading Cards,Free to Play;Massively Multiplayer;RPG,Free to Play;Massively Multiplayer;RPG,323,833,386,2,2,500000-1000000,0.0,1219,0.6833470057424118,833.0,6.726233402358747,7.106606137727303,1.0986122886681098
295710,Darkwind: War on Wheels,2014-08-22,1,Psychic Games Ltd.,Psychic Games Ltd.,windows;mac,0,MMO;Cross-Platform Multiplayer;In-App Purchases,Free to Play;Indie;Massively Multiplayer;Racing;RPG;Strategy,Free to Play;Racing;Massively Multiplayer,0,187,240,28,28,200000-500000,0.0,427,0.4379391100702576,187.0,5.236441962829949,6.059123195581797,3.367295829986474
296210,Brigade E5: New Jagged Union,2014-04-30,1,Apeiron,1C Entertainment,windows,0,Single-player;Steam Cloud,Simulation;Strategy,Strategy;Simulation;Tactical,0,42,21,0,0,0-20000,0.0,63,0.6666666666666666,42.0,3.7612001156935615,4.158883083359672,0.0
296630,Kraven Manor,2014-09-26,1,Demon Wagon Studios,Demon Wagon Studios,windows,0,Single-player;Steam Achievements;Captions available;Steam Cloud,Action;Adventure;Free to Play;Indie,Adventure;Horror;Indie,11,318,119,1,2,100000-200000,0.0,437,0.7276887871853547,318.0,5.765191102784844,6.082218910376446,0.6931471805599453
297210,Famaze,2014-05-05,1,Oryx Design Lab,Oryx Design Lab,windows,0,Single-player,Casual;Free to Play;Indie;RPG;Strategy,RPG;Free to Play;Rogue-like,0,277,75,15,15,100000-200000,0.0,352,0.7869318181818182,277.0,5.627621113690637,5.8664680569332965,2.772588722239781
298160,Eldevin,2014-11-05,1,Hunted Cow Studios,Hunted Cow Studios,windows;mac,16,Multi-player;MMO;Co-op;Cross-Platform Multiplayer;Steam Achievements;Steam Trading Cards,Casual;Free to Play;Indie;Massively Multiplayer;RPG,Free to Play;RPG;Massively Multiplayer,32,1090,301,34,52,200000-500000,0.0,1391,0.783608914450036,1090.0,6.994849985833071,7.238496840894365,3.555348061489413
298180,The Desolate Hope,2014-05-05,1,Scott Cawthon,Scott Cawthon,windows,0,Single-player,Action;Adventure;Indie;RPG,RPG;Free to Play;Adventure,0,752,69,21168,31751,200000-500000,0.0,821,0.9159561510353228,752.0,6.6240652277998935,6.71174039505618,9.96029312635758
298240,Red Crucible®: Firestorm,2015-12-22,1,"Rocketeer Games Studio, LLC","Rocketeer Games Studio, LLC",windows;mac,0,Multi-player;Online Multi-Player;Cross-Platform Multiplayer;In-App Purchases;Partial Controller Support,Action;Casual;Free to Play;Indie;Simulation,Shooter;Free to Play;FPS,0,4795,3264,232,47,2000000-5000000,0.0,8059,0.5949869710882243,4795.0,8.475537516147405,8.994668835500674,5.4510384535657
298260,Only If,2014-07-25,1,Creability,Creability,windows;mac;linux,18,Single-player;Steam Achievements,Adventure;Free to Play;Indie,Free to Play;Adventure;First-Person,10,3752,2137,20,19,1000000-2000000,0.0,5889,0.6371200543385974,3752.0,8.23031079913502,8.681011276645632,3.044522437723423
299360,Block N Load,2015-04-30,1,Toadman Interactive;Jagex;Artplant,Toadman Interactive;Jagex,windows,0,Single-player;Multi-player;Steam Achievements;Steam Trading Cards;Steam Workshop;Valve Anti-Cheat enabled;Stats;Includes level editor,Action;Free to Play;Massively Multiplayer;Strategy,Free to Play;Action;Multiplayer,66,10856,3196,347,78,2000000-5000000,0.0,14052,0.7725590663250783,10856.0,9.292565312231853,9.550591175100744,5.8522024797744745
299420,CubeGun,2014-05-21,1,candyrocketstudio,candyrocketstudio,windows,0,Single-player;Multi-player;Co-op;Steam Achievements;Steam Cloud;Stats;Steam Leaderboards;Includes level editor,Action;Free to Play;Indie;Early Access,Early Access;Free to Play;Sandbox,42,193,115,0,0,100000-200000,0.0,308,0.6266233766233766,193.0,5.267858159063328,5.733341276897746,0.0
299910,Forgotten Myths CCG,2016-03-21,1,Anchora Games;Dream Harvesters,Anchora Games,windows;mac;linux,0,Single-player;Multi-player;Cross-Platform Multiplayer;In-App Purchases,Free to Play;Indie;Strategy,Free to Play;Strategy;Indie,0,36,32,0,0,20000-50000,0.0,68,0.5294117647058824,36.0,3.610917912644224,4.23410650459726,0.0
300040,Divine Souls F2P MMO,2014-08-15,1,GamePrix,Suba Games,windows,0,Single-player;Multi-player;MMO;Co-op;Steam Trading Cards;Partial Controller Support,Action;Adventure;Free to Play;Indie;Massively Multiplayer;RPG;Strategy,Free to Play;MMORPG;Action,0,441,454,99,120,500000-1000000,0.0,895,0.4927374301675977,441.0,6.091309882077698,6.79794041297493,4.605170185988092
300080,Total War Battles: KINGDOM,2015-04-09,1,CREATIVE ASSEMBLY,SEGA,windows;mac,0,Single-player;Multi-player,Free to Play;Strategy,Strategy;Free to Play;Medieval,0,1692,1646,177,334,500000-1000000,0.0,3338,0.5068903535050928,1691.9999999999998,7.434257382133135,8.113426639943654,5.181783550292085
301520,Robocraft,2017-08-24,1,Freejam,Freejam,windows;mac;linux,0,Multi-player;Online Multi-Player;MMO;Online Co-op;Steam Achievements;Steam Trading Cards;In-App Purchases,Action;Free to Play;Indie;Massively Multiplayer;RPG;Simulation,Free to Play;Robots;Building,43,80360,30987,1369,211,10000000-20000000,0.0,111347,0.7217078143102194,80360.0,11.294284262853436,11.62041571114118,7.222566018822171
302380,Floating Point,2014-06-06,1,Suspicious Developments,Suspicious Developments,windows;mac;linux,0,Single-player,Casual;Free to Play;Indie,Free to Play;Casual;Indie,0,3262,139,7076,23,500000-1000000,0.0,3401,0.9591296677447808,3262.0,8.09040229659332,8.132118772955806,8.864605368075784
302590,Of Guards And Thieves,2014-07-16,1,Subvert Games,Subvert Games,windows,0,Multi-player;Online Multi-Player;MMO;Online Co-op;Cross-Platform Multiplayer;Steam Achievements;Steam Trading Cards;Steam Cloud;Includes level editor,Action;Casual;Free to Play;Indie;Massively Multiplayer;Early Access,Early Access;Action;Multiplayer,53,2432,424,95,91,200000-500000,0.0,2856,0.8515406162464986,2432.0,7.796880342783522,7.957527402230773,4.564348191467836
302670,Call to Arms,2018-04-27,1,Digitalmindsoft,Digitalmindsoft,windows,16,Single-player;Multi-player;Online Multi-Player;Co-op;Online Co-op;Steam Achievements;Steam Trading Cards;Steam Workshop;In-App Purchases;Partial Controller Support;Steam Cloud;Stats;Steam Leaderboards;Includes level editor,Action;Free to Play;Indie;Simulation;Strategy,Strategy;Military;Multiplayer,84,5787,2144,2550,728,500000-1000000,0.0,7931,0.7296683898625647,5787.0,8.663542087751374,8.978660489639687,7.844240718141811
302830,BLOCKADE 3D,2014-12-19,1,Novalink,Novalink,windows,0,Online Multi-Player;Steam Trading Cards;In-App Purchases,Action;Free to Play;Early Access,Early Access;Free to Play;Shooter,0,15821,11583,499,144,2000000-5000000,0.0,27404,0.5773244781783681,15820.999999999998,9.66915665558134,10.218480757480217,6.214608098422191
304030,ArcheAge,2015-03-26,1,XLGAMES,Trion Worlds,windows,16,Multi-player;MMO;Steam Trading Cards;In-App Purchases,Free to Play;Massively Multiplayer;RPG,Massively Multiplayer;Free to Play;MMORPG,0,3195,3033,2107,1067,1000000-2000000,0.0,6228,0.5130057803468208,3194.9999999999995,8.069655306886165,8.736971085254146,7.653494909661253
304050,Trove,2015-07-09,1,Trion Worlds,Trion Worlds,windows;mac,0,Online Multi-Player;MMO;Co-op;Steam Achievements;Steam Trading Cards;Steam Workshop;In-App Purchases,Action;Adventure;Casual;Free to Play;Massively Multiplayer;RPG,Free to Play;Open World;Multiplayer,16,47897,13708,2602,184,5000000-10000000,0.0,61605,0.7774855937018099,47897.0,10.776829028873854,11.02851454737569,7.864419904994565
304930,Unturned,2017-07-07,1,Smartly Dressed Games,Smartly Dressed Games,windows;mac;linux,0,Single-player;Online Multi-Player;Online Co-op;Steam Achievements;Steam Trading Cards;VR Support;Steam Workshop;In-App Purchases;Steam Cloud;Valve Anti-Cheat enabled;Stats;Includes level editor,Action;Adventure;Casual;Free to Play;Indie,Free to Play;Survival;Zombies,46,292574,31482,3248,413,20000000-50000000,0.0,324056,0.9028501246698102,292574.0,12.586476323042968,12.68867470522724,8.0861025356691
305070,FIST OF AWESOME,2014-07-03,1,I Fight Bears,I Fight Bears,windows;mac,0,Single-player;Steam Achievements;Full controller support;Steam Leaderboards,Action;Adventure;Indie,Indie;Action;Adventure,57,184,116,4,4,20000-50000,0.0,300,0.6133333333333333,184.0,5.220355825078324,5.707110264748875,1.6094379124341005
305260,Battle Islands,2014-08-06,1,DR Studios,505 Games,windows,0,Single-player;Multi-player;Cross-Platform Multiplayer;Steam Achievements,Free to Play;Simulation;Strategy,Strategy;Free to Play;Multiplayer,96,2565,799,168,226,500000-1000000,0.0,3364,0.7624851367419738,2565.0,7.850103545175582,8.121183242078828,5.1298987149230735
306040,The Howler,2014-07-03,1,Antanas Marcelionis;Renė Petrulienė,Antanas Marcelionis,windows,0,Single-player;Steam Trading Cards,Casual;Indie;Simulation;Strategy,Indie;Casual;Steampunk,0,1604,436,156,169,200000-500000,0.0,2040,0.7862745098039216,1604.0,7.380879035564116,7.621195162809845,5.056245805348308
306930,BattleSpace,2015-01-07,1,Funnel Inc.,Whybe Online,windows;mac;linux,0,Multi-player;MMO;Cross-Platform Multiplayer,Free to Play;Massively Multiplayer;Strategy,Free to Play;Massively Multiplayer;Strategy,0,24,46,0,0,100000-200000,0.0,70,0.3428571428571428,24.0,3.218875824868201,4.262679877041316,0.0
307290,Velvet Sundown,2014-07-22,1,Tribe Studios,Tribe Studios,windows;mac,18,Multi-player;Co-op,Adventure;Casual;Free to Play;Indie;RPG,Free to Play;Multiplayer;RPG,0,1149,774,41,53,500000-1000000,0.0,1923,0.5975039001560063,1149.0,7.047517221357296,7.562161631225652,3.737669618283368
310110,NS2: Combat,2014-10-31,1,Faultline Games,Unknown Worlds Entertainment,windows,0,Multi-player;Steam Achievements;Steam Workshop;Steam Cloud;Stats;Includes level editor,Action;Indie;RPG,Indie;Action;FPS,4,112,97,0,0,20000-50000,0.0,209,0.5358851674641149,112.0,4.727387818712341,5.3471075307174685,0.0
310370,The Way of Life Free Edition,2016-05-31,1,CyberCoconut;Fabio Ferrara,CyberCoconut,windows;mac;linux,0,Single-player;Full controller support,Free to Play;Indie,Free to Play;Walking Simulator;Indie,0,5251,1821,13,14,1000000-2000000,0.0,7072,0.7425056561085973,5251.0,8.566364235422688,8.86403999703599,2.6390573296152584
311730,DEAD OR ALIVE 5 Last Round: Core Fighters,2015-03-30,1,"Team NINJA;KOEI TECMO GAMES CO., LTD.","KOEI TECMO GAMES CO., LTD.",windows,16,Single-player;Multi-player;Steam Achievements;Partial Controller Support,Action,Fighting;Female Protagonist;Action,45,4659,2710,12927,92,500000-1000000,0.0,7369,0.6322431808929299,4659.0,8.446770727119691,8.905172985183382,9.467150780760877
312150,Wild Warfare,2014-07-15,1,Hyper Hippo Games,Hyper Hippo Games,windows;mac,0,Multi-player;Cross-Platform Multiplayer;Steam Achievements,Action;Free to Play;Indie;Early Access,Early Access;Free to Play;Action,28,712,310,5,5,200000-500000,0.0,1022,0.6966731898238747,712.0,6.569481420414296,6.930494765951626,1.791759469228055
312280,Simply Chess,2015-09-11,1,BlueLine Games,BlueLine Games,windows;mac;linux,0,Single-player;Multi-player;Cross-Platform Multiplayer;Steam Achievements;Full controller support;Steam Trading Cards;Steam Cloud;Stats;Steam Leaderboards;Steam Turn Notifications,Casual;Free to Play;Indie;Strategy,Chess;Strategy;Board Game,11,1456,490,34,44,200000-500000,0.0,1946,0.7482014388489209,1456.0,7.284134806195205,7.574045005372199,3.555348061489413
312450,Order of Battle: World War II,2015-04-30,1,The Artistocrats,Slitherine Ltd.,windows;mac,0,Single-player;Multi-player;Steam Achievements;Steam Trading Cards;Includes level editor,Free to Play;Simulation;Strategy,Strategy;World War II;Turn-Based,38,801,350,134,212,200000-500000,0.0,1151,0.6959165942658557,800.9999999999999,6.687108607866515,7.049254841255837,4.90527477843843
312990,The Expendabros,2014-08-05,1,Free Lives,Devolver Digital,windows;mac,0,Single-player;Shared/Split Screen;Full controller support,Action;Adventure;Free to Play;Indie,Free to Play;Action;Multiplayer,0,15084,425,85,56,2000000-5000000,0.0,15509,0.9725965568379652,15084.0,9.62145615159316,9.649240256170584,4.454347296253507
313730,Sunrider: Mask of Arcadius,2014-07-09,1,Love in Space,Sekai Project,windows;mac;linux,0,Single-player,Free to Play;Indie;RPG;Strategy,Anime;Visual Novel;Free to Play,0,2375,174,287,288,500000-1000000,0.0,2549,0.9317379364456648,2375.0,7.773173680482536,7.843848638152472,5.662960480135946
314000,Pool Nation FX Lite,2015-12-07,1,Cherry Pop Games,Cherry Pop Games,windows,0,Single-player;Multi-player;Co-op;Shared/Split Screen;Steam Achievements;Full controller support;Steam Trading Cards;Steam Cloud;Stats;Steam Leaderboards;Includes Source SDK,Casual;Free to Play;Indie;Simulation;Sports;Strategy,Free to Play;Sports;Simulation,38,777,442,22,22,500000-1000000,0.0,1219,0.6374077112387203,777.0000000000001,6.656726524178392,7.106606137727303,3.1354942159291497
314010,Boid,2016-07-08,1,Mokus,tinyBuild,windows,0,Single-player;Multi-player;Online Multi-Player;Cross-Platform Multiplayer;Steam Achievements;Steam Trading Cards;Steam Workshop;In-App Purchases;Stats;Includes level editor,Action;Casual;Free to Play;Indie;Strategy,Free to Play;Strategy;Indie,24,536,132,5,8,200000-500000,0.0,668,0.8023952095808383,536.0,6.285998094508865,6.505784060128229,1.791759469228055
314280,The Forgotten Ones,2014-07-17,1,Bernt Andreas Eide,Bernt Andreas Eide,windows;mac;linux,0,Single-player;Steam Achievements;Captions available;Partial Controller Support;Includes level editor;Includes Source SDK,Action;Adventure;Free to Play;Indie,Horror;Free to Play;Adventure,12,903,601,24,24,500000-1000000,0.0,1504,0.6003989361702128,903.0,6.806829360392176,7.316548177182976,3.218875824868201
314970,Age of Conquest IV,2016-04-05,1,Noble Master LLC,Noble Master LLC,windows;mac;linux,0,Single-player;Multi-player;Online Multi-Player;Local Multi-Player;Co-op;Online Co-op;Local Co-op;Shared/Split Screen;Cross-Platform Multiplayer;Steam Achievements;Steam Trading Cards;In-App Purchases;Steam Cloud;Stats;Includes level editor;Commentary available,Free to Play;Indie;Strategy,Free to Play;Strategy;Turn-Based Strategy,21,1229,334,93,141,200000-500000,0.0,1563,0.7863083813179782,1229.0,7.114769448366463,7.355001921105257,4.543294782270004
316010,Magic Duels,2015-07-29,1,Stainless Games Ltd.,Wizards of the Coast LLC,windows,0,Single-player;Multi-player;Co-op;Shared/Split Screen;Steam Achievements;Full controller support;In-App Purchases;Steam Cloud,Free to Play;Strategy,Free to Play;Card Game;Trading Card Game,49,16599,6912,1854,125,2000000-5000000,0.0,23511,0.7060099527880567,16599.0,9.717157974344635,10.065266208098754,7.525639975041535
316390,sZone-Online,2015-12-29,1,Cybertime System,Cybertime System,windows,0,Multi-player;Online Multi-Player;MMO;Co-op;Steam Trading Cards,Action;Free to Play;Massively Multiplayer;RPG,Free to Play;Survival;Open World,0,3205,4886,39,27,2000000-5000000,0.0,8091,0.3961191447287109,3205.0,8.072779333169498,8.998631198287637,3.688879454113936
317360,Double Action: Boogaloo,2014-10-23,1,Double Action Factory,Double Action Factory,windows;linux,0,Multi-player;Cross-Platform Multiplayer;VR Support;Includes level editor;Includes Source SDK,Action;Free to Play;Indie,Free to Play;Action;Multiplayer,14,9252,786,5852,50,2000000-5000000,0.0,10038,0.921697549312612,9252.0,9.13270310224903,9.214232786691529,8.67470962929122
317410,Color Symphony,2014-09-15,1,REMIMORY,REMIMORY,windows,0,Single-player;Full controller support;Steam Cloud,Action;Free to Play;Indie,Free to Play;Indie;Action,0,960,337,14,15,200000-500000,0.0,1297,0.7401696222050886,960.0,6.8679744089702925,7.168579897264035,2.70805020110221
317470,Cubic Castles,2014-08-13,1,Cosmic Cow LLC,Cosmic Cow LLC,windows,0,MMO,Action;Adventure;Casual;Free to Play;Indie;Massively Multiplayer,Free to Play;Building;Multiplayer,0,2981,1176,93,161,500000-1000000,0.0,4157,0.7171036805388501,2981.0,8.000349495324684,8.332789468417959,4.543294782270004
319570,Heroes of SoulCraft - Arcade MOBA,2015-07-20,1,MobileBits,MobileBits,windows,0,Multi-player;Cross-Platform Multiplayer;Steam Achievements;Full controller support,Action;Casual;Free to Play;Indie;RPG;Strategy,Free to Play;MOBA;Action,17,191,293,11,21,200000-500000,0.0,484,0.3946280991735537,191.0,5.2574953720277815,6.184148890937483,2.4849066497880004
319630,Life is Strange - Episode 1,2015-01-29,1,DONTNOD Entertainment;Feral Interactive (Mac);Feral Interactive (Linux),Square Enix;Feral interactive (Mac);Feral Interactive (Linux),windows;mac;linux,16,Single-player;Steam Achievements;Full controller support;Steam Trading Cards;Steam Cloud,Action;Adventure,Story Rich;Choices Matter;Great Soundtrack,60,118634,4496,412,145,5000000-10000000,0.0,123130,0.9634857467717048,118634.0,11.683806831621627,11.721004108251542,6.023447592961033
319730,GRANADO ESPADA,2017-02-23,1,"HANBITSOFT, INC.;IMC GAMES CO.,LTD.",REDBANA CORPORATION,windows,0,Single-player;MMO,Action;Free to Play;Massively Multiplayer;RPG;Strategy,Free to Play;Massively Multiplayer;RPG,0,95,105,3,3,100000-200000,0.0,200,0.475,95.0,4.564348191467836,5.303304908059076,1.3862943611198906
319830,AX:EL - Air XenoDawn,2015-12-04,1,Alex Piola,KISS ltd,windows,0,Single-player;Multi-player;Local Multi-Player;Steam Achievements;Partial Controller Support,Action;Indie;Simulation,Simulation;Action;Indie,22,741,223,189,233,500000-1000000,0.0,964,0.7686721991701245,741.0,6.60934924316738,6.872128101338986,5.247024072160486
321330,ENYO Arcade,2015-11-09,1,James Mearman,www.dev-zoo.net,windows,0,Single-player;Steam Achievements;Full controller support;Steam Trading Cards;Steam Leaderboards,Action;Casual;Free to Play;Indie,Indie;Action;Casual,14,46,17,0,0,0-20000,0.0,63,0.7301587301587301,46.0,3.8501476017100575,4.158883083359672,0.0
321400,Supraball,2019-02-08,1,Supra Games,Supra Games,windows,0,Single-player;Multi-player;Online Multi-Player;Co-op;Online Co-op;Steam Achievements;Steam Trading Cards;In-App Purchases;Partial Controller Support;Stats,Action;Casual;Free to Play;Indie;Sports,Sports;Multiplayer;Free to Play,36,1710,530,165,222,200000-500000,0.0,2240,0.7633928571428571,1710.0,7.444833273892193,7.714677473800927,5.111987788356544
321480,Sigils of Elohim,2014-10-13,1,Croteam,Devolver Digital,windows;mac;linux,0,Single-player,Casual;Free to Play;Indie;Strategy,Free to Play;Casual;Puzzle,0,828,71,17,29,200000-500000,0.0,899,0.921023359288098,828.0,6.720220155135295,6.802394763324311,2.8903717578961645
321840,Rising Angels: Reborn,2014-09-12,1,IDHAS Studios,Sekai Project,windows;mac;linux,0,Single-player,Adventure;Casual;Free to Play;Indie;Simulation,Free to Play;Visual Novel;Anime,0,474,116,53,80,100000-200000,0.0,590,0.8033898305084746,474.0,6.163314804034641,6.3818160174060985,3.9889840465642745
323630,Ubinota,2015-03-04,1,Rotateam,Plug In Digital,windows,0,Single-player;Steam Achievements,Indie,Indie;Puzzle;Physics,46,172,14,0,0,50000-100000,0.0,186,0.9247311827956988,172.0,5.153291594497779,5.231108616854587,0.0
324810,TOXIKK™,2016-09-10,1,Reakktor Studios,Reakktor Studios,windows,0,Single-player;Multi-player;Online Multi-Player;Local Multi-Player;Co-op;Online Co-op;Local Co-op;Steam Achievements;Steam Workshop;Partial Controller Support;Valve Anti-Cheat enabled;Steam Leaderboards;Includes level editor,Action;Free to Play;Indie,FPS;Action;Free to Play,60,3865,1182,50,47,500000-1000000,0.0,5047,0.765801466217555,3865.0,8.259975659768276,8.52674740422105,3.9318256327243257
326160,Shroud of the Avatar: Forsaken Virtues,2018-03-27,1,Portalarium,Portalarium,windows;mac;linux,0,Single-player;Multi-player;MMO;Co-op;Cross-Platform Multiplayer;Steam Achievements;Steam Trading Cards,Free to Play;Massively Multiplayer;RPG,RPG;Massively Multiplayer;Free to Play,29,1065,1017,54618,54618,50000-100000,0.0,2082,0.5115273775216138,1065.0,6.97166860472579,7.641564441260972,10.908137086548123
326360,Warspear Online,2017-11-02,1,AIGRIND,AIGRIND,windows;mac;linux,0,Online Multi-Player;MMO;Cross-Platform Multiplayer;Steam Achievements;Steam Trading Cards;In-App Purchases;Steam Cloud,Free to Play;Massively Multiplayer;RPG,Free to Play;Pixel Graphics;RPG,37,605,270,21,22,200000-500000,0.0,875,0.6914285714285714,605.0,6.406879986069314,6.775366090936392,3.091042453358316
326960,Killing Floor - Toy Master,2014-10-16,1,David Hensley;Alex Quick,Tripwire Interactive,windows;mac;linux,0,Single-player;Co-op,Action,Free to Play;Horror;Multiplayer,0,21,2,1,1,500000-1000000,0.0,23,0.9130434782608696,21.0,3.091042453358316,3.1780538303479458,0.6931471805599453
327640,CaesarIA,2015-01-20,1,rdt.32,rdt.32,windows;mac;linux,0,Single-player;Steam Achievements,Free to Play;Indie;Strategy;Early Access,Early Access;Free to Play;City Builder,3,767,451,13,26,200000-500000,0.0,1218,0.6297208538587848,766.9999999999999,6.643789733147672,7.105786129481271,2.6390573296152584
329020,Battlegrounds of Eldhelm,2014-10-22,1,Essence Ltd.,Essence Ltd.,windows;mac,0,Single-player;Multi-player;Cross-Platform Multiplayer;Steam Achievements,Free to Play;Indie;RPG,Free to Play;RPG;Indie,18,138,59,10,10,100000-200000,0.0,197,0.700507614213198,138.0,4.934473933130692,5.288267030694535,2.3978952727983707
329110,Gems of War - Puzzle RPG,2014-11-20,1,Infinity Plus 2,505 Games,windows,0,Single-player;Multi-player;Cross-Platform Multiplayer;Steam Achievements;Steam Trading Cards;In-App Purchases;Partial Controller Support;Steam Cloud,Action;Adventure;Casual;Free to Play;RPG;Strategy,Free to Play;Match 3;RPG,62,3198,988,503,700,200000-500000,0.0,4186,0.7639751552795031,3198.0,8.070593539949519,8.339739766019143,6.222576268071369
329280,Avalon Lords: Dawn Rises,2016-04-28,1,Animus Interactive Inc,Animus Interactive Inc,windows;mac;linux,0,Single-player;Multi-player;Co-op;Cross-Platform Multiplayer;Steam Achievements;Steam Cloud;Stats;Steam Leaderboards,Indie;Strategy;Early Access,Early Access;Strategy;Indie,21,75,54,0,0,20000-50000,0.0,129,0.5813953488372093,75.0,4.330733340286331,4.867534450455582,0.0
331120,Passing Pineview Forest,2014-11-21,1,VIS-Games,United Independent Entertainment GmbH,windows,0,Single-player;VR Support,Action;Adventure;Indie,Horror;Free to Play;Adventure,0,1100,530,1,1,200000-500000,0.0,1630,0.6748466257668712,1100.0,7.00397413672268,7.396948602621014,0.6931471805599453
331360,Heavy Metal Machines,2018-09-19,1,Hoplon,Hoplon,windows,0,Multi-player;Online Multi-Player;Co-op;Online Co-op;Steam Trading Cards;Captions available;In-App Purchases,Action;Free to Play;Indie;Massively Multiplayer;Racing;Sports;Strategy,Free to Play;Racing;Action,0,1826,747,46,20,500000-1000000,0.0,2573,0.7096774193548387,1826.0,7.510430556378006,7.853216388156072,3.8501476017100575
331470,Everlasting Summer,2014-11-19,1,Soviet Games,Soviet Games,windows;mac;linux,0,Single-player;Steam Achievements;Partial Controller Support;Steam Cloud,Adventure;Casual;Free to Play;Indie,Visual Novel;Free to Play;Story Rich,14,31230,1538,249,98,1000000-2000000,0.0,32768,0.95306396484375,31230.0,10.349166470257597,10.397238225511654,5.521460917862246
331580,ULTRAWORLD EXODUS,2014-12-04,1,Neon Serpent LLC,Neon Serpent LLC,windows,0,Single-player;Steam Trading Cards;Partial Controller Support,Free to Play;Indie,Indie;Free to Play;Exploration,0,39,16,0,0,20000-50000,0.0,55,0.7090909090909091,39.0,3.688879454113936,4.02535169073515,0.0
332070,School of Dragons,2014-12-04,1,"JumpStart Games, Inc.","JumpStart Games, Inc.",windows;mac,0,MMO;Steam Achievements;In-App Purchases,Adventure;Free to Play;Massively Multiplayer;RPG,Free to Play;Dragons;Adventure,110,1851,1778,272,54,1000000-2000000,0.0,3629,0.5100578671810416,1851.0,7.524021415206125,8.196987927258897,5.60947179518496
332650,The Exiled,2017-02-23,1,Fairytale Distillery,Fairytale Distillery,windows;mac;linux,0,Multi-player;Online Multi-Player;MMO,Action;Massively Multiplayer;RPG;Early Access,Early Access;Massively Multiplayer;Action,0,216,224,11,11,20000-50000,0.0,440,0.4909090909090909,216.0,5.37989735354046,6.089044875446846,2.4849066497880004
332950,Dark Deception,2018-09-26,1,Glowstick Entertainment,Glowstick Entertainment,windows,0,Single-player;Steam Achievements;Captions available,Action;Adventure;Indie;RPG,Horror;Indie;Free to Play,15,961,118,24,34,100000-200000,0.0,1079,0.8906394810009268,961.0,6.8690144506657065,6.984716320118266,3.218875824868201
333930,Dirty Bomb®,2015-06-01,1,Splash Damage,Warchest Ltd.,windows,0,Multi-player;Online Multi-Player;Steam Achievements;Steam Trading Cards;In-App Purchases,Action;Free to Play,Free to Play;FPS;Multiplayer,77,43743,10891,715,73,5000000-10000000,0.0,54634,0.8006552696123294,43743.0,10.686109739523676,10.908429982004844,6.573680166960646
334030,Epic Arena,2015-05-05,1,Shadow Masters,Shadow Masters,windows,0,Single-player;Multi-player;Cross-Platform Multiplayer;Steam Achievements;Steam Trading Cards,Free to Play;Indie;Strategy,Free to Play;Strategy;Indie,45,195,98,14,14,100000-200000,0.0,293,0.6655290102389079,195.0,5.278114659230517,5.683579767338681,2.70805020110221
334920,Zero-K,2018-04-27,1,Zero-K Team,Zero-K Team,windows,0,Single-player;Multi-player;Online Multi-Player;Co-op;Online Co-op;Cross-Platform Multiplayer;Steam Cloud,Free to Play;Indie;Simulation;Strategy,Free to Play;Strategy;RTS,0,873,87,453,502,200000-500000,0.0,960,0.909375,873.0,6.773080375655535,6.8679744089702925,6.118097198041348
335150,Magic Barrage - Bitferno,2015-01-01,1,Gameguyz,Gameguyz,windows,0,Single-player;Multi-player;MMO;Co-op,Free to Play,Free to Play;MMORPG;Pixel Graphics,0,229,437,9,13,200000-500000,0.0,666,0.3438438438438438,229.00000000000003,5.438079308923196,6.502790045915623,2.302585092994046
335240,Transformice,2015-01-30,1,Atelier 801,Atelier 801,windows;mac,0,Multi-player;MMO;Steam Achievements;Steam Trading Cards;Includes level editor,Free to Play;Indie;Massively Multiplayer,Free to Play;Multiplayer;Massively Multiplayer,14,11701,2227,320,21,2000000-5000000,0.0,13928,0.8401062607696727,11701.0,9.36751504634818,9.541728276688032,5.771441123130016
335330,Brick-Force,2014-12-11,1,Exe Games Inc.,Infernum Games GmbH,windows,0,Multi-player;Steam Trading Cards;Includes level editor,Action;Free to Play,Free to Play;Multiplayer;FPS,0,1702,2664,41,30,500000-1000000,0.0,4366,0.3898305084745763,1702.0,7.440146680662688,8.381831553485561,3.737669618283368
335430,Grimoire: Manastorm,2017-10-26,1,Omniconnection,Omniconnection,windows,0,Multi-player;Online Multi-Player;Steam Trading Cards;Partial Controller Support,Action;Free to Play;Indie,Action;Shooter;Indie,0,715,317,192,167,200000-500000,0.0,1032,0.6928294573643411,715.0,6.573680166960646,6.940222469119639,5.262690188904886
335820,Dream Of Mirror Online,2015-08-14,1,SoftStar,SubaGames,windows,0,MMO;Steam Trading Cards,Adventure;Free to Play;Massively Multiplayer;RPG,Free to Play;Massively Multiplayer;Anime,0,242,211,5237,10470,100000-200000,0.0,453,0.5342163355408388,242.0,5.493061443340548,6.118097198041348,8.563695025067657
336040,Combat Monsters,2015-01-20,1,Rubicon Development,Rubicon Development,windows,0,Single-player;Multi-player;Online Multi-Player;Local Multi-Player;Co-op;Online Co-op;Cross-Platform Multiplayer;Steam Achievements;Steam Trading Cards;In-App Purchases,Action;Free to Play;Indie;RPG;Strategy,Free to Play;Action;RPG,42,124,53,0,0,100000-200000,0.0,177,0.7005649717514124,124.0,4.8283137373023015,5.181783550292085,0.0
336520,Might & Magic Heroes Online,2015-11-24,1,Blue Byte,Ubisoft,windows;mac;linux,0,Single-player;Multi-player;MMO;Co-op;Steam Trading Cards,Free to Play;Massively Multiplayer;RPG;Strategy,Free to Play;Strategy;Massively Multiplayer,0,276,417,228,294,200000-500000,0.0,693,0.3982683982683982,276.0,5.6240175061873385,6.542471960506805,5.43372200355424
336670,HIT,2015-02-09,1,Shifty Chair Games,Shifty Chair Games,windows,0,Multi-player;Co-op;Partial Controller Support,Free to Play,Free to Play;Multiplayer;Funny,0,186,323,5,5,200000-500000,0.0,509,0.3654223968565815,186.0,5.231108616854587,6.234410725718371,1.791759469228055
337410,Karos,2014-12-24,0,Galaxy Gate,NIKITA ONLINE,windows,0,Multi-player;MMO;Commentary available,Free to Play;Massively Multiplayer;RPG,Free to Play;RPG;Massively Multiplayer,0,183,154,1,1,200000-500000,0.0,337,0.543026706231454,183.0,5.214935757608986,5.823045895483019,0.6931471805599453
337950,The SKIES,2016-04-16,1,Eforb,Eforb,windows,0,Multi-player;MMO;Steam Achievements;In-App Purchases;Steam Leaderboards,Free to Play;Massively Multiplayer;RPG;Early Access,Early Access;Free to Play;Survival,0,1706,2059,51,47,1000000-2000000,0.0,3765,0.4531208499335989,1706.0,7.442492722794441,8.233768709217097,3.951243718581428
338180,Batla,2015-05-14,1,[geim].pro,Abyss Lights Studio LLP,windows,0,Multi-player;Cross-Platform Multiplayer;Steam Achievements;Steam Trading Cards,Action;Free to Play,Free to Play;FPS;Multiplayer,61,1684,1180,135,231,500000-1000000,0.0,2864,0.5879888268156425,1684.0,7.429520842786462,7.960323629148839,4.912654885736052
338540,Navy Field 2 : Conqueror of the Ocean,2015-03-05,1,SDEnterNet,SDEnterNet,windows,0,Multi-player;MMO;Steam Trading Cards,Action;Free to Play;Massively Multiplayer;RPG;Simulation;Strategy,Free to Play;Naval;Strategy,0,599,714,39,43,500000-1000000,0.0,1313,0.4562071591774562,599.0,6.396929655216146,7.180831199044556,3.688879454113936
338810,Demise of Nations,2017-08-08,1,Noble Master LLC,Noble Master LLC,windows;mac;linux,0,Single-player;Multi-player;Online Multi-Player;Local Multi-Player;Co-op;Online Co-op;Local Co-op;Shared/Split Screen;Cross-Platform Multiplayer;Steam Achievements;Steam Trading Cards;In-App Purchases;Steam Cloud;Stats;Includes level editor,Free to Play;Indie;Strategy,Free to Play;Strategy;Indie,21,229,65,0,0,100000-200000,0.0,294,0.7789115646258503,229.0,5.438079308923196,5.68697535633982,0.0
339000,Ukrainian Ninja,2014-12-23,1,Michael Kissinger;Marco Hulden;Shaun Egan;Joshua Marks;Denys Ovsiannykov,Dragon Fire Games Inc,windows,0,Single-player;Multi-player;Co-op;Steam Achievements;Full controller support;Steam Trading Cards;Steam Cloud,Action;Casual;Indie,Indie;Action;Casual,12,102,97,55,55,20000-50000,0.0,199,0.5125628140703518,102.0,4.634728988229636,5.298317366548036,4.02535169073515
339120,Fork Parker's Holiday Profit Hike,2014-12-18,1,Dodge Roll,Devolver Digital,windows;mac,0,Single-player;Steam Achievements;Partial Controller Support,Action;Adventure;Free to Play;Indie,Free to Play;Platformer;Action,17,510,107,14,14,200000-500000,0.0,617,0.826580226904376,510.0,6.236369590203704,6.42648845745769,2.70805020110221
339280,Strife®,2015-05-22,1,S2 Games,S2 Games,windows;mac;linux,0,Single-player;Multi-player;Co-op;Steam Achievements;Steam Trading Cards;Stats,Action;Free to Play;RPG;Strategy,Free to Play;MOBA;Multiplayer,46,3677,1197,150,78,1000000-2000000,0.0,4874,0.754411161263849,3677.0,8.210124405164267,8.491875383431948,5.017279836814924
339600,VEGA Conflict,2015-12-14,1,KIXEYE,KIXEYE,windows;mac,0,Multi-player;MMO;Cross-Platform Multiplayer;Steam Achievements,Free to Play;Massively Multiplayer;Strategy,Free to Play;Space;Strategy,39,1471,1322,5448,8166,500000-1000000,0.0,2793,0.5266738274257071,1471.0,7.294377299288821,7.935229539816907,8.603187384583098
339610,Freestyle 2: Street Basketball,2015-04-01,1,Joycity,Joycity,windows,0,Online Multi-Player;MMO;Online Co-op;Steam Trading Cards;Partial Controller Support,Action;Casual;Free to Play;Massively Multiplayer;Sports,Free to Play;Basketball;Sports,0,5781,2192,1571,755,2000000-5000000,0.0,7973,0.7250721183995986,5781.0,8.662504922576291,8.983941527941301,7.360103972989152
340350,Quintet,2015-05-11,1,Carmine T. Guida,Carmine T. Guida,windows;mac;linux,0,Single-player;Multi-player;Online Co-op;Cross-Platform Multiplayer;Partial Controller Support,Action;Free to Play;Indie,Free to Play;Indie;Action,0,273,90,9,10,100000-200000,0.0,363,0.7520661157024794,273.0,5.613128106388071,5.8971538676367405,2.302585092994046
340460,Spartans Vs Zombies Defense,2015-01-06,1,Lei,Lei,windows;mac;linux,0,Single-player;Steam Achievements,Action;Casual;Free to Play;Indie;Strategy,Free to Play;Indie;Casual,8,328,399,0,0,100000-200000,0.0,727,0.4511691884456671,328.0,5.796057750765372,6.590301048196686,0.0
340540,TDP4:Team Battle,2015-03-12,1,JAVELIN OÜ,JAVELIN OÜ,windows,0,Single-player;Multi-player;Steam Achievements,Action;Adventure;Free to Play;Massively Multiplayer,Free to Play;Action;2D,0,261,347,36,37,200000-500000,0.0,608,0.4292763157894737,261.0,5.568344503761097,6.411818267709897,3.610917912644224
340810,Deepworld,2015-04-22,1,Bytebin,Bytebin,windows,0,MMO;Cross-Platform Multiplayer,Action;Adventure;Casual;Free to Play;Indie;Massively Multiplayer;RPG;Early Access,Early Access;Free to Play;Massively Multiplayer,0,414,296,374,655,200000-500000,0.0,710,0.5830985915492958,414.0,6.028278520230698,6.566672429803241,5.926926025970411
341060,The Lady,2015-01-29,1,Mikeypoo's Games;Roger Levy,MPR ART Hallucinations;Plug In Digital,windows,0,Single-player;Steam Trading Cards,Action;Adventure;Indie,Indie;Action;Adventure,0,86,97,149,159,50000-100000,0.0,183,0.4699453551912568,86.0,4.465908118654584,5.214935757608986,5.010635294096256
341720,Among Ripples,2015-01-22,1,Eat Create Sleep,Eat Create Sleep,windows;mac;linux,0,Single-player,Casual;Free to Play;Indie;Simulation,Free to Play;Casual;Simulation,0,911,393,6,7,200000-500000,0.0,1304,0.6986196319018405,911.0,6.815639990074331,7.173958319756794,1.9459101490553128
341890,HitBox,2017-01-30,1,Tyler Rogers;David Colson,Wormhole Entertainment;Peripheral Labs,windows,0,Single-player;Multi-player;Online Multi-Player;Local Multi-Player;Shared/Split Screen;Steam Achievements;Full controller support;Steam Trading Cards;Steam Cloud,Action;Indie,Action;Indie;Third-Person Shooter,0,48,47,0,0,20000-50000,0.0,95,0.5052631578947369,48.0,3.8918202981106265,4.564348191467836,0.0
342150,Games of Glory,2017-04-25,1,Lightbulb Crew,Lightbulb Crew;LBC Games,windows,0,Multi-player;Online Multi-Player;Cross-Platform Multiplayer;Steam Achievements;Full controller support;In-App Purchases,Action;Free to Play;Strategy,Free to Play;MOBA;Action,94,328,254,74,109,200000-500000,0.0,582,0.563573883161512,328.0,5.796057750765372,6.368187186350492,4.31748811353631
342200,MechWarrior Online™ Solaris 7,2015-12-10,1,Piranha Games Inc.,Piranha Games Inc.,windows,0,Multi-player;MMO;Steam Achievements,Action;Free to Play;Massively Multiplayer;Simulation;Strategy,Free to Play;Mechs;Multiplayer,36,4262,1418,812,104,1000000-2000000,0.0,5680,0.7503521126760564,4262.0,8.35772841676521,8.644882552557126,6.70073110954781
342480,Gunscape,2016-03-01,1,Blowfish Studios,Blowfish Studios,windows;mac;linux,0,Single-player;Multi-player;Co-op;Shared/Split Screen;Cross-Platform Multiplayer;Steam Achievements;Partial Controller Support;Includes level editor,Action;Indie,Free to Play;Multiplayer;Action,42,820,354,175,175,200000-500000,0.0,1174,0.6984667802385008,820.0,6.710523109452428,7.069023426578259,5.170483995038151
342570,HIS (Heroes In the Sky),2015-03-03,1,GameUS Inc.,GameUS Inc.,windows,0,Single-player;Multi-player;Co-op;Partial Controller Support,Action;Casual;Free to Play;RPG;Simulation;Strategy,Free to Play;Action;Multiplayer,1,191,303,59,116,200000-500000,0.0,494,0.3866396761133603,191.0,5.2574953720277815,6.20455776256869,4.0943445622221
342980,Destination Sol,2015-02-05,1,MovingBlocks,MovingBlocks,windows;mac;linux,0,Single-player;Partial Controller Support;Steam Cloud,Action;Free to Play;Indie;RPG,Free to Play;Space;Open World,0,1038,264,72,87,200000-500000,0.0,1302,0.7972350230414746,1038.0,6.946013991099227,7.172424577124845,4.290459441148391
343630,CroNix,2015-07-17,1,MAGICS,MAGICS,windows,12,Multi-player;Co-op,Action;Casual;Free to Play;Strategy,Free to Play;Action;Multiplayer,0,209,244,15,16,200000-500000,0.0,453,0.4613686534216336,209.0,5.3471075307174685,6.118097198041348,2.772588722239781
343740,InMind VR,2015-01-19,1,Luden.io,Nival,windows;mac;linux,0,Single-player;Full controller support;VR Support,Action;Casual;Free to Play;Indie,VR;Free to Play;Indie,0,307,81,1,1,200000-500000,0.0,388,0.7912371134020618,307.0,5.730099782973574,5.963579343618446,0.6931471805599453
343750,Firefly Online Cortex,2015-01-29,1,Spark Plug Games,QMx Interactive,windows;mac,0,Single-player,Indie;RPG,RPG;Indie;Space,0,272,304,0,0,100000-200000,0.0,576,0.4722222222222222,272.0,5.60947179518496,6.3578422665081,0.0
344190,Immortal Empire,2015-12-03,1,Tactic Studios Inc.,Tactic Studios Inc.,windows,0,Single-player;Multi-player;Co-op;Steam Achievements;Steam Trading Cards;In-App Purchases,Free to Play;Indie;RPG;Strategy,Free to Play;Strategy;RPG,52,182,78,114,209,100000-200000,0.0,260,0.7,182.0,5.209486152841421,5.564520407322694,4.74493212836325
345390,King's Quest,2015-07-28,1,The Odd Gentlemen,Sierra,windows,0,Single-player;Steam Achievements;Partial Controller Support,Adventure,Adventure;Fantasy;Puzzle,53,1735,219,56,56,200000-500000,0.0,1954,0.8879222108495394,1735.0,7.459338895220296,7.578145472419466,4.04305126783455
345460,War of Omens Card Game,2019-02-18,1,Fifth Column Games,Fifth Column Games,windows;mac,0,Single-player;Online Multi-Player;Cross-Platform Multiplayer;In-App Purchases,Free to Play;Indie;Strategy,Free to Play;Strategy;Indie,0,270,42,0,0,20000-50000,0.0,312,0.8653846153846154,270.0,5.602118820879701,5.746203190540153,0.0
345650,Without Within,2015-01-22,1,InvertMouse,InvertMouse,windows;mac;linux,0,Single-player,Free to Play;Indie,Free to Play;Anime;Visual Novel,0,1778,231,2,3,200000-500000,0.0,2009,0.8850174216027874,1778.0,7.483806687665835,7.605890001053122,1.0986122886681098
346120,Boring Man - Online Tactical Stickman Combat,2015-02-20,1,Spasman Games,Spasman Games,windows,0,Multi-player;Online Multi-Player;Co-op;Online Co-op;Steam Achievements;Includes level editor,Action;Free to Play;Indie;Massively Multiplayer,Free to Play;Action;Multiplayer,35,3613,617,12984,519,500000-1000000,0.0,4230,0.8541371158392435,3613.0,8.192570471152173,8.350193650720067,9.471550124096847
346250,The Old Tree,2015-01-26,1,Red Dwarf Games,Red Dwarf Games,windows;mac,0,Single-player,Adventure;Casual;Free to Play;Indie,Free to Play;Adventure;Indie,0,2788,315,7,13,200000-500000,0.0,3103,0.898485336770867,2788.0,7.933438387627489,8.04044688130311,2.079441541679836
346330,BrainBread 2,2016-07-20,1,Reperio Studios,Reperio Studios,windows;mac;linux,0,Single-player;Multi-player;Online Multi-Player;Local Multi-Player;Co-op;Online Co-op;Local Co-op;Cross-Platform Multiplayer;Steam Achievements;Captions available;Steam Workshop;Partial Controller Support;Valve Anti-Cheat enabled;Stats;Steam Leaderboards;Includes level editor;Includes Source SDK,Action;Adventure;Free to Play;Indie;Early Access,Early Access;Free to Play;Zombies,84,2334,1061,46,43,1000000-2000000,0.0,3395,0.6874815905743741,2334.0,7.755767170102998,8.130353547431238,3.8501476017100575
346610,Racecraft,2016-03-04,1,Sandbox Games,Sandbox Games,windows,0,Single-player;Multi-player;Partial Controller Support;Stats;Steam Leaderboards;Steam Turn Notifications,Free to Play;Indie;Racing;Simulation;Sports;Early Access,Early Access;Racing;Simulation,0,54,68,0,0,0-20000,0.0,122,0.4426229508196721,54.0,4.007333185232471,4.812184355372417,0.0
346750,Merchant,2018-10-08,1,Retora Games,Retora Games,windows,0,Single-player;Steam Achievements;Steam Cloud;Stats,Casual;Free to Play;RPG;Simulation,RPG;Simulation;Pixel Graphics,62,155,40,4,4,50000-100000,0.0,195,0.7948717948717948,155.0,5.049856007249537,5.278114659230517,1.6094379124341005
346900,AdVenture Capitalist,2015-03-30,1,Hyper Hippo Games,Hyper Hippo Games,windows;mac;linux,0,Single-player;Steam Achievements;Steam Trading Cards;Steam Cloud,Casual;Free to Play;Indie,Free to Play;Clicker;Capitalism,31,35093,4214,2747,388,2000000-5000000,0.0,39307,0.8927926323555601,35093.0,10.465785454671082,10.579183339482318,7.91862865334224
347950,Palace of Cards,2017-12-14,1,Spiele-Palast GmbH,Spiele-Palast GmbH,windows;mac,0,Multi-player;Online Multi-Player;Co-op;Online Co-op;Cross-Platform Multiplayer;In-App Purchases,Casual;Free to Play;Indie;Strategy,Card Game;Free to Play;Casual,0,35,26,9,18,20000-50000,0.0,61,0.5737704918032787,35.0,3.58351893845611,4.127134385045092,2.302585092994046
348250,Google Earth VR,2016-11-16,1,Google,Google,windows,0,Single-player;VR Support;SteamVR Collectibles,Adventure;Casual;Free to Play;Simulation,VR;Free to Play;Simulation,0,1788,71,25,25,500000-1000000,0.0,1859,0.9618074233458848,1788.0,7.489412083508719,7.528331766707247,3.258096538021482
348620,Voices from the Sea,2015-03-24,1,Zeiva Inc,Zeiva Inc,windows,0,Single-player,Adventure;Casual;Free to Play;Indie,Free to Play;Visual Novel;Anime,0,1083,75,18,18,100000-200000,0.0,1158,0.9352331606217616,1083.0,6.988413181999592,7.055312843339752,2.9444389791664403
348700,Walkover,2015-03-23,1,Millenium Project Enterprises,Millenium Project Enterprises,windows;linux,0,Single-player;Multi-player;Co-op;Steam Achievements;Stats;Includes level editor,Action;Free to Play;Indie,Free to Play;Action;Indie,18,72,45,0,0,50000-100000,0.0,117,0.6153846153846154,72.0,4.290459441148391,4.770684624465665,0.0
348840,UFHO2,2015-06-02,1,Tiny Colossus;Ciro Continisio,Tiny Colossus,windows;mac;linux,0,Single-player;Shared/Split Screen;Steam Achievements;Steam Trading Cards;Stats;Steam Leaderboards,Indie;Strategy,Strategy;Indie;Puzzle,24,15,1,0,0,20000-50000,0.0,16,0.9375,15.0,2.772588722239781,2.833213344056216,0.0
348860,MyDream,2015-02-20,1,"MyDream Interactive, Inc","MyDream Interactive, Inc",windows;mac,0,Single-player;Partial Controller Support,Action;Adventure;Casual;Free to Play;Indie;RPG,Free to Play;Casual;Action,0,59,28,17,17,20000-50000,0.0,87,0.6781609195402298,58.99999999999999,4.0943445622221,4.477336814478207,2.8903717578961645
349720,Audition Online,2015-06-03,1,T3 Entertainment,Redbana Corporation,windows,0,Single-player;MMO,Casual;Free to Play;Massively Multiplayer,Free to Play;Music;Rhythm,0,751,410,62,124,200000-500000,0.0,1161,0.6468561584840654,751.0,6.62273632394984,7.057897937411856,4.143134726391533
350020,The Gate,2015-04-27,1,Spicy Horse Games,Spicy Horse Games,windows,0,Single-player;Multi-player,Action;Free to Play;RPG,Free to Play;Action;RPG,54,135,80,0,0,100000-200000,0.0,215,0.627906976744186,135.0,4.912654885736052,5.375278407684165,0.0
350490,Love And Order,2015-04-10,1,Winter Wolves,Winter Wolves,windows;mac;linux,0,Single-player;Steam Achievements;Steam Trading Cards;Partial Controller Support;Steam Cloud,Casual;Indie,Casual;Indie;Anime,6,11,22,0,0,0-20000,0.0,33,0.3333333333333333,11.0,2.4849066497880004,3.5263605246161616,0.0
350700,Red Stone Online,2015-04-01,1,"L＆K CO., LTD","L＆K CO., LTD",windows,0,Multi-player;MMO,Free to Play;Massively Multiplayer;RPG,Free to Play;RPG;Massively Multiplayer,0,145,98,12,12,100000-200000,0.0,243,0.5967078189300411,145.0,4.983606621708336,5.497168225293202,2.5649493574615367
350990,Bloodwood Reload,2015-11-02,1,Luminy Studios,Luminy Studios,windows,0,Single-player,Adventure;Free to Play;Indie,Free to Play;Horror;Adventure,0,117,202,2,2,100000-200000,0.0,319,0.3667711598746082,117.0,4.770684624465665,5.768320995793772,1.0986122886681098
351030,Pixel Puzzles Ultimate,2016-09-09,1,DL Softworks,DL Softworks,windows,0,Single-player;Steam Achievements;Full controller support;Steam Trading Cards;Steam Cloud;Stats;Steam Leaderboards,Casual;Free to Play;Indie,Free to Play;Puzzle;Casual,1559,895,372,220,204,1000000-2000000,0.0,1267,0.7063930544593529,895.0000000000001,6.79794041297493,7.145196134997171,5.3981627015177525
351140,Rustbucket Rumble,2015-05-04,1,Reactor Zero,"Scrap Yard Productions, LLC",windows;mac;linux,0,Multi-player;Cross-Platform Multiplayer;Steam Achievements;Full controller support;Steam Trading Cards;Stats;Steam Leaderboards,Action;Casual;Free to Play;Indie,Free to Play;Action;Indie,21,207,176,108,140,200000-500000,0.0,383,0.5404699738903395,207.0,5.337538079701318,5.950642552587727,4.691347882229144
351410,Clean'Em Up,2016-08-18,1,Amidos;Big O;Bauer,Amidos,windows,0,Single-player,Action;Free to Play;Indie,Free to Play;Indie;Action,0,42,2,0,0,20000-50000,0.0,44,0.9545454545454546,42.0,3.7612001156935615,3.80666248977032,0.0
351630,Fire With Fire Tower Attack and Defense,2016-03-29,1,Theory Georgiou,Theory Georgiou,windows,0,Multi-player;Steam Achievements,Casual;Free to Play;Indie;Strategy;Early Access,Early Access;Free to Play;Tower Defense,31,102,104,0,0,50000-100000,0.0,206,0.4951456310679611,102.0,4.634728988229636,5.332718793265369,0.0
351640,Eternal Senia,2015-06-18,1,Holy Priest,Holy Priest,windows,0,Single-player,Action;Free to Play;Indie;RPG,Anime;Free to Play;RPG,0,10106,227,15961,155,500000-1000000,0.0,10333,0.9780315494048196,10106.0,9.220983532074662,9.24319470884713,9.677966176435952
351790,Invisible Apartment,2015-03-02,1,Milan Kazarka;Jeroen van Oosten,Vysoko Anime Production,windows;mac;linux,0,Single-player,Adventure;Free to Play;Indie,Free to Play;Anime;Visual Novel,0,296,115,11,12,100000-200000,0.0,411,0.7201946472019465,296.0,5.6937321388027,6.021023349349527,2.4849066497880004
351800,Dev Guy,2015-05-20,1,Daniel Jonathan Bourke,Project tranquil,windows,0,Single-player,Adventure;Free to Play;Indie,Free to Play;Indie;Adventure,7,1389,353,19,19,200000-500000,0.0,1742,0.7973593570608496,1389.0,7.237059026124737,7.463363045520021,2.995732273553991
351940,The Descendant,2016-03-24,1,Gaming Corps AB,Microids Indie;Microids,windows;mac,0,Single-player;Steam Achievements;Full controller support;Steam Trading Cards;Captions available,Adventure;Casual;Indie,Adventure;Casual;Point & Click,50,2071,305,254,247,200000-500000,0.0,2376,0.8716329966329966,2071.0,7.636269603379373,7.773594467360194,5.541263545158426
352160,Curse of Mermos,2015-06-23,1,TEAM101,TEAM101,windows,0,Single-player;Full controller support,Action;Free to Play;Indie,Free to Play;Indie;Action,0,152,119,88,100,100000-200000,0.0,271,0.5608856088560885,152.0,5.030437921392435,5.605802066295998,4.48863636973214
352700,Subspace Continuum,2015-07-03,1,Virgin Interactive Entertainment;PriitK,Subspace Continuum,windows,0,Online Multi-Player;MMO;Cross-Platform Multiplayer;Partial Controller Support;Stats,Action;Casual;Free to Play;Massively Multiplayer,Free to Play;Massively Multiplayer;Action,1,389,54,0,0,100000-200000,0.0,443,0.8781038374717833,389.0,5.966146739123692,6.095824562432225,0.0
353130,Time of Dragons,2016-02-01,1,4 I Lab,4 I Lab,windows;mac;linux,0,Multi-player,Action;Free to Play;Indie;Massively Multiplayer;Simulation,Dragons;Free to Play;Flight,120,1095,560,19,20,500000-1000000,0.0,1655,0.6616314199395771,1095.0,6.999422467507961,7.412160334945205,2.995732273553991
353360,how do you Do It?,2015-02-27,1,Nina Freeman;Emmett Butler;Decky Coss;Joni Kittaka,none,windows;mac,0,Single-player,Free to Play;Indie,Free to Play;Indie;Nudity,0,2248,404,9,14,200000-500000,0.0,2652,0.8476621417797888,2248.0,7.718240951959316,7.88344635413774,2.302585092994046
354200,Aberoth,2015-07-17,1,Jarbit;Castle art by Yuriy Gusev,Jarbit,windows;mac;linux,0,Multi-player;Online Multi-Player;MMO;Steam Achievements,Action;Adventure;Free to Play;Indie;Massively Multiplayer;RPG,Free to Play;Pixel Graphics;Massively Multiplayer,30,748,476,354,35,200000-500000,0.0,1224,0.6111111111111112,748.0000000000001,6.618738983517219,7.110696122978827,5.872117789475416
354290,LoveBeat,2016-01-13,1,"CRAZYDIAMOND CO., LTD.","CRAZYDIAMOND CO., LTD.",windows,0,Single-player;Multi-player;Online Multi-Player;Steam Trading Cards;In-App Purchases,Action;Casual;Free to Play;Massively Multiplayer,Free to Play;Anime;Rhythm,0,674,243,13,13,200000-500000,0.0,917,0.7350054525627044,674.0,6.51471269087253,6.822197390620491,2.6390573296152584
354640,The Settlers Online,2015-08-19,1,Blue Byte,Ubisoft,windows;mac,0,Single-player;Multi-player;Steam Trading Cards;Steam Cloud,Free to Play;Simulation;Strategy,Free to Play;City Builder;Strategy,0,332,586,25,21,200000-500000,0.0,918,0.3616557734204793,332.0,5.808142489980444,6.823286122355687,3.258096538021482
355070,TDP5 Arena 3D,2015-03-26,1,Javelin OÜ,Javelin OÜ,windows,0,Multi-player,Action;Free to Play;Massively Multiplayer,Free to Play;Action;Massively Multiplayer,0,99,119,8,8,100000-200000,0.0,218,0.4541284403669725,99.0,4.605170185988092,5.389071729816501,2.19722457733622
355180,Codename CURE,2017-10-31,1,Hoobalugalar_X,Hoobalugalar_X,windows;mac;linux,0,Single-player;Co-op;Online Co-op;Cross-Platform Multiplayer;Steam Achievements;Steam Workshop;Partial Controller Support;Includes level editor,Action;Free to Play,Free to Play;Zombies;Multiplayer,40,11470,2426,191,71,2000000-5000000,0.0,13896,0.8254173862982153,11470.0,9.347577390281268,9.53942826848658,5.2574953720277815
355500,Leadwerks Game Launcher,2015-08-24,1,Leadwerks Software,Leadwerks Software,windows,0,Full controller support;Steam Workshop;Steam Leaderboards,Animation & Modeling;Design & Illustration;Education;Software Training;Utilities;Early Access,Early Access;Software Training;Design & Illustration,0,30,12,0,0,50000-100000,0.0,42,0.7142857142857143,30.0,3.4339872044851463,3.7612001156935615,0.0
355840,Survarium,2015-04-02,1,Vostok Games,Vostok Games,windows,16,Online Multi-Player;MMO;Online Co-op;Steam Achievements;Steam Trading Cards,Action;Free to Play;Massively Multiplayer;RPG;Early Access,Early Access;Free to Play;Survival,73,9985,9441,6569,59,2000000-5000000,0.0,19426,0.5140018531864512,9985.000000000002,9.208939391060555,9.87441913003878,8.790269111478656
356130,Heroes of Scene,2015-08-26,1,Icy Donut,Icy Donut,windows,0,Single-player;Multi-player;MMO;Cross-Platform Multiplayer;Steam Achievements;Steam Trading Cards,Free to Play;Indie;Massively Multiplayer;Strategy,Free to Play;Strategy;Massively Multiplayer,13,349,343,7,7,200000-500000,0.0,692,0.5043352601156069,349.0,5.857933154483459,6.541029999189903,2.079441541679836
356310,METAL SLUG DEFENSE,2015-05-01,1,SNK CORPORATION,SNK CORPORATION,windows,0,Single-player;Multi-player;Steam Achievements;Partial Controller Support;Steam Cloud;Steam Leaderboards,Action;Free to Play,Free to Play;Action;Tower Defense,64,736,735,216,431,200000-500000,0.0,1471,0.5003399048266486,736.0000000000001,6.602587892189336,7.294377299288821,5.37989735354046
356370,Soccer Manager 2015,2015-07-16,1,Soccer Manager Ltd,Soccer Manager Ltd,windows;mac,0,Single-player,Free to Play;Sports,Free to Play;Sports;Soccer,0,367,169,162,244,200000-500000,0.0,536,0.6847014925373134,367.0,5.908082938168931,6.285998094508865,5.093750200806762
356420,Interloper,2015-05-21,1,Monogon Games,Monogon Games,windows;mac;linux,0,Single-player;Multi-player;Cross-Platform Multiplayer;Steam Achievements;Steam Trading Cards;Steam Cloud;Stats;Steam Leaderboards,Indie;Strategy,Strategy;Indie;RTS,20,284,44,319,326,50000-100000,0.0,328,0.8658536585365854,284.0,5.652489180268651,5.796057750765372,5.768320995793772
356520,Port of Call,2015-08-28,1,Underdog Games,Underdog Games,windows;mac,0,Single-player;Steam Achievements;Partial Controller Support,Adventure;Indie,Indie;Adventure;Free to Play,7,939,104,17,17,100000-200000,0.0,1043,0.900287631831256,939.0,6.84587987526405,6.950814768442584,2.8903717578961645
356670,Spooky's Jump Scare Mansion,2015-07-28,1,Lag Studios,Lag Studios,windows,0,Single-player,Action;Adventure;Free to Play;Indie,Horror;Free to Play;Cute,0,9030,725,7131,42,1000000-2000000,0.0,9755,0.9256791389031266,9030.0,9.108418382250798,9.18563775933581,8.872346978983032
357370,Return NULL - Episode 1,2015-04-02,1,Michael Lückgen,Digital Tribe;iNDEE SOLO,windows;mac;linux,0,Single-player;Steam Trading Cards,Indie,Interactive Fiction;Indie;Great Soundtrack,0,57,31,10,10,20000-50000,0.0,88,0.6477272727272727,57.0,4.060443010546419,4.48863636973214,2.3978952727983707
357500,Rumble Fighter: Unleashed,2016-12-16,1,NIMONIX,RedFox Games,windows,0,Single-player;Multi-player;Online Multi-Player;In-App Purchases,Action;Free to Play,Free to Play;Action;Fighting,0,98,111,35,35,50000-100000,0.0,209,0.4688995215311005,98.0,4.59511985013459,5.3471075307174685,3.58351893845611
357830,Attack of the Labyrinth +,2015-03-30,1,Timedrop Studios,Timedrop Studios,windows,0,Single-player;Shared/Split Screen;Steam Achievements;Full controller support,Action;Indie,Action;Indie;Arcade,16,27,14,0,0,0-20000,0.0,41,0.6585365853658537,27.0,3.332204510175204,3.737669618283368,0.0
358300,Major Stryker,2014-05-05,1,3D Realms (Apogee Software),3D Realms (Apogee Software),windows;mac,0,Single-player;Partial Controller Support,Action,Action;Shoot 'Em Up;Classic,0,13,5,0,0,0-20000,0.0,18,0.7222222222222222,13.0,2.6390573296152584,2.9444389791664403,0.0
358390,Stargunner,2014-05-05,1,3D Realms,3D Realms (Apogee Software),windows;mac,0,Single-player;Partial Controller Support,Action;Free to Play,Action;Free to Play;Shoot 'Em Up,0,55,9,13,13,0-20000,0.0,64,0.859375,55.0,4.02535169073515,4.174387269895637,2.6390573296152584
359800,Copa Petrobras de Marcas,2015-04-08,1,Reiza Studios,Reiza Studios,windows,0,Single-player;Partial Controller Support,Free to Play;Racing;Simulation;Sports,Racing;Free to Play;Simulation,0,1086,781,38,33,500000-1000000,0.0,1867,0.5816818425281199,1086.0,6.99117688712121,7.532623618788788,3.6635616461296463
360620,Spellsworn,2018-03-13,1,Frogsong Studios AB,Frogsong Studios AB,windows;linux,0,Multi-player;Online Multi-Player;Cross-Platform Multiplayer;Steam Trading Cards;In-App Purchases;Stats,Action;Free to Play;Indie,Magic;Multiplayer;Free to Play,0,692,106,96,91,100000-200000,0.0,798,0.8671679197994987,692.0,6.541029999189903,6.683360945766275,4.574710978503383
360730,Cards and Castles,2015-12-18,1,Red Team Games,Red Team Games,windows;mac,0,Single-player;Multi-player;Cross-Platform Multiplayer;Steam Achievements;Steam Trading Cards;In-App Purchases;Steam Leaderboards,Free to Play;Indie;Massively Multiplayer;Strategy,Free to Play;Card Game;Strategy,16,461,192,48,48,100000-200000,0.0,653,0.7059724349157733,461.0,6.135564891081739,6.483107351457199,3.8918202981106265
360870,Ultimate Tic-Tac-Toe,2015-04-28,1,Tigerish Games,Tigerish Games,windows,0,Single-player;Multi-player;Shared/Split Screen;Steam Achievements;Steam Cloud;Stats;Steam Leaderboards,Casual;Free to Play,Free to Play;Casual;Multiplayer,11,1071,222,1,1,200000-500000,0.0,1293,0.8283062645011601,1071.0,6.977281341630747,7.165493475060845,0.6931471805599453
361630,404Sight,2015-04-16,1,Retro Yeti Games,Retro Yeti Games,windows,0,Single-player;Steam Achievements;Partial Controller Support,Action;Indie,Parkour;Action;Indie,19,1181,229,22,41,200000-500000,0.0,1410,0.8375886524822695,1181.0,7.074963197966044,7.252053951852814,3.1354942159291497
362060,Construct: Embers of Life,2017-08-07,1,Seth O'Dale,Seth O'Dale Inc,windows,0,Single-player,Violent;Gore;Adventure,Adventure;Violent;Gore,0,9,12,0,0,0-20000,0.0,21,0.4285714285714285,9.0,2.302585092994046,3.091042453358316,0.0
362400,Regimental Chess,2015-04-29,1,Thomas Bacon,Regimental Chess Inc.,windows;mac,0,Multi-player;Cross-Platform Multiplayer,Free to Play;Strategy,Free to Play;Strategy;Chess,0,57,59,0,0,50000-100000,0.0,116,0.4913793103448275,57.0,4.060443010546419,4.762173934797756,0.0
363970,Clicker Heroes,2015-05-13,1,Playsaurus,Playsaurus,windows;mac,0,Single-player;Steam Achievements;Steam Trading Cards;In-App Purchases;Steam Cloud;Stats,Adventure;Casual;Free to Play;Indie;RPG;Simulation;Strategy,Clicker;Free to Play;Casual,111,42530,4734,9742,463,5000000-10000000,0.0,47264,0.8998392010832769,42530.0,10.65798850078574,10.763525342859484,9.184304357425342
364470,The Elder Scrolls®: Legends™,2017-05-31,1,"Sparkypants Studios, LLC",Bethesda Softworks,windows;mac,0,Single-player;Multi-player;Online Multi-Player;Cross-Platform Multiplayer;Steam Trading Cards;In-App Purchases,Free to Play,Free to Play;Card Game;Multiplayer,0,5365,2099,448,214,1000000-2000000,0.0,7464,0.7187834941050375,5365.0,8.58783803098557,8.91798070997329,6.107022887742255
364880,Genesis of Drones,2016-05-24,1,Chris Mailloux,boredmob.com,windows,0,Single-player;Full controller support,Action;Casual;Indie,Action;Indie;Casual,0,16,10,0,0,0-20000,0.0,26,0.6153846153846154,16.0,2.833213344056216,3.295836866004329,0.0
365050,Escape,2015-04-20,1,Stephane Bottin,Stephane Bottin,windows,0,Single-player,Free to Play;Indie;Strategy,Free to Play;Indie;Strategy,0,173,118,0,0,100000-200000,0.0,291,0.5945017182130584,173.0,5.159055299214529,5.676753802268282,0.0
365070,One Manga Day,2015-05-04,1,DeXP,DeXP;MyLifeGame.RU,windows;mac;linux,0,Single-player;Steam Achievements;Steam Trading Cards;Partial Controller Support,Adventure;Casual;Free to Play;Indie;Simulation,Free to Play;Anime;Visual Novel,12,502,361,0,0,100000-200000,0.0,863,0.5816917728852838,502.0,6.220590170099739,6.761572768804055,0.0
365270,Shadow Hunter,2015-04-20,1,Jeff Trier,Jeff Trier,windows,0,Single-player,Free to Play;Indie;RPG;Strategy,Free to Play;RPG;Indie,0,37,24,0,0,50000-100000,0.0,61,0.6065573770491803,37.0,3.6375861597263857,4.127134385045092,0.0
365300,Transmissions: Element 120,2016-06-16,1,Shokunin;Thomas M. Visser;Vincent Thiele,Self Published,windows;linux,0,Single-player;Steam Achievements;Captions available;VR Support;Partial Controller Support;Steam Cloud,Action;Free to Play;Indie,Free to Play;Action;Shooter,11,7916,501,84,90,500000-1000000,0.0,8417,0.9404776048473328,7916.0,8.976767625171433,9.038127549330516,4.442651256490317
365510,Flip,2016-02-15,1,Perro Electrico,Perro Electrico,windows,0,Single-player;Steam Achievements;Stats,Casual;Indie,Indie;Casual;Family Friendly,25,15,1,0,0,0-20000,0.0,16,0.9375,15.0,2.772588722239781,2.833213344056216,0.0
366800,Mainland,2015-05-08,1,Vasily Voronkov;Ryan Joseph;Peter Kosyh,INSTEAD Community,windows,0,Single-player,Adventure;Free to Play;Indie,Adventure;Free to Play;Indie,0,190,36,0,0,100000-200000,0.0,226,0.8407079646017699,190.0,5.25227342804663,5.424950017481403,0.0
366960,SECTOR,2015-06-29,1,UD,UD,windows,0,Single-player,Action;Indie,Action;Indie;Horror,0,22,84,0,0,20000-50000,0.0,106,0.2075471698113207,22.0,3.1354942159291497,4.672828834461906,0.0
367120,Seduce Me the Otome,2015-06-04,1,Michaela Laws,Michaela Laws,windows;mac;linux,0,Single-player;Steam Achievements,Casual;Simulation,Free to Play;Nudity;Visual Novel,25,1685,285,75,77,200000-500000,0.0,1970,0.8553299492385786,1685.0,7.430114138561801,7.58629630715272,4.330733340286331
368290,Visibility,2015-05-25,1,Zeritum,Zeritum,windows,0,Single-player;Steam Achievements,Free to Play;Indie,Indie;Free to Play;Platformer,17,44,25,1,1,20000-50000,0.0,69,0.6376811594202898,43.99999999999999,3.80666248977032,4.248495242049359,0.6931471805599453
368950,Jigoku Kisetsukan: Sense of the Seasons,2015-05-12,1,Emad,Emad,windows,0,Single-player;Steam Achievements;Partial Controller Support,Free to Play;Indie,Bullet Hell;Free to Play;Anime,21,1601,118,163,178,200000-500000,0.0,1719,0.9313554392088425,1601.0,7.379008127628304,7.450079569807499,5.099866427824199
368980,Force of Elements,2015-12-29,1,"Wicked Fun, Inc.","Wicked Fun, Inc.",windows,0,Single-player;Multi-player;Steam Achievements;Steam Trading Cards;Stats,Action;Free to Play;Indie;Strategy;Early Access,Early Access;Free to Play;Strategy,20,46,43,0,0,20000-50000,0.0,89,0.5168539325842697,46.00000000000001,3.850147601710059,4.499809670330265,0.0
369030,Vinyl,2016-07-01,1,Manipulation Machine,Manipulation Machine,windows,0,Single-player;Steam Achievements;Steam Leaderboards,Action;Casual;Free to Play;Indie,Free to Play;Casual;Indie,10,154,109,132,132,50000-100000,0.0,263,0.5855513307984791,154.0,5.043425116919247,5.575949103146316,4.890349128221754
369400,Let the Cat in,2015-08-27,1,Eforb,Eforb,windows;mac,0,Single-player;Steam Achievements;Steam Leaderboards;Steam Turn Notifications,Casual;Free to Play;Indie;Strategy,Free to Play;Female Protagonist;Story Rich,21,803,223,7,7,200000-500000,0.0,1026,0.7826510721247564,803.0,6.689599269178967,6.934397209928558,2.079441541679836
370070,Wyrmsun,2015-05-22,1,Andrettin,Andrettin,windows;linux,0,Single-player;Steam Achievements;Steam Workshop;Includes level editor,Adventure;Indie;Strategy,Strategy;Adventure;Indie,17,146,32,11,11,20000-50000,0.0,178,0.8202247191011236,146.0,4.990432586778736,5.187385805840755,2.4849066497880004
370590,Gem Wars: Attack of the Jiblets,2015-12-14,1,Queen Birdface Productions,Queen Birdface Productions,windows,0,Single-player;Multi-player;Co-op;Shared/Split Screen;Steam Achievements;Full controller support;Steam Trading Cards,Action;Casual;Indie,Action;Indie;Casual,47,37,23,0,0,20000-50000,0.0,60,0.6166666666666667,37.0,3.6375861597263857,4.110873864173311,0.0
370770,Holodrive,2016-03-24,1,BitCake Studio,Versus Evil,windows,0,Multi-player;Online Multi-Player;Cross-Platform Multiplayer;Steam Achievements;Full controller support;Steam Trading Cards;In-App Purchases,Action;Free to Play;Indie;Early Access,Early Access;Free to Play;Indie,30,766,184,150,203,200000-500000,0.0,950,0.8063157894736842,766.0,6.642486801367256,6.85751406254539,5.017279836814924
370800,Fields of Battle,2017-09-01,1,Super X Studios LLC,Super X Studios LLC,windows,0,Single-player;Online Multi-Player;Full controller support;In-App Purchases,Action;Sports,Action;Sports;FPS,0,61,26,0,0,0-20000,0.0,87,0.7011494252873564,61.0,4.127134385045092,4.477336814478207,0.0
371370,Advent,2015-05-15,1,Omega Games,Omega Games,windows,0,Single-player,RPG,RPG;Indie;Turn-Based,0,14,8,0,0,0-20000,0.0,22,0.6363636363636364,14.0,2.70805020110221,3.1354942159291497,0.0
372000,Tree of Savior (English Ver.),2016-03-28,1,"IMCGAMES Co.,Ltd.","IMCGAMES Co.,Ltd.",windows,0,MMO;Steam Trading Cards;In-App Purchases;Partial Controller Support;Valve Anti-Cheat enabled,Free to Play;Massively Multiplayer;RPG,MMORPG;Massively Multiplayer;Free to Play,0,9323,5897,2119,760,2000000-5000000,0.0,15220,0.6125492772667542,9323.0,9.140347000155648,9.630431332279668,7.659171367666058
372190,Astro Lords: Oort Cloud,2016-01-15,1,Aratog LLC,BISBOG SA,windows,0,Single-player;MMO,Free to Play,Free to Play;Space;Strategy,0,22,25,0,0,50000-100000,0.0,47,0.4680851063829787,22.0,3.1354942159291497,3.871201010907891,0.0
372540,The Lost Mythologies,2016-01-28,1,Basaltic studio,Basaltic studio,windows,0,Single-player;Full controller support,Action;Free to Play,Free to Play;Action;Female Protagonist,1,1099,514,6,7,200000-500000,0.0,1613,0.6813391196528208,1099.0,7.003065458786462,7.3864708488298945,1.9459101490553128
372670,Eternal Realm,2015-05-18,1,Omega Games,Omega Games,windows,0,Single-player,RPG,RPG;RPGMaker;Indie,0,6,10,0,0,0-20000,0.0,16,0.375,6.0,1.9459101490553128,2.833213344056216,0.0
372800,RPG MO,2015-08-18,1,Marxnet,Marxnet,windows;mac;linux,0,Multi-player;Online Multi-Player;MMO;Co-op;Online Co-op;Cross-Platform Multiplayer;Steam Achievements;Steam Trading Cards;In-App Purchases;Partial Controller Support;Stats;Steam Leaderboards,Adventure;Free to Play;Indie;Massively Multiplayer;RPG;Early Access,Early Access;Free to Play;RPG,136,1721,477,235,352,500000-1000000,0.0,2198,0.7829845313921747,1721.0,7.451241684987676,7.695757990554761,5.4638318050256105
372820,Shot In The Dark,2015-06-10,1,Technomancy Studios,Technomancy Studios,windows,0,Multi-player;Steam Achievements;Steam Trading Cards;Partial Controller Support,Action;Free to Play;Indie;Early Access,Early Access;Indie;Free to Play,14,80,82,0,0,50000-100000,0.0,162,0.4938271604938271,80.0,4.394449154672439,5.093750200806762,0.0
373330,All Is Dust,2015-06-26,1,Mannequin Games LLC,Mannequin Games LLC,windows,0,Single-player;VR Support;Partial Controller Support,Adventure;Free to Play,Free to Play;Horror;Multiplayer,0,523,686,484,484,200000-500000,0.0,1209,0.4325889164598842,523.0,6.261491684321042,7.098375638590786,6.184148890937483
373720,Ryzom,2016-05-06,1,Winch Gate Property Limited,Winch Gate Property Limited,windows;mac;linux,0,Multi-player;MMO;Co-op;Cross-Platform Multiplayer,Free to Play;Indie;Massively Multiplayer;RPG,Massively Multiplayer;Free to Play;RPG,3,193,114,6,10,50000-100000,0.0,307,0.6286644951140065,193.0,5.267858159063328,5.730099782973574,1.9459101490553128
373970,Letter Quest: Grimm's Journey Remastered,2015-08-05,1,Bacon Bandit Games,Digerati Distribution,windows;mac;linux,0,Single-player;Steam Achievements;Steam Trading Cards;Steam Cloud;Steam Leaderboards,Casual;Indie,Spelling;Casual;Typing,60,270,24,0,0,50000-100000,0.0,294,0.9183673469387756,270.0,5.602118820879701,5.68697535633982,0.0
374670,Ember Strike,2016-05-26,1,Reentry Games,Reentry Games,windows,0,Single-player;Multi-player;Steam Achievements;Steam Trading Cards;In-App Purchases,Action;Free to Play;Indie;Early Access,Early Access;Free to Play;Indie,15,833,194,0,0,100000-200000,0.0,1027,0.8111002921129503,833.0,6.726233402358747,6.93537044601511,0.0
375220,Bitweb,2015-06-03,1,practicing01,practicing01,windows;linux,0,Single-player,Casual;Free to Play,Free to Play;Casual;Horror,0,46,90,1,1,50000-100000,0.0,136,0.3382352941176471,46.0,3.8501476017100575,4.919980925828125,0.6931471805599453
375230,"Warhammer 40,000: Eternal Crusade",2017-03-16,1,Behaviour Interactive Inc.,Behaviour Interactive Inc.,windows,0,Multi-player;Online Multi-Player;MMO;Co-op;Online Co-op;Steam Achievements;Steam Trading Cards;In-App Purchases;Partial Controller Support;Stats,Violent;Action;Adventure;Free to Play;Massively Multiplayer,Warhammer 40K;Third-Person Shooter;Action,67,5439,5580,495,43,500000-1000000,0.0,11019,0.4936019602504764,5439.0,8.601534339849989,9.307467082706903,6.206575926724928
375600,Air Brawl,2015-11-05,1,Landfall,Landfall,windows;mac;linux,0,Multi-player;Partial Controller Support,Action;Indie,Action;Indie;Flight,15,734,268,8,8,100000-200000,0.0,1002,0.7325349301397206,734.0,6.5998704992128365,6.910750787961936,2.19722457733622
375950,Viridi,2015-08-19,1,Zoe Vartanian;Badru;Isa Hutchinson;Michael Bell,Ice Water Games,windows;mac;linux,0,Single-player;Steam Cloud,Casual;Free to Play;Indie;Simulation,Free to Play;Relaxing;Simulation,47,5524,575,12,18,500000-1000000,0.0,6099,0.9057222495491064,5524.0,8.617038526385954,8.716044050161402,2.5649493574615367
376140,SAGA,2015-08-04,1,Silverlode Interactive;Wasatch Games,Silverlode Interactive,windows,0,Multi-player;MMO;Co-op,Free to Play;Indie;Massively Multiplayer;Strategy,Free to Play;Strategy;Massively Multiplayer,0,58,62,0,0,50000-100000,0.0,120,0.4833333333333333,58.0,4.07753744390572,4.795790545596741,0.0
376310,Otherland MMO,2016-09-12,1,Drago Entertainment,Game OL GmbH,windows,0,MMO;Steam Achievements;Steam Trading Cards,Indie;Massively Multiplayer;RPG,Massively Multiplayer;RPG;MMORPG,4,195,357,0,0,20000-50000,0.0,552,0.3532608695652174,195.0,5.278114659230517,6.315358001522335,0.0
376560,Big Fish Legend,2015-07-20,1,Igry.ru,Igry.ru,windows,0,Single-player;Steam Achievements;Steam Trading Cards;Partial Controller Support;Steam Cloud;Includes level editor,Adventure;Casual;Indie,Indie;Casual;Adventure,12,85,16,0,0,0-20000,0.0,101,0.8415841584158416,85.0,4.454347296253507,4.624972813284271,0.0
377260,Unearned Bounty,2018-08-22,1,Extrokold Games,Extrokold Games,windows;mac;linux,0,Multi-player;Online Multi-Player;Cross-Platform Multiplayer;Steam Achievements;In-App Purchases;Partial Controller Support,Action;Free to Play;Indie,Free to Play;Pirates;Multiplayer,19,196,100,9,9,100000-200000,0.0,296,0.6621621621621622,196.0,5.2832037287379885,5.6937321388027,2.302585092994046
377330,Close Your Eyes [Old Version],2015-08-31,1,Yai Gameworks,Yai Gameworks,windows,0,Single-player;Steam Achievements;Steam Trading Cards;Partial Controller Support;Steam Cloud,Sexual Content;Violent;Gore;Adventure;Free to Play;Indie,Free to Play;Horror;Indie,8,622,82,9,17,100000-200000,0.0,704,0.8835227272727273,622.0,6.434546518787453,6.558197802812269,2.302585092994046
377430,Who Is Mike - A Visual Novel,2015-09-29,1,Fervent,Afterthought Studios,windows;mac;linux,0,Single-player,Casual;Indie;RPG;Simulation,Indie;Visual Novel;Casual,0,315,33,48,48,50000-100000,0.0,348,0.9051724137931034,315.0,5.755742213586912,5.855071922202427,3.8918202981106265
378300,The Knobbly Crook,2015-06-09,1,Gnarled Scar Manipulations,Gnarled Scar Manipulations,windows,0,Single-player,Adventure;Free to Play;Indie,Free to Play;Adventure;Indie,0,155,16,13,13,50000-100000,0.0,171,0.9064327485380116,155.0,5.049856007249537,5.147494476813453,2.6390573296152584
378370,Nomad,2015-06-26,1,Diminished Studios,Diminished Studios,windows,0,Multi-player;Online Multi-Player;MMO;Co-op;Online Co-op;Steam Achievements;Steam Trading Cards,Action;Adventure;Free to Play;Indie;Massively Multiplayer;RPG;Early Access,Early Access;Survival;Multiplayer,26,2153,1502,82,159,200000-500000,0.0,3655,0.5890560875512996,2153.0,7.675081857716334,8.204124932574041,4.418840607796598
378480,Badland Bandits,2015-07-16,1,Wild Wolf Std,Wild Wolf Std,windows;mac;linux,0,Multi-player;Steam Achievements;Steam Trading Cards,Action;Massively Multiplayer;Racing;RPG;Simulation;Early Access,Early Access;Racing;Action,26,62,80,0,0,50000-100000,0.0,142,0.4366197183098591,61.99999999999999,4.143134726391533,4.962844630259907,0.0
379870,Alteil: Horizons,2016-10-27,1,Apocoplay LLC;Ludeme Games;Coreedge Inc,Apocoplay LLC,windows,0,Single-player;Multi-player;Online Multi-Player;Cross-Platform Multiplayer;In-App Purchases,Free to Play;Indie;Strategy,Free to Play;Strategy;Indie,0,43,48,0,0,50000-100000,0.0,91,0.4725274725274725,43.0,3.784189633918261,4.5217885770490405,0.0
380140,The Secret of Tremendous Corporation,2015-10-12,1,Sebastian Krzyszkowiak;Konrad Burandt;Paweł Radej,dosowisko.net,windows;linux,0,Single-player;Captions available;Steam Cloud,Adventure;Casual;Free to Play;Indie,Free to Play;Adventure;Indie,0,218,50,95242,190445,100000-200000,0.0,268,0.8134328358208955,218.0,5.389071729816501,5.594711379601839,11.464186799474716
380360,Tap Tap Infinity,2015-07-17,1,Scary Bee LLC,Scary Bee LLC,windows;mac,0,Single-player;Steam Achievements;Steam Trading Cards;Steam Leaderboards,Action;Casual;Free to Play;Indie;RPG,Clicker;Free to Play;Casual,100,632,219,5889,6061,200000-500000,0.0,851,0.7426556991774383,632.0,6.450470422144176,6.747586526829315,8.681011276645632
380600,Fishing Planet,2017-08-28,1,Fishing Planet LLC,Fishing Planet LLC,windows;mac;linux,0,Single-player;Multi-player;Online Multi-Player;MMO;Co-op;Online Co-op;Full controller support,Free to Play;Massively Multiplayer;Simulation;Sports,Free to Play;Fishing;Simulation,0,10585,3330,196,61,2000000-5000000,0.0,13915,0.7606899029823931,10585.0,9.267287652417933,9.540794536271832,5.2832037287379885
380840,Teeworlds,2015-08-24,1,Teeworlds Team,Teeworlds Team,windows;mac;linux,0,Multi-player;Online Multi-Player;Cross-Platform Multiplayer;Includes level editor,Action;Free to Play;Indie,Free to Play;Multiplayer;2D,0,3104,415,112,35,500000-1000000,0.0,3519,0.8820687695368002,3104.0,8.040768994367578,8.166216268592143,4.727387818712341
381560,Epic Cards Battle(TCG),2015-07-09,1,momoStorm Entertainment,momoStorm Entertainment,windows;mac,0,Single-player;Multi-player;Cross-Platform Multiplayer;Steam Achievements,Casual;Free to Play;Strategy,Free to Play;Nudity;Anime,50,359,349,141,141,100000-200000,0.0,708,0.5070621468926554,359.0,5.886104031450156,6.563855526532128,4.955827057601261
381640,Allods Online RU,2016-01-26,0,IT Territory,Mail.Ru,windows,0,MMO;Steam Trading Cards;In-App Purchases,Free to Play;Massively Multiplayer;RPG,Free to Play;Massively Multiplayer;RPG,0,423,288,9,9,100000-200000,0.0,711,0.5949367088607594,423.0,6.049733455231958,6.568077911411976,2.302585092994046
381940,Trials on Tatooine,2016-07-18,1,ILMxLAB,ILMxLAB,windows,0,Single-player;VR Support,Action,Action;VR;Star Wars,0,949,227,169,169,200000-500000,0.0,1176,0.8069727891156463,949.0,6.856461984594587,7.0707241072602764,5.135798437050262
382000,Mindshow,2017-08-30,1,"Mindshow, Inc.","Mindshow, Inc.",windows,0,Single-player,Casual;Free to Play;Simulation;Animation & Modeling;Early Access,Early Access;Free to Play;VR,0,334,14,0,0,50000-100000,0.0,348,0.9597701149425288,334.0,5.814130531825066,5.855071922202427,0.0
382260,8Bit Fiesta,2016-09-30,1,Linus Fredriksson,Frozen Dev,windows,0,Single-player;Local Multi-Player;Local Co-op;Shared/Split Screen;Steam Achievements;Full controller support;Steam Trading Cards;Steam Leaderboards,Action;Casual;Free to Play;Indie,Indie;Action;Casual,16,287,24,0,0,0-20000,0.0,311,0.9228295819935692,287.0,5.662960480135946,5.7430031878094825,0.0
382490,Relic Hunters Zero,2015-08-18,1,Rogue Snail,Rogue Snail,windows;mac,0,Single-player;Shared/Split Screen;Steam Achievements;Full controller support;Steam Trading Cards,Action;Free to Play;Indie,Free to Play;Pixel Graphics;Action,44,5715,352,147,141,500000-1000000,0.0,6067,0.941981209823636,5715.0,8.651024539049757,8.710784340468424,4.997212273764115
383080,Sakura Clicker,2015-07-29,1,Winged Cloud,Winged Cloud,windows,0,Single-player;Steam Trading Cards;Steam Cloud,Sexual Content;Nudity;Casual;Free to Play;Indie,Nudity;Anime;Free to Play,0,11952,2209,1055,107,1000000-2000000,0.0,14161,0.8440081915118989,11952.0,9.38873757187798,9.55831760021172,6.962243464266207
384030,Florensia,2016-11-29,1,AHA Entertainment,GAMESinFLAMES,windows,0,Multi-player;MMO;Steam Trading Cards;In-App Purchases,Adventure;Free to Play;Massively Multiplayer;RPG,Free to Play;Anime;RPG,0,258,174,550,1090,100000-200000,0.0,432,0.5972222222222222,258.0,5.556828061699537,6.07073772800249,6.311734809152915
384180,Prominence Poker,2016-12-12,1,Pipeworks Studio,505 Games,windows,0,Single-player;Multi-player;Online Multi-Player;Steam Achievements;Full controller support;Steam Trading Cards;In-App Purchases,Free to Play;Massively Multiplayer;Simulation;Strategy,Card Game;Free to Play;Simulation,45,1628,434,64,111,200000-500000,0.0,2062,0.7895247332686712,1628.0,7.395721608602045,7.631916513071252,4.174387269895637
384980,Battle for Blood - Epic battles within 30 seconds!,2015-07-08,1,YFC games,YFC games,windows;mac;linux,0,Single-player;Steam Achievements;Steam Leaderboards,Casual;Free to Play;Indie;Strategy,Casual;Free to Play;Strategy,14,501,188,9,16,100000-200000,0.0,689,0.7271407837445574,501.00000000000006,6.218600119691729,6.536691597591305,2.302585092994046
385260,Lamia Must Die,2015-08-26,1,Tuomo Laine,Tuomo Laine,windows,0,Single-player,Free to Play;RPG,Free to Play;RPG;Anime,0,118,69,0,0,50000-100000,0.0,187,0.6310160427807486,118.0,4.77912349311153,5.236441962829949,0.0
385370,Radiator 2: Anniversary Edition,2016-06-16,1,Robert Yang,Robert Yang,windows;mac;linux,0,Single-player;Steam Achievements;Full controller support;Captions available,Sexual Content;Nudity;Action;Casual;Free to Play;Indie;Simulation,Sexual Content;Nudity;Free to Play,5,2187,364,1,1,100000-200000,0.0,2551,0.8573108584868679,2187.0,7.690743163541872,7.844632644464681,0.6931471805599453
385530,Астролорды: Облако Оорта,2015-09-29,1,Aratog LLC,Tartezal Holdings Ltd.,windows;mac;linux,0,Single-player;Multi-player;MMO;Co-op;Cross-Platform Multiplayer;Steam Achievements;Steam Trading Cards;Stats;Steam Leaderboards;Commentary available,Free to Play;Indie;Massively Multiplayer;Strategy,Free to Play;Strategy;Indie,46,109,51,0,0,100000-200000,0.0,160,0.68125,109.0,4.700480365792417,5.081404364984463,0.0
385590,Lethal RPG: War,2015-07-17,1,EyeSpyda Games,EyeSpyda Games,windows,0,Single-player;Steam Achievements;Steam Cloud,Indie;RPG,RPG;Indie;Turn-Based,9,140,37,0,0,20000-50000,0.0,177,0.7909604519774012,140.0,4.948759890378168,5.181783550292085,0.0
385770,Time Clickers,2015-07-23,1,Proton Studio Inc, ,windows;mac;linux,0,Single-player;Steam Achievements,Action;Casual;Free to Play;Indie,Free to Play;Clicker;Casual,99,3850,494,423,224,500000-1000000,0.0,4344,0.8862799263351749,3850.0,8.25608813381491,8.376781037699493,6.049733455231958
385850,Life in the Dorms,2018-08-01,1,Moment Games,"Oh, a Rock! Studios",windows,0,Single-player;Full controller support,Adventure;Indie,Adventure;Indie,0,5,0,0,0,0-20000,0.0,5,1.0,5.0,1.791759469228055,1.791759469228055,0.0
386180,Crossout,2017-07-26,1,Targem Games,Gaijin Entertainment,windows,0,Multi-player;Online Multi-Player;MMO;Co-op;Online Co-op;Steam Achievements;Full controller support;Steam Trading Cards;In-App Purchases,Action;Free to Play;Massively Multiplayer;Racing,Free to Play;Action;Building,176,12372,6196,864,126,2000000-5000000,0.0,18568,0.6663076260232659,12372.0,9.423271958213975,9.829248802600596,6.762729506931879
386360,SMITE®,2015-09-08,1,Titan Forge Games,Hi-Rez Studios,windows,0,Multi-player;Steam Achievements;Steam Trading Cards,Action;Free to Play,Free to Play;MOBA;Multiplayer,265,34514,8895,1954,126,5000000-10000000,0.0,43409,0.79508857610173,34514.0,10.449149291137577,10.67844510829364,7.578145472419466
386600,Pixel Fodder,2015-07-20,1,Wacha,wacha.ru,windows;mac,0,Single-player;Steam Trading Cards;Partial Controller Support;Includes level editor,Action;Free to Play;Indie;Early Access,Early Access;Action;Free to Play,0,101,24,0,0,20000-50000,0.0,125,0.808,101.0,4.624972813284271,4.836281906951478,0.0
386640,Affected Zone Tactics,2015-11-17,1,Light Vision Interactive,Light Vision Interactive,windows,0,Single-player;Multi-player;MMO;Co-op,Free to Play;Massively Multiplayer;Strategy,Free to Play;Strategy;Massively Multiplayer,19,131,98,3,3,50000-100000,0.0,229,0.5720524017467249,131.0,4.882801922586371,5.438079308923196,1.3862943611198906
387450,Shadow of Kingdoms,2015-08-11,1,TernGame,Admax Game,windows,0,Single-player;MMO,Free to Play;Strategy,Free to Play;Strategy;Massively Multiplayer,0,28,73,0,0,50000-100000,0.0,101,0.2772277227722772,28.000000000000004,3.367295829986474,4.624972813284271,0.0
387860,the static speaks my name,2015-08-10,1,the whale husband,the whale husband,windows;mac;linux,0,Single-player,Adventure;Free to Play;Indie;RPG,Free to Play;Psychological Horror;Indie,0,4014,931,13,15,200000-500000,0.0,4945,0.8117290192113246,4014.0,8.297792626380861,8.506334448081361,2.6390573296152584
387970,Clown House (Palyaço Evi),2015-08-24,1,gord10;Aslan Game Studio,Aslan Game Studio,windows;mac;linux,0,Single-player,Action;Free to Play;Indie,Horror;Free to Play;Indie,0,449,505,7,7,200000-500000,0.0,954,0.470649895178197,449.0,6.1092475827643655,6.86171134048073,2.079441541679836
388370,Nova Blitz,2017-07-11,1,Dragon Foundry,Dragon Foundry;Hashbang Games,windows;mac;linux,0,Single-player;Multi-player;Online Multi-Player;Cross-Platform Multiplayer;Steam Trading Cards;In-App Purchases,Action;Free to Play;Indie;Massively Multiplayer;Strategy,Free to Play;Card Game;Strategy,0,102,42,0,0,50000-100000,0.0,144,0.7083333333333334,102.0,4.634728988229636,4.976733742420574,0.0
388490,One Way To Die: Steam Edition,2015-09-01,1,CoaguCo Industries,CoaguCo Industries,windows;mac;linux,0,Single-player;Steam Achievements;Steam Trading Cards;Stats,Adventure;Free to Play,Free to Play;Adventure;Horror,17,177,146,130,130,100000-200000,0.0,323,0.5479876160990712,177.0,5.181783550292085,5.780743515792329,4.875197323201151
389430,Knight Online,2016-01-25,1,Noah System;Mgame,NTTGame,windows,0,Single-player;Multi-player;MMO;Steam Trading Cards,Action;Adventure;Free to Play;Massively Multiplayer;RPG,Free to Play;MMORPG;Massively Multiplayer,0,3704,4187,113,107,2000000-5000000,0.0,7891,0.4693955138765682,3704.0,8.217438537730187,8.973604867142505,4.736198448394496
389530,Garlock Online,2016-05-30,1,HellconX© Studio's,HellconX™,windows,0,Multi-player;Online Co-op,Action;Free to Play;Indie;Massively Multiplayer;Strategy;Early Access,Early Access;Free to Play;Massively Multiplayer,0,31,95,0,0,50000-100000,0.0,126,0.246031746031746,31.0,3.4657359027997265,4.844187086458591,0.0
389570,Mitos.is: The Game,2015-07-29,1,Freakinware Studios,Freakinware Studios,windows;mac,0,Multi-player,Free to Play;Simulation,Free to Play;Multiplayer;Massively Multiplayer,0,9463,2158,268,67,2000000-5000000,0.0,11621,0.814301695206953,9463.0,9.155250405658222,9.360655132635053,5.594711379601839
389980,Pluto,2018-02-22,1,Pluto VR,Pluto VR,windows,0,VR Support,Utilities;Early Access,Early Access;Utilities;Multiplayer,0,11,16,0,0,20000-50000,0.0,27,0.4074074074074074,11.0,2.4849066497880004,3.332204510175204,0.0
390090,Shot Online,2019-01-21,1,WEBZEN ONNET,WEBZEN,windows,0,Single-player;Multi-player;Online Multi-Player;Co-op;Online Co-op;Steam Achievements;Steam Trading Cards;In-App Purchases,Free to Play;Massively Multiplayer;Sports,Sports;Golf;Free to Play,30,46,27,0,0,20000-50000,0.0,73,0.6301369863013698,46.0,3.8501476017100575,4.30406509320417,0.0
390100,9Dragons,2017-02-14,1,JoongWon Games,RedFox Games,windows,0,Online Multi-Player;MMO;In-App Purchases,Free to Play;Massively Multiplayer;RPG,Free to Play;Massively Multiplayer;RPG,0,123,71,1,1,50000-100000,0.0,194,0.634020618556701,123.0,4.820281565605037,5.272999558563747,0.6931471805599453
390540,High Fidelity,2016-11-09,1,"High Fidelity, Inc","High Fidelity, Inc",windows,0,Online Multi-Player;Partial Controller Support,Free to Play;Massively Multiplayer;Early Access,Early Access;VR;Free to Play,0,70,43,417,417,20000-50000,0.0,113,0.6194690265486725,70.0,4.262679877041316,4.736198448394496,6.035481432524756
390670,Steel Ocean,2015-11-12,1,ICE Entertainment,Changyou.com Limited,windows,0,Multi-player;MMO;Co-op,Free to Play;Massively Multiplayer;Simulation,Free to Play;Naval;World War II,20,2845,1259,472,476,500000-1000000,0.0,4104,0.6932261208576999,2845.0,7.953669778649798,8.31996102188653,6.159095388491933
391210,Arclight Cascade,2015-08-25,1,Hexdragonal Games,Hexdragonal Games,windows;mac,0,Single-player;Multi-player;Shared/Split Screen;Steam Achievements;Full controller support;Steam Trading Cards;Stats;Steam Leaderboards,Action;Indie,Action;Indie;4 Player Local,23,25,5,0,0,0-20000,0.0,30,0.8333333333333334,25.0,3.258096538021482,3.4339872044851463,0.0
391270,Fingerbones,2015-08-03,1,David Szymanski,David Szymanski,windows,0,Single-player,Adventure;Free to Play;Indie,Free to Play;Horror;Indie,0,2377,633,18,18,200000-500000,0.0,3010,0.7897009966777409,2377.0,7.774015077250727,8.010027528481734,2.9444389791664403
391460,WARMODE,2015-08-25,1,Novalink,Novalink,windows,0,Multi-player;Steam Trading Cards,Action;Free to Play;Early Access,Early Access;Free to Play;FPS,0,8983,6166,75,36,2000000-5000000,0.0,15149,0.5929764340880587,8983.0,9.10320049641828,9.625755810937516,4.330733340286331
391780,Uebergame,2015-10-26,1,Duion,Duion,windows;linux,0,Single-player;Multi-player;Online Multi-Player;Local Multi-Player;Partial Controller Support;Includes level editor;Includes Source SDK,Action;Casual;Free to Play;Indie,Free to Play;Action;Multiplayer,0,247,228,3,3,200000-500000,0.0,475,0.52,247.0,5.513428746164983,6.16541785423142,1.3862943611198906
391820,Evolution,2016-06-06,1,Alex Williams,Grubby Monster Games,windows;mac;linux,0,Single-player;Steam Achievements;Steam Trading Cards;Partial Controller Support;Stats;Steam Leaderboards,Free to Play;Indie;Simulation,Indie;Simulation;Free to Play,15,24,28,0,0,20000-50000,0.0,52,0.4615384615384615,24.0,3.218875824868201,3.970291913552122,0.0
392450,Silver Creek Falls: Chapter 1,2015-08-12,1,Sapphire Dragon Productions,Sapphire Dragon Productions,windows,0,Single-player;Steam Achievements,Adventure;Free to Play;Indie,Free to Play;Horror;RPGMaker,2,472,67,0,0,100000-200000,0.0,539,0.87569573283859,472.00000000000006,6.1590953884919335,6.29156913955832,0.0
392950,Lost Lands: A Hidden Object Adventure,2015-09-24,1,FIVE-BN GAMES,FIVE-BN GAMES,windows;mac,0,Single-player;Steam Achievements;Steam Cloud,Adventure;Casual;Free to Play,Free to Play;Adventure;Hidden Object,48,3799,434,0,0,100000-200000,0.0,4233,0.8974722419088117,3799.0,8.242756345714477,8.350902451694811,0.0
393410,World of Soccer online,2015-08-26,1,Johannes Eski,Johannes Eski,windows,0,Multi-player;Co-op;Full controller support,Action;Free to Play;Indie;Massively Multiplayer;Sports,Free to Play;Sports;Massively Multiplayer,0,654,436,3,3,200000-500000,0.0,1090,0.6,654.0,6.484635235635252,6.994849985833071,1.3862943611198906
393530,Insanity Clicker,2016-06-07,1,PlayFlock,PlayFlock,windows;mac,0,Single-player;Online Multi-Player;Steam Achievements;Steam Trading Cards;In-App Purchases;Steam Cloud,Adventure;Casual;Free to Play;Indie;RPG;Simulation;Strategy,Free to Play;Clicker;Horror,102,1475,751,76,90,200000-500000,0.0,2226,0.6626235399820305,1474.9999999999998,7.297091005160418,7.708410667257367,4.343805421853684
393790,Rogue Operatives Hide and Seek,2016-09-30,1,SIM720 LIMITED,SIM720 LIMITED,windows,0,Multi-player;Online Multi-Player,Action;Casual;Free to Play;Indie;Early Access,Early Access;Action;Free to Play,0,79,35,49,49,20000-50000,0.0,114,0.6929824561403509,79.0,4.382026634673881,4.74493212836325,3.912023005428146
393930,RoShamBo,2016-07-14,1,Blam! Games LLC,Blam! Games LLC,windows;mac,0,Single-player;Multi-player;Online Multi-Player;Steam Achievements;In-App Purchases,Action;Casual;Free to Play;Indie;RPG;Sports;Early Access,Early Access;Free to Play;Multiplayer,30,286,153,5,5,100000-200000,0.0,439,0.6514806378132119,286.0,5.659482215759621,6.0867747269123065,1.791759469228055
394120,Atom Universe,2017-12-25,1,Atom Republic,Atom Republic,windows,0,Multi-player;MMO;Cross-Platform Multiplayer;Steam Achievements;Full controller support,Casual;Free to Play;Massively Multiplayer,Free to Play;Open World;Massively Multiplayer,0,152,226,3,6,100000-200000,0.0,378,0.4021164021164021,152.0,5.030437921392435,5.937536205082426,1.3862943611198906
394140,Sound Shift,2015-08-26,1,Matthew Brown,Matthew Brown,windows,0,Single-player;Steam Achievements;Partial Controller Support;Steam Cloud,Action;Casual;Indie,Casual;Action;Indie,1,87,19,0,0,20000-50000,0.0,106,0.8207547169811321,87.0,4.477336814478207,4.672828834461906,0.0
394230,Battleborn,2016-05-03,1,Gearbox Software,2K,windows,0,Single-player;Multi-player;Online Multi-Player;Online Co-op;Steam Achievements;Full controller support;Steam Trading Cards;Steam Cloud,Action,FPS;Action;Multiplayer,60,5692,3494,652,752,500000-1000000,0.0,9186,0.6196385804485086,5692.0,8.646992628951082,9.125544720271469,6.481577129276431
394720,The Legend of Tango,2015-09-11,1,Spilt Milk Studios,Mastertronic,windows,0,Single-player,Adventure;Indie;RPG,Adventure;RPG;Indie,0,9,11,0,0,20000-50000,0.0,20,0.45,9.0,2.302585092994046,3.044522437723423,0.0
395520,Missing Translation,2015-09-24,1,AlPixel Games;Luis Diaz;Gustavo Santos;Albert Fernandez;Tice Thomason,GamesBoosters,windows;mac,0,Single-player;Steam Achievements;Steam Trading Cards,Adventure;Casual;Free to Play;Indie,Free to Play;Pixel Graphics;Puzzle,6,2429,331,3,5,200000-500000,0.0,2760,0.880072463768116,2429.0,7.795646536334594,7.923348211930154,1.3862943611198906
396030,InCell VR,2015-09-03,1,Luden.io,Nival,windows;mac;linux,0,Single-player;Steam Achievements;Full controller support;VR Support,Free to Play;Indie;Racing;Strategy,VR;Free to Play;Racing,7,155,68,0,0,50000-100000,0.0,223,0.695067264573991,155.0,5.049856007249537,5.41164605185504,0.0
396060,The Rose and I,2016-04-05,1,Eugene Chung;Jimmy Maidens;Terry Kaleas,Penrose Studios,windows,0,Single-player;Full controller support;VR Support,Casual;Indie,Indie;Casual;VR,0,142,18,0,0,50000-100000,0.0,160,0.8875,142.0,4.962844630259907,5.081404364984463,0.0
396280,Anarchy Online,2017-02-22,1,Funcom,Funcom,windows,0,Single-player;Multi-player;MMO;In-App Purchases,Action;Adventure;Free to Play;Massively Multiplayer;RPG;Strategy,Free to Play;Massively Multiplayer;RPG,0,78,15,1,1,50000-100000,0.0,93,0.8387096774193549,78.0,4.3694478524670215,4.543294782270004,0.6931471805599453
397040,Sphere III: Rage of the Devastator,2015-12-02,1,NIKITA ONLINE,NIKITA ONLINE,windows,0,Multi-player;MMO;Steam Trading Cards,Action;Free to Play;Massively Multiplayer;RPG,Free to Play;RPG;Massively Multiplayer,0,144,165,0,0,100000-200000,0.0,309,0.4660194174757281,144.0,4.976733742420574,5.736572297479192,0.0
397100,MachineCraft,2016-03-25,1,G2CREW,G2CREW,windows,0,Single-player;Multi-player;Steam Workshop,Free to Play;Indie;Simulation;Early Access,Early Access;Free to Play;Building,0,644,207,11,11,200000-500000,0.0,851,0.7567567567567568,644.0,6.4692503167957724,6.747586526829315,2.4849066497880004
397360,Magician's Apprentice,2015-11-09,1,Kosek.com,Kosek.com,windows,0,Single-player;Steam Trading Cards;Steam Cloud,Action;Indie;RPG;Early Access,Early Access;Action;Indie,0,4,7,0,0,0-20000,0.0,11,0.3636363636363636,4.0,1.6094379124341005,2.4849066497880004,0.0
397400,HueBots,2015-08-26,1,Huebotics,Huebotics,windows;mac;linux,0,Single-player;Steam Achievements;Steam Cloud;Includes level editor,Casual;Free to Play;Indie;Strategy,Strategy;Free to Play;Indie,30,20,1,0,0,0-20000,0.0,21,0.9523809523809524,20.0,3.044522437723423,3.091042453358316,0.0
397720,Romance of the Three Kingdoms Maker / 三国志ツクール,2015-12-09,0,"KOEI TECMO GAMES CO., LTD.","KOEI TECMO GAMES CO., LTD.",windows,0,Single-player;Includes level editor,Simulation,Simulation,0,102,65,1,1,50000-100000,0.0,167,0.6107784431137725,102.0,4.634728988229636,5.123963979403259,0.6931471805599453
397870,Arcane Sorcery,2015-09-15,1,Andrew Rowe,Andrew Rowe,windows;mac,0,Single-player;Steam Trading Cards;Captions available,Indie;Strategy,Strategy;Indie;4X,0,26,20,0,0,20000-50000,0.0,46,0.5652173913043478,26.0,3.295836866004329,3.8501476017100575,0.0
397900,Business Tour - Board Game with Online Multiplayer,2017-07-27,1,Creobit,8Floor,windows;mac,0,Single-player;Multi-player;Online Multi-Player;Local Multi-Player;Co-op;Online Co-op;Local Co-op;Shared/Split Screen;Cross-Platform Multiplayer;Steam Achievements;Steam Trading Cards;In-App Purchases;Steam Leaderboards,Casual;Free to Play;Indie;Massively Multiplayer;Strategy,Free to Play;Board Game;Strategy,19,9693,5411,584,279,1000000-2000000,0.0,15104,0.641750529661017,9693.0,9.17926241640532,9.622781093820771,6.371611847231857
397990,Woof Blaster,2015-09-22,1,Fabian Jarrett,Fabian Jarrett,windows,0,Single-player;Steam Achievements;Full controller support,Action;Indie,Action;Indie;Bullet Hell,14,95,14,0,0,20000-50000,0.0,109,0.8715596330275229,95.0,4.564348191467836,4.700480365792417,0.0
398450,Absent,2015-08-31,1,FNGames,FNGames,windows,0,Single-player,Adventure;Free to Play,Free to Play;Adventure;Horror,6,201,48,0,0,50000-100000,0.0,249,0.8072289156626506,201.0,5.308267697401205,5.521460917862246,0.0
398840,War of Beach,2015-10-15,1,LUCKY GIRLS LIMITED,LUCKY GIRLS LIMITED,windows;mac,0,Single-player;Multi-player,Action;Free to Play;Simulation;Strategy,Strategy;Free to Play;Action,0,293,223,103,103,100000-200000,0.0,516,0.5678294573643411,293.0,5.683579767338681,6.248042874508429,4.6443908991413725
399520,Comedy Quest,2015-09-02,1,Trav Nash,Crothers Games,windows,0,Single-player;Partial Controller Support,Adventure;Casual;Free to Play;Indie,Free to Play;Casual;Adventure,0,201,47,0,0,50000-100000,0.0,248,0.8104838709677419,201.0,5.308267697401205,5.517452896464707,0.0
400030,Cloney,2016-01-19,1,dotBunny,dotBunny,windows;mac;linux,0,Single-player;Steam Achievements;Full controller support;Steam Leaderboards,Casual;Free to Play;Indie,Free to Play;Casual;Indie,7,121,102,0,0,100000-200000,0.0,223,0.5426008968609866,121.0,4.804021044733257,5.41164605185504,0.0
400230,StarForce 2193: The Hotep® Controversy,2016-08-16,1,Simple Designs Gaming,Simple Designs Software LLC,windows,0,Single-player;Multi-player;Co-op;Online Co-op,Casual;Indie;Strategy,Strategy;Indie;Casual,0,2,2,0,0,0-20000,0.0,4,0.5,2.0,1.0986122886681098,1.6094379124341005,0.0
401550,Legena: Union Tides,2015-10-08,1,Grandpa Pixel,Grandpa Pixel,windows,0,Single-player;Full controller support,Indie;RPG,Indie;RPG;Pixel Graphics,16,11,0,0,0,0-20000,0.0,11,1.0,11.0,2.4849066497880004,2.4849066497880004,0.0
401800,Bitku,2017-02-09,1,Pixeljam,Pixeljam,windows;mac,0,Single-player,Free to Play;Indie,Free to Play;Indie;Pixel Graphics,0,35,10,0,0,0-20000,0.0,45,0.7777777777777778,35.0,3.58351893845611,3.828641396489095,0.0
401970,Hypatia,2018-08-29,1,TimefireVR LLC,TimefireVR LLC,windows,0,Multi-player;Online Multi-Player;MMO;Cross-Platform Multiplayer,Action;Adventure;Casual;Free to Play;Massively Multiplayer,Massively Multiplayer;VR;Casual,0,22,12,0,0,0-20000,0.0,34,0.6470588235294118,22.0,3.1354942159291497,3.555348061489413,0.0
402560,Tabletopia,2016-11-30,1,Tabletopia Inc.,Tabletopia Inc.,windows;mac,0,Single-player;Multi-player;Online Multi-Player;Co-op;Online Co-op;Cross-Platform Multiplayer;In-App Purchases,Casual;Free to Play;Indie;RPG;Simulation;Strategy,Board Game;Free to Play;Simulation,2,414,321,96,113,200000-500000,0.0,735,0.563265306122449,414.0,6.028278520230698,6.601230118728877,4.574710978503383
402570,Atlas Reactor,2016-10-04,1,Trion Worlds,Trion Worlds,windows,0,Multi-player;Online Multi-Player;Steam Achievements;Steam Trading Cards;In-App Purchases,Free to Play;Strategy,Free to Play;Multiplayer;Strategy,121,3992,890,1240,425,500000-1000000,0.0,4882,0.8176976648914379,3992.0,8.292298107063221,8.49351506406166,7.123672785204607
402840,Crusaders of the Lost Idols,2015-10-13,1,Codename Entertainment Inc.,Codename Entertainment Inc.,windows;mac,0,Single-player;Steam Achievements;Steam Trading Cards,Casual;Free to Play;Indie,Free to Play;Clicker;Casual,96,1823,345,581,104,200000-500000,0.0,2168,0.8408671586715867,1823.0,7.508787170634276,7.682021510826875,6.366470447731438
402890,Nyctophilia,2015-09-23,1,CAT IN JAR GAMES,CAT IN JAR GAMES,windows,0,Single-player,Adventure;Free to Play;Indie,Free to Play;Indie;Adventure,0,180,108,0,0,100000-200000,0.0,288,0.625,180.0,5.198497031265826,5.666426688112432,0.0
404070,Lords of New York,2017-01-19,1,"Lunchtime Studios, LLC","Lunchtime Studios, LLC",windows;mac,0,Single-player;Multi-player;Online Multi-Player;Local Multi-Player;Cross-Platform Multiplayer;Steam Trading Cards,Casual;Indie;RPG;Early Access,Early Access;Indie;RPG,0,19,14,0,0,0-20000,0.0,33,0.5757575757575758,19.0,2.995732273553991,3.5263605246161616,0.0
404410,Endless Sky,2015-10-30,1,Michael Zahniser,Michael Zahniser,windows;mac;linux,0,Single-player,Action;Adventure;Free to Play;RPG;Simulation,Space;Free to Play;Open World,0,3420,366,33,50,500000-1000000,0.0,3786,0.9033280507131536,3420.0,8.137688184977605,8.239329427901795,3.5263605246161616
404480,SC2VN - The eSports Visual Novel,2015-09-22,1,Team Eleven,Team Eleven,windows;mac;linux,0,Single-player,Adventure;Casual;Free to Play;Indie;RPG;Simulation,Visual Novel;Anime;Free to Play,0,786,59,135,154,100000-200000,0.0,845,0.9301775147928996,786.0,6.668228248417403,6.740519359606223,4.912654885736052
404580,Relive,2015-10-15,1,Studio Evil,Studio Evil,windows;mac,0,Single-player;Steam Achievements,Adventure;Free to Play;Indie,Free to Play;Indie;Adventure,20,85,39,8,8,50000-100000,0.0,124,0.6854838709677419,85.0,4.454347296253507,4.8283137373023015,2.19722457733622
404790,Godot Engine,2016-02-23,1,Godot Engine,Godot Engine,windows;mac;linux,0,Partial Controller Support;Includes level editor,Utilities,Game Development;Utilities;3D,0,624,21,3,3,200000-500000,0.0,645,0.9674418604651164,624.0,6.437751649736401,6.470799503782602,1.3862943611198906
405480,Tomorrow,2017-02-08,1,Future Lighthouse,Future Lighthouse,windows,0,Single-player,Adventure,Adventure;VR,0,15,11,0,0,0-20000,0.0,26,0.5769230769230769,14.999999999999998,2.772588722239781,3.295836866004329,0.0
405980,Legend of Dungeon: Masters,2015-11-30,1,Robot Loves Kitty,Robot Loves Kitty,windows,0,Multi-player;MMO,Casual;Free to Play;Indie;Massively Multiplayer;RPG;Early Access,Early Access;Free to Play;Casual,0,117,79,35,35,100000-200000,0.0,196,0.5969387755102041,117.0,4.770684624465665,5.2832037287379885,3.58351893845611
407060,AltspaceVR—The Social VR App,2016-03-31,1,"AltspaceVR, Inc.","AltspaceVR, Inc.",windows,0,Single-player;Multi-player;Online Multi-Player;Co-op;Online Co-op;Cross-Platform Multiplayer;VR Support;Partial Controller Support,Casual;Free to Play;Massively Multiplayer;Simulation,Free to Play;VR;Casual,0,328,83,0,0,100000-200000,0.0,411,0.7980535279805353,328.0,5.796057750765372,6.021023349349527,0.0
407120,Soccer Manager 2016,2015-10-07,1,Soccer Manager Ltd,Soccer Manager Ltd,windows;mac,0,Single-player,Free to Play;Indie;Sports;Strategy,Free to Play;Soccer;Sports,0,523,218,10,17,200000-500000,0.0,741,0.7058029689608637,523.0,6.261491684321042,6.60934924316738,2.3978952727983707
407900,Princess Remedy in a World of Hurt,2016-01-01,1,Ludosity;Remar Games,Ludosity,windows,0,Single-player;Full controller support,Action;Adventure;Indie,Indie;Pixel Graphics;Free to Play,0,2305,53,76,143,100000-200000,0.0,2358,0.9775233248515692,2305.0,7.743269700829004,7.765993079407675,4.343805421853684
408030,UniBall,2017-02-24,1,StormBrewers,StormBrewers,windows;linux,0,Multi-player;Online Multi-Player,Action;Indie;Sports,Sports;Indie;Action,0,145,12,0,0,0-20000,0.0,157,0.9235668789808916,145.0,4.983606621708336,5.062595033026967,0.0
408930,ePic Character Generator,2015-11-05,1,Overhead Games,Overhead Games,windows,0,Steam Trading Cards;Steam Workshop,Animation & Modeling;Design & Illustration;Photo Editing;Utilities;Web Publishing;Game Development,Design & Illustration;Photo Editing;Utilities,0,77,89,0,0,100000-200000,0.0,166,0.463855421686747,77.0,4.356708826689592,5.117993812416755,0.0
409160,"Dr. Langeskov, The Tiger, and The Terribly Cursed Emerald: A Whirlwind Heist",2015-12-04,1,Crows Crows Crows,Crows Crows Crows,windows;mac,0,Single-player;Steam Achievements;Steam Trading Cards;Captions available;Partial Controller Support;Commentary available,Free to Play;Indie,Free to Play;Comedy;First-Person,6,7642,529,15907,35,500000-1000000,0.0,8171,0.935258842246971,7642.0,8.941545475242885,9.008468955937513,9.67457740632758
409510,Genesis Online,2015-11-10,1,Shumkov Dmitriy,Shumkov Dmitriy,windows,0,Multi-player;Co-op,Action;Free to Play,Free to Play;Survival;Multiplayer,48,602,1330,8,8,200000-500000,0.0,1932,0.3115942028985507,602.0,6.401917196727186,7.566828479208331,2.19722457733622
409670,Pink Hour,2015-10-28,1,Studio Pixel,AGM PLAYISM,windows,0,Single-player;Full controller support,Action;Free to Play;Indie,Free to Play;Indie;Pixel Graphics,0,816,66,19,19,100000-200000,0.0,882,0.9251700680272108,816.0,6.705639094860003,6.78332520060396,2.995732273553991
409690,Pink Heaven,2015-11-03,1,Studio Pixel,AGM PLAYISM,windows,0,Single-player;Full controller support,Action;Free to Play;Indie,Free to Play;Indie;Pixel Graphics,0,574,63,7,7,100000-200000,0.0,637,0.9010989010989012,574.0,6.354370040797351,6.45833828334479,2.079441541679836
410380,HEX: Shards of Fate,2016-04-19,1,Hex Entertainment,Hex Entertainment,windows;mac,0,Single-player;Multi-player;Online Multi-Player;Steam Trading Cards;In-App Purchases,Adventure;Free to Play;RPG;Strategy,Trading Card Game;Free to Play;Card Game,0,1055,580,2180,4344,200000-500000,0.0,1635,0.6452599388379205,1055.0,6.962243464266207,7.400009517162692,7.687538766201629
410390,Warhammer: Vermintide VR - Hero Trials,2016-12-20,1,Fatshark,Fatshark,windows,0,Single-player;Co-op;Steam Leaderboards,Violent;Gore;Action;Free to Play,Free to Play;Action;Gore,0,96,57,0,0,20000-50000,0.0,153,0.6274509803921569,96.0,4.574710978503383,5.0369526024136295,0.0
410970,Master of Orion 1,2016-02-25,1,SimTex,Wargaming Labs,windows;mac;linux,0,Single-player;Multi-player,Strategy,Strategy;Classic;Space,0,74,10,333,333,50000-100000,0.0,84,0.8809523809523809,74.0,4.31748811353631,4.442651256490317,5.811140992976701
410980,Master of Orion 2,2016-02-25,1,SimTex,Wargaming Labs,windows;mac;linux,0,Single-player;Multi-player,Strategy,Strategy;Space;4X,0,350,13,54,54,50000-100000,0.0,363,0.9641873278236914,350.0,5.860786223465865,5.8971538676367405,4.007333185232471
410990,Master of Orion 3,2016-08-25,1,Quicksilver Software,Wargaming Labs,windows,0,Single-player,Strategy,Strategy;Space;4X,0,26,34,0,0,100000-200000,0.0,60,0.4333333333333333,26.0,3.295836866004329,4.110873864173311,0.0
411480,BATTLECREW™ Space Pirates,2017-07-10,1,DONTNOD ELEVEN,DONTNOD ELEVEN,windows,0,Multi-player;Online Multi-Player;Online Co-op;Steam Achievements;Full controller support;Steam Trading Cards;In-App Purchases;Steam Cloud;Steam Leaderboards,Action;Free to Play;Indie,Free to Play;Indie;Multiplayer,20,92,77,78,116,100000-200000,0.0,169,0.5443786982248521,92.0,4.532599493153256,5.135798437050262,4.3694478524670215
411820,The FOO Show featuring Will Smith,2016-04-05,1,"FOO VR, Inc.","FOO VR, Inc.",windows,0,Single-player;Full controller support,Simulation;Early Access,Early Access;Simulation;VR,0,130,11,0,0,50000-100000,0.0,141,0.9219858156028368,130.0,4.875197323201151,4.955827057601261,0.0
412140,Electric Highways,2015-10-28,1,Zykov Eddy;Xitilon,Siberian Digital,windows,0,Single-player,Adventure;Free to Play;Indie,Free to Play;Indie;Adventure,0,1139,143,12,14,100000-200000,0.0,1282,0.8884555382215289,1139.0,7.038783541388542,7.1569563646156364,2.5649493574615367
412230,Infinitrap Classic: Ohio Jack and The Cup Of Eternity,2015-12-22,1,Shadebob Games,Shadebob Games,windows;mac;linux,0,Single-player;Steam Achievements;Full controller support;Steam Trading Cards;Captions available;Steam Workshop;Steam Cloud;Stats;Steam Leaderboards;Includes level editor,Action;Adventure;Casual;Indie,Adventure;Indie;Casual,14,43,12,0,0,0-20000,0.0,55,0.7818181818181819,43.0,3.784189633918261,4.02535169073515,0.0
412310,Labyrinth,2016-03-07,1,Free Range Games,Free Range Games,windows;mac,0,Multi-player;Online Multi-Player;Steam Trading Cards;In-App Purchases;Steam Turn Notifications,Free to Play;Indie;RPG;Strategy;Early Access,Early Access;Card Game;Turn-Based Tactics,0,188,76,0,0,20000-50000,0.0,264,0.7121212121212122,188.0,5.241747015059643,5.579729825986222,0.0
412360,SightLineVR,2017-10-31,1,Frooxius;Louis Arrigoni;Ondrej Pultar,Solirax,windows,0,Single-player;Partial Controller Support,Action;Adventure,Adventure;Action;VR,0,15,3,0,0,0-20000,0.0,18,0.8333333333333334,15.0,2.772588722239781,2.9444389791664403,0.0
412400,GASP,2016-01-19,1,Dark Day Interactive,Dark Day Interactive,windows,0,Single-player;Steam Achievements,Action;Casual;Free to Play;Indie;Simulation;Strategy,Free to Play;Space;Simulation,10,293,1159,6,6,200000-500000,0.0,1452,0.2017906336088154,293.0,5.683579767338681,7.281385663570282,1.9459101490553128
412470,Metal War Online: Retribution,2015-12-01,1,GDT Limited,GDT Limited,windows,0,Multi-player,Action;Free to Play;Massively Multiplayer;Racing;Early Access,Early Access;Free to Play;Multiplayer,0,438,361,76,78,200000-500000,0.0,799,0.5481852315394243,438.00000000000006,6.084499413075172,6.684611727667927,4.343805421853684
413620,Space Needle VR,2017-04-19,1,Expedia Labs;Expedia;Space Needle + Chihuly Garden and Glass;WSP – Parsons Brinckerhoff of Seattle;Jaclyn Lake;Rachel Ye;Morgan Graham,Expedia,windows,0,Single-player,Adventure;Casual;Free to Play,Free to Play;Adventure;Casual,0,6,11,0,0,0-20000,0.0,17,0.3529411764705882,6.0,1.9459101490553128,2.8903717578961645,0.0
414530,Skyforge,2017-04-13,1,Allods Team,My.com,windows,0,Single-player;Multi-player;MMO;Steam Achievements;Steam Trading Cards;Captions available;In-App Purchases,Free to Play;Massively Multiplayer;RPG,Free to Play;Massively Multiplayer;MMORPG,48,1270,946,561,729,500000-1000000,0.0,2216,0.5731046931407943,1270.0,7.147559271189454,7.703910209616311,6.331501849893691
414730,Epic Clicker Journey,2016-04-21,1,Cleversan Software,Cleversan Software,windows;mac;linux,0,Single-player;Multi-player;Steam Achievements;Steam Trading Cards;In-App Purchases;Steam Cloud;Stats;Steam Leaderboards,Adventure;Casual;Free to Play;Indie,Free to Play;Clicker;Casual,40,438,212,31,49,100000-200000,0.0,650,0.6738461538461539,438.0,6.084499413075172,6.478509642208569,3.4657359027997265
415270,Star Crusade CCG,2016-09-07,1,"ZiMAD, Inc.","ZiMAD, Inc.",windows,0,Single-player;Multi-player;Cross-Platform Multiplayer;Steam Achievements;In-App Purchases;Steam Turn Notifications;Includes Source SDK;Commentary available,Casual;Free to Play;Massively Multiplayer;Strategy,Free to Play;Card Game;Trading Card Game,28,1479,344,82,82,100000-200000,0.0,1823,0.8113000548546352,1479.0,7.299797366758161,7.508787170634276,4.418840607796598
415660,Tiger Knight,2018-04-30,1,NetDragon Websoft Inc.,NetDragon Websoft Inc.,windows,0,Multi-player;Online Multi-Player;Online Co-op;Steam Achievements;In-App Purchases,Violent;Action;Free to Play;Massively Multiplayer;Strategy,Strategy;Free to Play;Massively Multiplayer,33,859,552,9,14,200000-500000,0.0,1411,0.6087880935506733,859.0,6.756932389247553,7.252762418053187,2.302585092994046
415860,Tactical Craft Online,2016-02-12,1,Crematorium of Time,Crematorium of Time,windows,0,Multi-player;Online Multi-Player;MMO;Online Co-op;Steam Achievements;In-App Purchases,Free to Play;Indie;Massively Multiplayer;RPG;Strategy;Early Access,Early Access;Free to Play;Crafting,44,572,592,39,39,200000-500000,0.0,1164,0.4914089347079037,572.0,6.35088571671474,7.060476365999801,3.688879454113936
416030,Your Quest,2015-11-02,1,Oblivionburn Productions,Oblivionburn Productions,windows,0,Single-player;Full controller support;Steam Trading Cards;Steam Cloud,Casual;Free to Play;Indie;RPG;Simulation;Strategy,Indie;Simulation;Strategy,0,74,55,112,160,20000-50000,0.0,129,0.5736434108527132,74.0,4.31748811353631,4.867534450455582,4.727387818712341
416040,CLASH,2016-11-15,1,Ultima Games,New Reality Games,windows,0,Single-player;Multi-player;Online Multi-Player;Co-op;Online Co-op;Steam Achievements;Steam Cloud;Steam Leaderboards,Action;Free to Play;Indie;Strategy,Action;Free to Play;Strategy,3,87,120,226,272,100000-200000,0.0,207,0.4202898550724637,87.0,4.477336814478207,5.337538079701318,5.424950017481403
416450,Emporea: Realms of War and Magic,2016-06-08,1,Pixel Federation,Pixel Federation,windows;mac,0,Multi-player;MMO;Co-op;Cross-Platform Multiplayer;Steam Achievements;Steam Trading Cards;In-App Purchases;Stats;Commentary available,Free to Play;Indie;Massively Multiplayer;RPG;Strategy,Free to Play;Strategy;Massively Multiplayer,572,250,148,346,650,100000-200000,0.0,398,0.628140703517588,250.00000000000003,5.525452939131784,5.988961416889864,5.849324779946859
416670,Gunslingers,2015-12-17,1,webgames,webgames,windows,0,Multi-player;Cross-Platform Multiplayer;Steam Trading Cards,Free to Play;Strategy;Early Access,Early Access;Free to Play;Turn-Based,1,176,148,0,0,50000-100000,0.0,324,0.5432098765432098,176.0,5.176149732573829,5.783825182329737,0.0
416690,Oh...Sir! Prototype,2015-12-21,1,Vile Monarch,Good Shepherd Entertainment,windows;mac;linux,0,Multi-player,Indie,Indie;Local Multiplayer;Free to Play,0,811,76,91,91,100000-200000,0.0,887,0.9143179255918829,811.0,6.699500340161678,6.78897174299217,4.5217885770490405
417060,UnSummoning: the Spectral Horde,2015-12-21,1,Roaming Ground Studio,Roaming Ground Studio,windows;mac;linux,0,Single-player;Steam Achievements;Full controller support;Steam Trading Cards,Action;Casual;Indie,Action;Indie;Casual,11,15,6,0,0,0-20000,0.0,21,0.7142857142857143,15.0,2.772588722239781,3.091042453358316,0.0
417860,Emily is Away,2015-11-20,1,Kyle Seeley,Kyle Seeley,windows;mac;linux,0,Single-player;Steam Achievements;Steam Trading Cards,Adventure;Casual;Free to Play;Indie;Simulation,Free to Play;Story Rich;Singleplayer,20,25981,3340,121,48,1000000-2000000,0.0,29321,0.8860884690153815,25981.0,10.165159269555678,10.28609336649821,4.804021044733257
417890,Apotheon Arena,2015-12-08,1,Alientrap,Alientrap,windows,0,Single-player;Multi-player;Shared/Split Screen;Full controller support,Action;Free to Play;Indie,Free to Play;Action;Indie,0,758,166,35,52,200000-500000,0.0,924,0.8203463203463204,758.0,6.63200177739563,6.829793737512425,3.58351893845611
417920,Mistfal,2016-07-07,1,Sergei Minin,Sergei Minin,windows,0,Single-player;Steam Trading Cards;Partial Controller Support,Violent;Action;Adventure;Indie,Indie;Adventure;Action,0,26,28,0,0,0-20000,0.0,54,0.4814814814814814,26.0,3.295836866004329,4.007333185232471,0.0
418280,Retaliation,2015-12-18,1,Cameron Baxter;Billy Jazz Hills Stickley,Cameron Baxter,windows;mac,0,Single-player,Action;Adventure;Indie,Indie;Adventure;Action,0,25,63,0,0,20000-50000,0.0,88,0.2840909090909091,25.000000000000004,3.258096538021482,4.48863636973214,0.0
420020,Eye of the Owl - Bosch VR,2016-12-23,1,VRX,VRX,windows,0,Single-player,Simulation;Early Access,Early Access;Simulation;VR,0,38,2,0,0,0-20000,0.0,40,0.95,38.0,3.6635616461296463,3.713572066704308,0.0
420790,StarBreak,2016-05-10,1,Crunchy Games,Crunchy Games,windows;mac;linux,0,Multi-player;MMO;Co-op;Cross-Platform Multiplayer;Steam Achievements;Full controller support;In-App Purchases,Action;Free to Play;Indie;Massively Multiplayer,Free to Play;Action;Massively Multiplayer,84,728,221,54,98,200000-500000,0.0,949,0.7671232876712328,728.0,6.591673732008658,6.856461984594587,4.007333185232471
420880,I must kill...: Fresh Meat,2015-11-30,1,Gaming Cats Studio,Gaming Cats Studio,windows,0,Single-player,Adventure;Free to Play;Indie;Early Access,Early Access;Free to Play;Horror,0,62,160,0,0,50000-100000,0.0,222,0.2792792792792792,61.99999999999999,4.143134726391533,5.407171771460119,0.0
421110,AWAKE,2015-12-16,1,Diios,Yeti Studio©,windows,0,Single-player;Partial Controller Support,Adventure;Indie;Early Access,Early Access;Adventure;Indie,0,16,22,0,0,0-20000,0.0,38,0.4210526315789473,16.0,2.833213344056216,3.6635616461296463,0.0
421180,Umbra: Shadow of Death,2015-12-18,1,Colludium Ltd,Colludium Ltd,windows,0,Single-player;Steam Achievements;Full controller support;Steam Trading Cards;Steam Cloud,Action;Indie,Action;Indie;Platformer,32,7,3,0,0,0-20000,0.0,10,0.7,7.0,2.079441541679836,2.3978952727983707,0.0
421670,CUPID - A free to play Visual Novel,2016-03-04,1,Fervent,Afterthought Studios,windows;mac;linux,0,Single-player;Steam Achievements,Free to Play;Indie;RPG;Simulation,Free to Play;Visual Novel;Sexual Content,67,865,129,0,0,100000-200000,0.0,994,0.8702213279678068,865.0,6.763884908562435,6.902742737158593,0.0
422500,Emmerholt: Prologue,2017-02-14,1,Oneiric Entertainment LLC,Oneiric Entertainment LLC,windows,0,Single-player,Action;Adventure;Indie;RPG,Adventure;Action;Indie,0,71,23,0,0,0-20000,0.0,94,0.7553191489361702,71.0,4.276666119016055,4.553876891600541,0.0
422630,Metaverse Construction Kit,2015-12-06,1,Metaware,Metaware,windows;mac,0,Single-player;VR Support;Steam Workshop;Partial Controller Support;Includes level editor,Casual;Free to Play;Indie;Simulation,Free to Play;Sandbox;Building,0,158,80,0,0,100000-200000,0.0,238,0.6638655462184874,158.0,5.068904202220232,5.476463551931511,0.0
423880,Carpe Diem,2015-11-30,1,Moonlit Works,Moonlit Works,windows;mac;linux,0,Single-player;Steam Achievements;Steam Cloud,Casual;Free to Play;Indie,Free to Play;Anime;Visual Novel,1,6791,793,10,11,200000-500000,0.0,7584,0.8954377637130801,6791.0,8.823500727991183,8.933927891782632,2.3978952727983707
423890,Gods and Idols,2016-12-12,1,Viking Tao,Viking Tao,windows,0,Multi-player;Online Multi-Player;MMO;Co-op;Online Co-op,Free to Play;Massively Multiplayer;RPG;Strategy;Early Access,Early Access;Free to Play;Strategy,0,419,183,1,1,100000-200000,0.0,602,0.6960132890365448,419.0,6.040254711277414,6.401917196727186,0.6931471805599453
424280,Iron Snout,2016-01-27,1,SnoutUp,SnoutUp,windows;mac;linux,0,Single-player;Steam Achievements;Partial Controller Support;Stats;Steam Leaderboards,Action;Free to Play;Indie,Free to Play;Action;Fighting,37,13889,277,10647,76,1000000-2000000,0.0,14166,0.9804461386418184,13889.0,9.53892443574839,9.55867059537935,9.273127360074948
424780,Imperia Online,2016-04-15,1,Imperia Online JSC,Imperia Online JSC,windows,0,Multi-player;Online Multi-Player;MMO;Online Co-op;Steam Achievements;In-App Purchases,Free to Play;Massively Multiplayer;Simulation;Strategy,Free to Play;Strategy;Massively Multiplayer,30,89,101,0,0,50000-100000,0.0,190,0.4684210526315789,89.0,4.499809670330265,5.25227342804663,0.0
428060,Millia -The ending-,2016-01-08,1,Millia Soft,Millia Soft,windows,0,Single-player,Indie,Indie;Visual Novel;Anime,0,22,3,0,0,0-20000,0.0,25,0.88,22.0,3.1354942159291497,3.258096538021482,0.0
428610,Longsword - Tabletop Tactics,2017-07-20,1,Zero Sum Games,Iceberg Interactive,windows,0,Single-player;Online Multi-Player;Includes level editor,Indie;Strategy;Early Access,Early Access;Strategy;Turn-Based Tactics,0,73,33,0,0,0-20000,0.0,106,0.6886792452830188,73.0,4.30406509320417,4.672828834461906,0.0
428870,Take the Dream IX,2016-04-01,1,Yai Gameworks,Yai Gameworks,windows;mac,0,Single-player;Full controller support;Steam Cloud,Sexual Content;Nudity;Violent;Gore;Adventure;Free to Play;Indie;RPG,Free to Play;Adventure;RPGMaker,0,113,29,0,0,50000-100000,0.0,142,0.795774647887324,113.0,4.736198448394496,4.962844630259907,0.0
429180,Project CARS - Pagani Edition,2016-10-28,1,Slightly Mad Studios,Slightly Mad Studios;BANDAI NAMCO Entertainment,windows,0,Single-player;Partial Controller Support;Steam Leaderboards,Racing;Simulation;Sports,Racing;Simulation;Multiplayer,0,598,402,15906,48,200000-500000,0.0,1000,0.598,598.0,6.395261598115449,6.90875477931522,9.67451454289836
429300,Sepia Tears,2016-01-08,1,Scarlet String Studios,Scarlet String Studios,windows;mac;linux,0,Single-player;Steam Achievements,Casual;Free to Play;Indie;Simulation,Free to Play;Visual Novel;Anime,11,713,85,97,97,100000-200000,0.0,798,0.893483709273183,713.0,6.570882962339584,6.683360945766275,4.584967478670572
429540,Prime World: Defenders 2,2018-11-29,1,Nival,Nival,windows,0,Single-player;MMO;Cross-Platform Multiplayer;Steam Trading Cards;In-App Purchases,Free to Play;Massively Multiplayer;Strategy,Free to Play;Tower Defense;Strategy,44,543,110,0,0,100000-200000,0.0,653,0.8315467075038285,543.0,6.298949246855942,6.483107351457199,0.0
429680,Spellweaver,2016-02-01,1,Dream Reactor,Dream Reactor,windows,0,Single-player;Multi-player;MMO;Steam Achievements;Steam Trading Cards,Free to Play;Indie;Massively Multiplayer;Strategy,Card Game;Free to Play;Strategy,20,905,321,77,123,200000-500000,0.0,1226,0.7381729200652528,905.0,6.80903930604298,7.112327444710911,4.356708826689592
429790,AdventureQuest 3D,2016-10-19,1,"Artix Entertainment, LLC","Artix Entertainment, LLC",windows;mac,0,Online Multi-Player;MMO;Co-op;Online Co-op;Cross-Platform Multiplayer;In-App Purchases,Action;Adventure;Free to Play;Indie;Massively Multiplayer;RPG;Early Access,Early Access;Free to Play;RPG,0,2699,1115,332,221,500000-1000000,0.0,3814,0.7076560041950708,2699.0,7.90100705199242,8.246695943718557,5.808142489980444
429940,The Sad Story of Emmeline Burns,2016-01-05,1,ebi-hime,ebi-hime,windows;mac;linux,0,Single-player;Steam Achievements,Adventure;Casual;Indie,Visual Novel;Indie;Casual,8,554,48,0,0,50000-100000,0.0,602,0.920265780730897,554.0,6.318968113746434,6.401917196727186,0.0
430890,Rytmik Player,2017-04-21,1,"CINEMAX, s.r.o.","CINEMAX, s.r.o.",windows;mac,0,Steam Achievements;Steam Cloud,Audio Production,Audio Production;Music;Utilities,7,21,2,0,0,0-20000,0.0,23,0.9130434782608696,21.0,3.091042453358316,3.1780538303479458,0.0
431390,Diorama No.1 : Blocked In,2016-04-05,1,The Shoebox Diorama (Daniel Ernst),The Shoebox Diorama,windows,0,Single-player,Casual;Indie;Simulation,Casual;Indie;Simulation,0,20,7,0,0,0-20000,0.0,27,0.7407407407407407,20.0,3.044522437723423,3.332204510175204,0.0
431500,Clash of the Monsters,2016-04-13,1,Cadence Games,Cadence Games,windows;mac,0,Single-player;Multi-player;Cross-Platform Multiplayer;Partial Controller Support,Action;Free to Play;Indie,Free to Play;Indie;Action,0,175,173,1,1,100000-200000,0.0,348,0.5028735632183908,175.0,5.170483995038151,5.855071922202427,0.6931471805599453
431540,Frosty Kiss,2016-01-08,1,2Chance Projects;IIchan Eroge Team,2Chance Projects,windows;linux,0,Single-player,Adventure;Casual;Free to Play;Indie,Free to Play;Visual Novel;Anime,6,1103,125,22,27,100000-200000,0.0,1228,0.8982084690553745,1103.0,7.00669522683704,7.113956109566034,3.1354942159291497
432290,Elemental Heroes,2016-03-03,1,mPower Games Studio,mPower Games Studio,windows;mac;linux,12,Multi-player;MMO;Cross-Platform Multiplayer;Steam Achievements;Steam Trading Cards;In-App Purchases,Free to Play;Indie;Massively Multiplayer;RPG;Strategy,Free to Play;Strategy;Turn-Based,21,75,58,0,0,50000-100000,0.0,133,0.5639097744360902,75.0,4.330733340286331,4.897839799950911,0.0
432310,Virtual Pool 4 Multiplayer,2016-06-13,1,Celeris,Celeris,windows,0,Multi-player;Online Co-op;In-App Purchases,Sports,Sports,0,24,21,0,0,20000-50000,0.0,45,0.5333333333333333,24.0,3.218875824868201,3.828641396489095,0.0
433350,BlackShot: Mercenary Warfare FPS,2016-05-31,1,Vertigo Games America,Papaya Play;Vertigo Games America,windows,0,Multi-player;MMO;Steam Achievements;Steam Trading Cards;In-App Purchases,Action;Casual;Free to Play,Free to Play;FPS;Action,48,1258,1182,85,112,500000-1000000,0.0,2440,0.5155737704918033,1258.0,7.138073034044347,7.80016307039296,4.454347296253507
433750,The Grandfather,2016-05-03,1,Mikeypoo's Games;David Szymanski,Plug In Digital,windows;mac,0,Single-player,Adventure;Indie,Indie;Adventure;Horror,0,60,41,0,0,20000-50000,0.0,101,0.594059405940594,60.0,4.110873864173311,4.624972813284271,0.0
433850,Z1 Battle Royale,2018-02-28,1,NantG,Daybreak Game Company,windows,0,Multi-player;Online Multi-Player;In-App Purchases,Action;Adventure;Free to Play;Massively Multiplayer,Survival;Massively Multiplayer;Multiplayer,0,111434,91664,3142,162,10000000-20000000,0.0,203098,0.5486710848949768,111434.0,11.621196740254016,12.22144882387344,8.052933036797567
434430,Abbot's Book Demo,2016-04-04,1,"The Abbot's Book, LLC","Blackthorn Media, LLC",windows,0,Single-player;VR Support,Adventure;Free to Play;Indie;RPG,Adventure;Free to Play;RPG,0,155,18,0,0,50000-100000,0.0,173,0.8959537572254336,155.0,5.049856007249537,5.159055299214529,0.0
434480,Mathoria: It All Adds Up,2016-03-30,1,Senshi.Labs,Senshi.Labs,windows,0,Single-player;Steam Trading Cards;Partial Controller Support,Casual;Free to Play;Indie;RPG,Free to Play;Indie;RPG,0,41,35,0,0,20000-50000,0.0,76,0.5394736842105263,41.0,3.737669618283368,4.343805421853684,0.0
434510,Formicide,2017-06-12,1,"Rock Wall Games, LLC","Rock Wall Games, LLC",windows,0,Multi-player;Online Multi-Player;Co-op;Online Co-op,Action;Free to Play;Indie,Free to Play;Action;Indie,0,216,51,0,0,100000-200000,0.0,267,0.8089887640449438,216.0,5.37989735354046,5.5909869805108565,0.0
434520,Simutrans,2016-05-24,1,The Simutrans Team,Open Source Publishing,windows;mac;linux,0,Single-player;Multi-player;Steam Workshop;Steam Cloud,Simulation,Simulation;Free to Play;Trains,0,232,83,88,88,100000-200000,0.0,315,0.7365079365079366,232.00000000000003,5.451038453565701,5.755742213586912,4.48863636973214
435030,Lost Lands: Mahjong,2016-03-14,1,FIVE-BN GAMES,FIVE-BN GAMES,windows;mac,0,Single-player;Steam Achievements;Steam Cloud,Adventure;Casual;Free to Play,Free to Play;Adventure;Casual,46,3769,309,23,23,100000-200000,0.0,4078,0.9242275625306524,3769.0,8.234830280442056,8.313607139317558,3.1780538303479458
435440,Galaxy Control: 3D Strategy,2016-08-10,1,FX Games Media,FX Games Media,windows;mac,0,Online Multi-Player;Cross-Platform Multiplayer;Steam Achievements;In-App Purchases;Steam Leaderboards;Steam Turn Notifications,Free to Play;Massively Multiplayer;Strategy,Free to Play;Strategy;Massively Multiplayer,97,180,166,17,17,100000-200000,0.0,346,0.5202312138728323,180.0,5.198497031265826,5.849324779946859,2.8903717578961645
436110,Medusa's Labyrinth,2016-02-15,1,Guru Games,Guru Games,windows,0,Single-player;Partial Controller Support,Action;Adventure;Free to Play;Indie,Free to Play;Horror;Adventure,0,807,209,19,19,200000-500000,0.0,1016,0.7942913385826772,807.0,6.694562058521095,6.92461239604856,2.995732273553991
436150,Governor of Poker 3,2016-02-19,1,Azerion;YoudaGames,Azerion;Youda Games Holding B.V.,windows;mac,0,Multi-player;Online Multi-Player;Cross-Platform Multiplayer;Steam Achievements;In-App Purchases,Casual;Free to Play;Massively Multiplayer;Simulation,Free to Play;Card Game;Massively Multiplayer,32,2163,866,1848,2515,500000-1000000,0.0,3029,0.7140970617365467,2163.0,7.679713639966372,8.016317898503415,7.522400231387125
436160,The Panic Room,2016-04-27,1,NIKITA ONLINE,NIKITA ONLINE,windows;mac,0,Single-player,Free to Play,Free to Play;Hidden Object;Puzzle,0,164,142,0,0,100000-200000,0.0,306,0.5359477124183006,164.0,5.10594547390058,5.726847747587197,0.0
436180,Spacelords,2017-09-22,1,MercurySteam,Mercury Steam Entertainment s.l.,windows,16,Single-player;Multi-player;Online Multi-Player;Co-op;Online Co-op;Cross-Platform Multiplayer;Steam Achievements;Full controller support;Steam Trading Cards;In-App Purchases;Steam Cloud,Action;Adventure;Casual;Free to Play;Indie;Massively Multiplayer;Strategy,Action;Free to Play;Adventure,32,1170,1209,62,90,500000-1000000,0.0,2379,0.4918032786885246,1170.0,7.065613363597717,7.77485576666552,4.143134726391533
436340,Kiya,2016-12-12,1,Emblematic Group,Emblematic Group,windows,0,Single-player,Free to Play;Indie;Simulation,Free to Play;Indie;Simulation,0,23,3,0,0,0-20000,0.0,26,0.8846153846153846,23.0,3.1780538303479458,3.295836866004329,0.0
436470,Gamma Bros,2018-12-10,1,Pixeljam,Pixeljam,windows;mac,0,Single-player;Steam Achievements;Full controller support;Steam Leaderboards,Action;Free to Play;Indie,Free to Play;Action;Indie,6,68,5,0,0,0-20000,0.0,73,0.9315068493150684,68.0,4.23410650459726,4.30406509320417,0.0
436520,Line of Sight,2017-01-31,1,BlackSpot Entertainment,BlackSpot Entertainment,windows,0,Multi-player;Online Multi-Player;Co-op;Steam Achievements;Steam Trading Cards;In-App Purchases;Valve Anti-Cheat enabled;Stats,Action;Free to Play;Indie;Massively Multiplayer,Free to Play;FPS;Action,408,4562,3397,161,68,2000000-5000000,0.0,7959,0.5731875863801985,4562.0,8.425735580927402,8.982184278838428,5.087596335232384
436820,Waltz of the Wizard,2016-05-31,1,Aldin Dynamics,Aldin Dynamics,windows,0,Single-player;Co-op;Local Co-op;VR Support,Adventure;Indie;Simulation,Simulation;Adventure;VR,0,1133,24,42,51,200000-500000,0.0,1157,0.979256698357822,1133.0,7.033506484287697,7.05444965813294,3.7612001156935615
437160,The Lion's Song: Episode 1 - Silence,2016-07-07,1,Mi'pu'mi Games GmbH,Mi'pu'mi Games GmbH,windows;mac;linux,0,Single-player;Steam Achievements;Steam Trading Cards;Stats,Adventure;Indie,Indie;Pixel Graphics;Point & Click,86,1579,109,129,129,100000-200000,0.0,1688,0.9354265402843602,1579.0,7.365180126021013,7.4318919168078,4.867534450455582
437400,SOLRAVEN,2016-03-03,1,Inception Soft,Inception Soft,windows,0,Single-player;VR Support,Free to Play;Indie;Simulation,Free to Play;Simulation;Indie,0,8,27,1,1,50000-100000,0.0,35,0.2285714285714285,8.0,2.19722457733622,3.58351893845611,0.6931471805599453
437720,Blossoms Bloom Brightest,2017-04-28,1,Reine Works,Reine Works,windows;mac;linux,0,Single-player;Steam Achievements;Partial Controller Support,Adventure;Casual;Indie,Indie;Adventure;Casual,4,67,28,0,0,20000-50000,0.0,95,0.7052631578947368,67.0,4.219507705176107,4.564348191467836,0.0
437900,Party Jousting,2016-03-01,1,vikingfabian.com,vikingfabian.com,windows,0,Multi-player;Local Multi-Player;Shared/Split Screen;Steam Achievements;Full controller support,Casual;Indie;Sports,Free to Play;Casual;Indie,19,575,58,1,1,500000-1000000,0.0,633,0.9083728278041074,575.0,6.356107660695892,6.452048954437226,0.6931471805599453
438040,Shakes and Fidget,2016-02-24,1,Playa Games GmbH,Playa Games GmbH,windows;mac,0,Single-player;MMO;Cross-Platform Multiplayer;In-App Purchases,Adventure;Casual;Free to Play;Indie;Massively Multiplayer;RPG;Strategy,Free to Play;RPG;Massively Multiplayer,0,6591,988,1752,828,1000000-2000000,0.0,7579,0.869639794168096,6591.0,8.793612071589308,8.933268478636418,7.469083884921234
438100,VRChat,2017-02-01,1,VRChat Inc.,VRChat Inc.,windows,0,Single-player;Multi-player;Online Multi-Player;Co-op;Online Co-op;Cross-Platform Multiplayer;Partial Controller Support,Adventure;Casual;Free to Play;Massively Multiplayer;Simulation;Sports;Early Access,Early Access;Free to Play;Memes,0,25818,3323,1351,52,2000000-5000000,0.0,29141,0.8859682234652209,25818.0,10.158865933983696,10.2799357115738,7.20934025660291
438140,Star Realms,2016-03-08,1,White Wizard Games,White Wizard Games,windows;mac,0,Single-player;Multi-player;Cross-Platform Multiplayer,Strategy,Strategy;Card Game;Board Game,0,492,128,0,0,100000-200000,0.0,620,0.7935483870967742,492.0,6.20050917404269,6.431331081933479,0.0
438600,Soccer Manager,2016-02-09,1,Soccer Manager Ltd,Soccer Manager Ltd,windows;mac,0,Single-player;Multi-player;MMO;Cross-Platform Multiplayer,Free to Play;Indie;Massively Multiplayer;Simulation;Sports;Strategy,Free to Play;Sports;Simulation,0,145,78,11,11,100000-200000,0.0,223,0.6502242152466368,145.0,4.983606621708336,5.41164605185504,2.4849066497880004
438680,One Troll Army,2016-05-19,1,FlyAnvil,tinyBuild,windows;mac,0,Single-player;Multi-player;Steam Achievements;Partial Controller Support,Casual;Indie;Strategy,Strategy;Free to Play;Indie,15,936,169,14,16,200000-500000,0.0,1105,0.8470588235294118,936.0,6.842683282238422,7.00850518208228,2.70805020110221
438720,Heroes of Shadow Guard,2016-08-03,1,Iron 27,Iron 27,windows,0,Single-player;Multi-player;Online Multi-Player;MMO;Cross-Platform Multiplayer;Steam Achievements;In-App Purchases,Free to Play;Indie;Massively Multiplayer;RPG,Free to Play;Massively Multiplayer;Indie,39,26,28,2,2,20000-50000,0.0,54,0.4814814814814814,26.0,3.295836866004329,4.007333185232471,1.0986122886681098
438920,Legends of Callasia,2016-06-10,1,Boomzap Entertainment,Boomzap Entertainment,windows;mac,0,Single-player;Multi-player;Online Multi-Player;Cross-Platform Multiplayer;Steam Achievements;Steam Trading Cards,Strategy,Strategy;Wargame;Turn-Based,29,202,48,0,0,50000-100000,0.0,250,0.808,202.0,5.313205979041787,5.525452939131784,0.0
439370,Midair,2018-05-03,1,Archetype Studios,Archetype Studios,windows,0,Multi-player;Online Multi-Player;Stats,Action;Free to Play;Indie;Massively Multiplayer,Action;Free to Play;Indie,0,423,353,67,67,100000-200000,0.0,776,0.5451030927835051,423.0,6.049733455231958,6.655440350367647,4.219507705176107
439940,Lucid9: Inciting Incident,2016-04-14,1,Fallen Snow Studios,Sekai Project,windows;mac;linux,0,Single-player;Steam Achievements,Casual;Free to Play;Simulation,Free to Play;Visual Novel;Anime,13,795,71,1,1,100000-200000,0.0,866,0.918013856812933,795.0,6.679599185844383,6.765038976780541,0.6931471805599453
440120,Vreal,2018-06-27,1,VREAL INC,VREAL INC,windows,0,Single-player;Online Multi-Player,Action;Adventure;Casual;Free to Play;Early Access,Early Access;Action;Adventure,0,19,6,0,0,0-20000,0.0,25,0.76,19.0,2.995732273553991,3.258096538021482,0.0
440740,Tap Tap Legions - Epic battles within 5 seconds!,2016-02-08,1,YFC games,YFC games,windows;mac,0,Single-player;Steam Achievements;Steam Leaderboards,Action;Casual;Free to Play;Indie;Strategy,Free to Play;Action;Strategy,23,169,141,1,1,100000-200000,0.0,310,0.5451612903225806,169.0,5.135798437050262,5.739792912179234,0.6931471805599453
442080,Riders of Icarus,2016-07-06,1,WeMade,Nexon America,windows,0,Single-player;Multi-player;Online Multi-Player;MMO;Steam Trading Cards;In-App Purchases,Adventure;Free to Play;Massively Multiplayer;RPG,Free to Play;MMORPG;RPG,0,5306,2741,1859,145,1000000-2000000,0.0,8047,0.6593761650304462,5306.0,8.576781982827894,8.99317889233952,7.528331766707247
442120,Pinball FX3,2017-09-26,1,Zen Studios,Zen Studios,windows,0,Single-player;Multi-player;Steam Achievements;Full controller support;Steam Cloud,Simulation,Simulation;Arcade;Pinball,98,768,202,145,239,100000-200000,0.0,970,0.7917525773195876,768.0,6.645090969505644,6.878326468291325,4.983606621708336
442220,Iron Madness,2016-03-02,1,Inane Games,Inane Games,windows;mac,0,Single-player;Multi-player;Co-op;Shared/Split Screen;Cross-Platform Multiplayer;Partial Controller Support,Action;Casual;Free to Play;Indie;Racing;Simulation;Sports;Early Access,Early Access;Racing;Action,0,43,38,0,0,0-20000,0.0,81,0.5308641975308642,43.0,3.784189633918261,4.406719247264253,0.0
442290,Pointless,2016-02-22,1,Cake Collective Games,Cake Collective Games,windows,0,Single-player;Steam Achievements;Steam Trading Cards,Indie,Indie;Clicker;Retro,8,81,67,0,0,0-20000,0.0,148,0.5472972972972973,81.0,4.406719247264253,5.003946305945459,0.0
442810,UFO Online: Invasion,2016-06-08,1,Bad Pixel,Bad Pixel,windows,0,Multi-player;MMO;Co-op;Steam Achievements;In-App Purchases,Free to Play;Massively Multiplayer;RPG,Free to Play;Massively Multiplayer;RPG,157,256,212,7,7,100000-200000,0.0,468,0.5470085470085471,256.0,5.54907608489522,6.150602768446279,2.079441541679836
443110,Armored Warfare,2017-11-17,1,Obsidian Entertainment;My.com,My.com,windows,0,Multi-player;Online Multi-Player;MMO;Co-op;Online Co-op;Steam Trading Cards;In-App Purchases;Steam Turn Notifications,Action;Casual;Free to Play;Massively Multiplayer;Simulation;Strategy,Free to Play;Action;Massively Multiplayer,0,495,332,276,276,100000-200000,0.0,827,0.5985489721886336,495.0,6.206575926724927,6.71901315438526,5.6240175061873385
443250,Legacy of the Elder Star,2016-06-07,1,Kickbomb Entertainment LLC,Kickbomb Entertainment LLC,windows;mac;linux,0,Single-player;Steam Achievements;Steam Trading Cards;Steam Cloud;Steam Leaderboards,Action;Indie,Action;Indie;Shoot 'Em Up,17,33,5,0,0,0-20000,0.0,38,0.868421052631579,33.0,3.5263605246161616,3.6635616461296463,0.0
443580,Antenna,2016-04-07,1,LWNA,LWNA,windows,0,Single-player;Steam Achievements,Casual;Free to Play;Indie,Free to Play;Indie;Casual,5,1513,546,20,20,200000-500000,0.0,2059,0.7348227294803302,1513.0,7.322510433997394,7.630461261783627,3.044522437723423
444090,Paladins®,2018-05-08,1,Evil Mojo Games,Hi-Rez Studios,windows,0,Multi-player;Online Multi-Player;Steam Achievements;Steam Trading Cards;In-App Purchases;Partial Controller Support,Action;Free to Play,Free to Play;Multiplayer;FPS,58,169580,32407,1595,407,10000000-20000000,0.0,201987,0.8395589815186126,169580.0,12.041085967762417,12.215963568678143,7.375255778009754
444200,World of Tanks Blitz MMO,2016-11-09,1,Wargaming Group Limited,Wargaming Group Limited,windows;mac,0,Online Multi-Player;MMO;Online Co-op;Cross-Platform Multiplayer;Steam Trading Cards;In-App Purchases,Action;Free to Play;Massively Multiplayer,Tanks;Free to Play;Multiplayer,0,14069,5988,5046,383,2000000-5000000,0.0,20057,0.7014508650346513,14069.0,9.551800150108434,9.906383355648154,8.526549286340263
444250,Crown and Council,2016-04-22,1,Mojang,Mojang,windows,0,Single-player;Local Multi-Player,Casual;Indie;Strategy,Strategy;Casual;Indie,0,450,268,0,0,100000-200000,0.0,718,0.6267409470752089,450.0,6.111467339502679,6.577861357721047,0.0
444620,SpellKnights,2016-07-13,1,Mechanical Boss,OGSeries,windows,0,Multi-player;Online Multi-Player;Steam Achievements;Steam Trading Cards;Stats,Action;Free to Play;Early Access,Early Access;Free to Play;Action,28,28,43,0,0,50000-100000,0.0,71,0.3943661971830985,28.0,3.3672958299864737,4.276666119016055,0.0
444640,Bloons TD Battles,2016-04-20,1,Ninja Kiwi,Ninja Kiwi,windows;mac,0,Cross-Platform Multiplayer;Steam Achievements;Steam Trading Cards;In-App Purchases;Steam Leaderboards,Action;Free to Play;Strategy,Free to Play;Tower Defense;Multiplayer,16,6486,1227,526,304,1000000-2000000,0.0,7713,0.8409179307662388,6486.0,8.777555453213056,8.950792138768174,6.267200548541362
444770,Mimpi Dreams,2016-03-22,1,Dreadlocks Mobile;Silicon Jelly,Dreadlocks Mobile;Silicon Jelly;Dreadlocks Ltd.,windows;mac;linux,0,Single-player;Steam Achievements;Full controller support;Steam Trading Cards,Adventure;Indie,Indie;Adventure;Cute,57,311,22,87,87,50000-100000,0.0,333,0.933933933933934,311.0,5.7430031878094825,5.811140992976701,4.477336814478207
444930,Zaccaria Pinball,2016-06-16,1,Magic Pixel Kft.,Magic Pixel Kft.,windows;mac;linux,0,Single-player;Multi-player;Online Multi-Player;Local Multi-Player;Shared/Split Screen;Cross-Platform Multiplayer;Steam Achievements;Full controller support;Steam Trading Cards;Steam Cloud;Steam Leaderboards,Action;Casual;Free to Play;Indie;Simulation;Sports;Early Access,Early Access;Free to Play;Pinball,4034,315,91,0,0,100000-200000,0.0,406,0.7758620689655172,315.0,5.755742213586912,6.008813185442595,0.0
445130,The Average Everyday Adventures of Samantha Browne,2016-04-18,1,Lemonsucker Games,Lemonsucker Games,windows;mac;linux,0,Single-player;Steam Achievements,Casual;Free to Play;Indie,Free to Play;Indie;Casual,5,686,164,1,1,100000-200000,0.0,850,0.8070588235294117,686.0,6.532334292222349,6.746412128573375,0.6931471805599453
445230,Lost girl`s [diary],2016-03-24,1,SmoleVN,SmoleVN,windows;mac,16,Single-player;Steam Achievements,Free to Play,Free to Play;Visual Novel;Anime,10,735,164,4,4,100000-200000,0.0,899,0.8175750834260289,735.0,6.601230118728877,6.802394763324311,1.6094379124341005
445720,Battle Islands: Commanders,2017-02-14,1,DR Studios,505 Games,windows,0,Single-player;Online Multi-Player;Full controller support;In-App Purchases,Action;Free to Play;Strategy,Free to Play;Strategy;Action,0,366,388,10,10,200000-500000,0.0,754,0.4854111405835544,366.0,5.905361848054571,6.626717749249025,2.3978952727983707
446150,GUNS UP!,2018-02-05,1,"Valkyrie Entertainment, LLC","PlayStation Mobile, Inc.",windows,0,Single-player;Online Multi-Player;Cross-Platform Multiplayer;Steam Achievements;Full controller support;Steam Trading Cards;In-App Purchases,Action;Casual;Free to Play;Strategy,Free to Play;Strategy;Multiplayer,21,1637,940,160,76,500000-1000000,0.0,2577,0.6352347691113698,1637.0,7.401231264413015,7.8547691834991324,5.081404364984463
446770,Skeet: VR Target Shooting,2016-04-05,1,Flatbox Studios,Flatbox Studios LLC,windows,0,Single-player;Steam Achievements;Steam Trading Cards;Steam Leaderboards,Action;Simulation,Action;Simulation;VR,14,106,28,0,0,100000-200000,0.0,134,0.7910447761194029,106.0,4.672828834461906,4.90527477843843,0.0
446990,The Huntsman: Winter's Curse,2016-04-22,1,Desert Owl Games LLC,Desert Owl Games LLC,windows;mac,0,Single-player;Steam Achievements;Steam Trading Cards,Adventure;Casual;Indie;RPG,Adventure;RPG;Indie,10,184,64,0,0,50000-100000,0.0,248,0.7419354838709677,184.0,5.220355825078324,5.517452896464707,0.0
447270,IKEA VR Experience,2016-04-04,1,IKEA Communications AB,IKEA Communications AB,windows,0,Single-player;VR Support,Free to Play,Sexual Content;VR;Free to Play,0,194,70,8,8,200000-500000,0.0,264,0.7348484848484849,194.0,5.272999558563747,5.579729825986222,2.19722457733622
447570,Regeria Hope Episode 1,2016-07-25,1,Golden Game Barn,Golden Game Barn,windows;mac;linux,0,Single-player;Steam Achievements,Adventure;Free to Play;Indie,Free to Play;Indie;Adventure,8,278,48,0,0,50000-100000,0.0,326,0.852760736196319,278.0,5.631211781821365,5.7899601708972535,0.0
448310,Bitardia Cards: Memes of 2ch,2016-05-19,1,varlamov5264,varlamov5264,windows;mac;linux,0,Single-player;Multi-player;Cross-Platform Multiplayer,Casual;Free to Play;Strategy,Free to Play;Casual;Strategy,0,137,48,12,12,50000-100000,0.0,185,0.7405405405405405,137.0,4.927253685157205,5.225746673713202,2.5649493574615367
448390,Maneki's Curse,2016-10-25,1,N.R. Burnette,N.R. Burnette,windows,0,Single-player,Free to Play;Indie;RPG,Free to Play;RPG;Indie,0,15,10,0,0,0-20000,0.0,25,0.6,15.0,2.772588722239781,3.258096538021482,0.0
448570,Origin Of Destiny: Crimson Awakening,2016-04-01,1,CloudTheWolf Games,CloudTheWolf Games,windows,0,Single-player;Steam Achievements;Partial Controller Support;Steam Cloud,Adventure;Free to Play;Indie;RPG;Early Access,Early Access;Free to Play;RPG,12,87,32,0,0,50000-100000,0.0,119,0.7310924369747899,87.0,4.477336814478207,4.787491742782046,0.0
448710,VirZOOM Arcade,2016-06-30,1,VirZOOM,VirZOOM,windows,0,Single-player;Multi-player;VR Support,Action;Adventure;Casual;Indie;Racing;Sports,Casual;Racing;Action,21,20,1,0,0,50000-100000,0.0,21,0.9523809523809524,20.0,3.044522437723423,3.091042453358316,0.0
448930,About Elise,2017-09-26,1,Toni Domínguez,Toni Domínguez,windows,0,Single-player;Partial Controller Support,Adventure;Casual;Free to Play;Indie;Simulation,Free to Play;Adventure;Indie,0,77,24,0,0,20000-50000,0.0,101,0.7623762376237624,77.0,4.356708826689592,4.624972813284271,0.0
448980,The Divergent Series: Allegiant VR,2016-03-17,1,Wevr Inc;Big Red Button Entertainment,Summit Entertainment LLC,windows,0,Single-player;VR Support,Adventure;Casual;Free to Play,Free to Play;Adventure;Casual,0,61,34,0,0,50000-100000,0.0,95,0.6421052631578947,61.0,4.127134385045092,4.564348191467836,0.0
449000,Steno Arcade,2016-03-30,1,For All To Play,For All To Play,windows;mac;linux,0,Single-player;Captions available,Casual;Free to Play;Indie;Early Access,Early Access;Free to Play;Indie,0,126,42,1,1,50000-100000,0.0,168,0.75,126.0,4.844187086458591,5.1298987149230735,0.6931471805599453
449020,The Bottom of the Well,2016-03-03,1,Red Nettle Studio,Red Nettle Studio,windows,0,Single-player;Steam Achievements,Free to Play;RPG,Free to Play;Visual Novel;Choose Your Own Adventure,12,388,59,0,0,50000-100000,0.0,447,0.8680089485458613,388.0,5.963579343618446,6.104793232414985,0.0
449040,Jesus Christ RPG Trilogy,2016-03-18,1,Wholetone Games,Wholetone Games,windows,0,Single-player;Partial Controller Support;Steam Cloud,Free to Play;RPG,Illuminati;Memes;Psychological Horror,0,1043,201,196,307,100000-200000,0.0,1244,0.8384244372990354,1043.0,6.950814768442584,7.126890808898808,5.2832037287379885
449050,Rock Paper Scissors Champion,2016-03-02,1,Wholetone Games,Wholetone Games,windows,0,Single-player;Steam Achievements;Steam Cloud,Casual;Free to Play;Sports,Free to Play;Casual;Sports,7,227,221,0,0,50000-100000,0.0,448,0.5066964285714286,227.0,5.429345628954441,6.107022887742255,0.0
449130,ENGAGE,2018-12-18,1,Immersive VR Education Ltd.,Immersive VR Education Ltd.,windows,0,Full controller support;VR Support,Education;Software Training;Utilities,Utilities;Education;Software Training,0,33,8,0,0,50000-100000,0.0,41,0.8048780487804879,33.0,3.5263605246161616,3.737669618283368,0.0
449140,Istrolid,2016-05-06,1,treeform,treeform,windows;mac;linux,0,Single-player;Multi-player;Online Multi-Player;Online Co-op;Cross-Platform Multiplayer,Free to Play;Indie;Strategy,Free to Play;Strategy;Building,0,1899,276,20,31,200000-500000,0.0,2175,0.8731034482758621,1899.0,7.549609165154532,7.685243607975833,3.044522437723423
449470,Atulos Online,2016-04-30,1,Parallaxian Pty Ltd,Parallaxian Pty Ltd,windows,0,Single-player;MMO,Adventure;Free to Play;Massively Multiplayer;RPG,Free to Play;Massively Multiplayer;Adventure,0,161,73,0,0,50000-100000,0.0,234,0.688034188034188,161.0,5.087596335232384,5.459585514144159,0.0
449780,Jacob,2016-07-18,1,Duck Duck Zeus,Centre For Longitudinal Studies,windows,0,Single-player,Casual;Free to Play;Indie;Strategy,Free to Play;Indie;Strategy,0,19,62,0,0,20000-50000,0.0,81,0.2345679012345679,19.0,2.995732273553991,4.406719247264253,0.0
450220,Overload Playable Teaser 3.0,2016-03-07,1,"Revival Productions, LLC","Revival Productions, LLC",windows;mac;linux,0,Single-player;Full controller support,Action,Action;6DOF;Free to Play,0,600,34,0,0,100000-200000,0.0,634,0.946372239747634,600.0,6.398594934535208,6.453624998892692,0.0
450390,The Lab,2016-04-05,1,Valve,Valve,windows,0,Single-player;VR Support;SteamVR Collectibles;Steam Leaderboards,Free to Play,Free to Play;VR;Action,0,2926,145,95,127,500000-1000000,0.0,3071,0.9527841094106154,2926.0,7.981733286691885,8.030084094267563,4.564348191467836
451130,Khan: Absolute Power,2016-03-18,1,Mirinae,Blaze Gamers,windows,0,MMO;In-App Purchases;Valve Anti-Cheat enabled,Action;Adventure;Free to Play;Massively Multiplayer;RPG,Free to Play;Action;Adventure,0,86,75,0,0,50000-100000,0.0,161,0.5341614906832298,86.0,4.465908118654584,5.087596335232384,0.0
451230,Wartune,2016-08-15,1,7 Road,Proficient City,windows,0,Multi-player;MMO;Steam Trading Cards;In-App Purchases,Free to Play;RPG;Strategy,Free to Play;Strategy;RPG,0,35,38,0,0,20000-50000,0.0,73,0.4794520547945205,35.0,3.58351893845611,4.30406509320417,0.0
451360,Fenrisulfr Puzzle,2018-02-17,1,Fenrisulfr Ruin1990,Fenrisulfr  ZLeaf,windows,0,Single-player,Casual;Free to Play;Indie;Early Access,Early Access;Free to Play;Indie,0,22,5,13,13,0-20000,0.0,27,0.8148148148148148,22.0,3.1354942159291497,3.332204510175204,2.6390573296152584
451960,The Secret of Pineview Forest,2016-10-31,1,VIS-Games,United Independent Entertainment GmbH,windows,0,Single-player,Action;Adventure;Indie,Action;Adventure;Indie,0,50,44,0,0,20000-50000,0.0,94,0.5319148936170213,50.0,3.9318256327243257,4.553876891600541,0.0
451980,The Body VR: Journey Inside a Cell,2016-10-03,1,The Body VR LLC,The Body VR LLC,windows,0,Single-player,Casual;Simulation,Casual;Simulation;VR,0,186,14,0,0,50000-100000,0.0,200,0.93,186.0,5.231108616854587,5.303304908059076,0.0
452230,Spellstone,2016-11-14,1,Synapse Games,Kongregate,windows;mac,0,Single-player;Online Multi-Player;Cross-Platform Multiplayer;Steam Achievements;Steam Trading Cards;In-App Purchases,Adventure;Free to Play;RPG;Strategy,Free to Play;Card Game;Strategy,29,204,112,1,1,50000-100000,0.0,316,0.6455696202531646,204.0,5.3230099791384085,5.75890177387728,0.6931471805599453
452490,The Cubicle.,2016-04-05,1,Roel van Beek;Jurgen Hoogeboom;Joppe de Graaf;Jesper van den Ende,Pelican Party Studios,windows,0,Single-player;VR Support,Action;Adventure;Casual;Free to Play;Indie;Simulation,Free to Play;VR;Horror,0,469,70,0,0,100000-200000,0.0,539,0.8701298701298701,469.0,6.152732694704104,6.29156913955832,0.0
452710,Realities,2016-04-05,1,realities.io,realities.io,windows,0,Single-player;Full controller support;VR Support;Commentary available,Adventure;Free to Play;Simulation,Free to Play;Adventure;Simulation,0,168,50,0,0,100000-200000,0.0,218,0.7706422018348624,168.0,5.1298987149230735,5.389071729816501,0.0
453000,Wave Beta,2017-04-12,1,"WaveVR, Inc.","WaveVR, Inc.",windows,0,Single-player;Online Multi-Player;MMO;Online Co-op;Includes level editor,Massively Multiplayer;Simulation;Early Access,Early Access;VR;Massively Multiplayer,0,364,21,13,13,50000-100000,0.0,385,0.9454545454545454,364.0,5.899897353582492,5.955837369464831,2.6390573296152584
453480,Shadowverse CCG,2016-10-27,1,"Cygames, Inc.","Cygames, Inc.;Cygames Korea Inc.",windows;mac,0,Single-player;Multi-player;Online Multi-Player;Cross-Platform Multiplayer;In-App Purchases,Free to Play;Strategy,Free to Play;Card Game;Anime,0,5583,2008,4126,230,1000000-2000000,0.0,7591,0.7354762218416546,5583.0,8.627660644442209,8.934850340289763,8.325306029752582
453680,MiniGolf Mania,2016-03-25,1,Road Turtle Games,Axis Games,windows,0,Single-player;Local Multi-Player;Shared/Split Screen;Partial Controller Support,Casual;Sports,Sports;Casual;Mini Golf,0,36,16,0,0,0-20000,0.0,52,0.6923076923076923,36.0,3.610917912644224,3.970291913552122,0.0
453890,Black Rose,2016-03-15,1,Sir Bedlam Productions,Sir Bedlam Productions,windows,0,Single-player;Partial Controller Support,Adventure;Free to Play;Indie,Horror;Free to Play;Indie,0,556,123,0,0,100000-200000,0.0,679,0.8188512518409425,556.0,6.322565239927284,6.522092798170152,0.0
454070,Boundel: The Second Era,2016-11-14,1,Eren Aydin,Eren Aydin,windows,0,Single-player;Multi-player;Co-op;Steam Achievements;Steam Trading Cards;Steam Leaderboards,Indie;Massively Multiplayer;RPG,Massively Multiplayer;Indie;RPG,21,165,116,0,0,0-20000,0.0,281,0.5871886120996441,165.0,5.111987788356544,5.641907070938114,0.0
454540,LuckCatchers,2016-11-15,1,DiP Online,DiP Online,windows,0,MMO;In-App Purchases,Free to Play;Indie;Massively Multiplayer;RPG;Simulation;Strategy,Free to Play;Massively Multiplayer;RPG,80,407,338,4,4,100000-200000,0.0,745,0.5463087248322148,407.00000000000006,6.0112671744041615,6.61472560020376,1.6094379124341005
454600,Age of Cavemen,2016-05-24,1,Fuero Games,Fuero Games,windows,0,Multi-player;Online Multi-Player;MMO;Cross-Platform Multiplayer;Steam Achievements;Steam Trading Cards;In-App Purchases;Partial Controller Support,Free to Play;Massively Multiplayer;Strategy,Free to Play;Strategy;Massively Multiplayer,45,302,239,0,0,100000-200000,0.0,541,0.5582255083179297,302.0,5.713732805509369,6.295266001439646,0.0
454910,Twin Saga,2017-09-01,1,X-Legend,Aeria Games,windows,0,MMO;Steam Trading Cards;In-App Purchases,Free to Play;Massively Multiplayer;RPG,Free to Play;Massively Multiplayer;Anime,0,406,182,647,1066,100000-200000,0.0,588,0.6904761904761905,406.0,6.008813185442595,6.3784261836515865,6.473890696352274
455020,Jackpot Poker by PokerStars,2017-03-20,1,PokerStars Mobile Limited,PokerStars Mobile Limited ,windows,0,Single-player;Multi-player;In-App Purchases,Casual;Free to Play;Massively Multiplayer;Sports;Strategy,Free to Play;Sports;Massively Multiplayer,0,105,114,24,30,50000-100000,0.0,219,0.4794520547945205,105.0,4.663439094112067,5.393627546352362,3.218875824868201
455440,Spell Fighter VR,2016-03-23,1,Kubold,Kubold,windows,0,Single-player;VR Support,Action;Adventure;Indie;RPG,Action;Adventure;RPG,0,244,86,0,0,100000-200000,0.0,330,0.7393939393939394,244.0,5.501258210544727,5.802118375377063,0.0
456450,Jaunt VR - Experience Cinematic Virtual Reality,2016-03-28,1,Jaunt Inc.,Jaunt Inc.,windows,0,VR Support,Utilities,Utilities,0,19,22,0,0,20000-50000,0.0,41,0.4634146341463415,19.0,2.995732273553991,3.737669618283368,0.0
456920,Gary the Gull,2016-11-22,1,Motional Entertainment;Limitless Ltd,Limitless Ltd,windows,0,Single-player,Adventure,Adventure;VR,0,13,17,0,0,0-20000,0.0,30,0.4333333333333333,13.0,2.6390573296152584,3.4339872044851463,0.0
457230,Atlas Reactor VR Character Viewer,2016-04-05,1,Trion Worlds,Trion Worlds,windows,0,Single-player,Strategy,Strategy;VR;Futuristic,0,30,3,0,0,20000-50000,0.0,33,0.9090909090909092,30.0,3.4339872044851463,3.5263605246161616,0.0
457330,High Octane Drift,2016-10-14,1,Cruderocks,Cruderocks,windows,0,Single-player;Online Multi-Player;MMO;Steam Achievements;In-App Purchases;Partial Controller Support,Free to Play;Racing;Simulation;Sports;Early Access,Early Access;Racing;Free to Play,59,2012,1932,324,150,1000000-2000000,0.0,3944,0.5101419878296146,2012.0,7.607381425639791,8.280204233279974,5.783825182329737
457420,Surgeon Simulator VR: Meet The Medic,2016-04-05,1,Bossa Studios,Bossa Studios,windows,0,Single-player,Action;Free to Play;Indie;Simulation,Free to Play;Simulation;Action,0,157,47,10,14,200000-500000,0.0,204,0.7696078431372549,157.0,5.062595033026967,5.3230099791384085,2.3978952727983707
457550,Bigscreen Beta,2016-04-28,1,"Bigscreen, Inc.","Bigscreen, Inc.",windows,0,Single-player;Multi-player;Online Multi-Player;Cross-Platform Multiplayer,Simulation,VR;Simulation;Utilities,0,975,127,153,155,200000-500000,0.0,1102,0.8847549909255898,975.0,6.883462586413092,7.005789019253503,5.0369526024136295
457590,Luna Online: Reborn,2017-10-17,1,Funtime,Subagames,windows,0,Multi-player;Online Multi-Player;MMO;In-App Purchases,Adventure;Casual;Free to Play;Massively Multiplayer;RPG,RPG;Massively Multiplayer;Free to Play,0,153,125,1970,3898,50000-100000,0.0,278,0.5503597122302158,153.0,5.0369526024136295,5.631211781821365,7.58629630715272
457670,Vrideo,2016-04-12,1,"Vrideo, Inc.","Vrideo, Inc.",windows,0,Full controller support,Utilities,VR;Utilities;360 Video,0,35,28,0,0,50000-100000,0.0,63,0.5555555555555556,35.0,3.58351893845611,4.158883083359672,0.0
458410,Cabals: Magic & Battle Cards,2018-02-06,1,Kyy Games,Kyy Games,windows;mac,0,Single-player;Multi-player;Cross-Platform Multiplayer;In-App Purchases,Free to Play;Strategy;Early Access,Early Access;Free to Play;Strategy,24,34,19,0,0,0-20000,0.0,53,0.6415094339622641,34.0,3.555348061489413,3.9889840465642745,0.0
458560,Plastic Playground,2016-04-18,1,Tomorrow Arts,GP Games,windows,0,Multi-player;Partial Controller Support,Action;Free to Play,Free to Play;Action;FPS,0,49,102,0,0,50000-100000,0.0,151,0.3245033112582781,49.0,3.912023005428146,5.0238805208462765,0.0
458590,ABE VR,2016-06-23,1,Hammerhead VR,Hammerhead VR,windows,0,Single-player;Partial Controller Support,Adventure,Adventure;Horror;VR,0,155,89,0,0,50000-100000,0.0,244,0.6352459016393442,155.0,5.049856007249537,5.501258210544727,0.0
458760,Palinurus,2016-12-09,1,Watercress Studios,Watercress Studios,windows,0,Single-player,Free to Play,Free to Play;Visual Novel;Anime,0,199,7,1,1,0-20000,0.0,206,0.9660194174757282,199.0,5.298317366548036,5.332718793265369,0.6931471805599453
458890,WITHIN,2016-06-16,1,"Within Unlimited, Inc.","Within Unlimited, Inc.",windows,0,Full controller support;VR Support,Utilities,Utilities;VR;VR Only,0,31,33,0,0,20000-50000,0.0,64,0.484375,31.0,3.4657359027997265,4.174387269895637,0.0
458970,Intruder Alert: Ixian Operations,2016-07-21,1,Frudelsoft,Frudelsoft,windows,0,Single-player;Local Multi-Player,Free to Play;Indie;Strategy,Free to Play;Strategy;Indie,0,39,23,0,0,20000-50000,0.0,62,0.6290322580645161,39.0,3.688879454113936,4.143134726391533,0.0
459160,Allods Online My.com,2016-06-03,1,IT Territory,My.com,windows,0,MMO;Steam Trading Cards;In-App Purchases,Free to Play;Massively Multiplayer;RPG,Free to Play;Massively Multiplayer;RPG,0,196,101,0,0,100000-200000,0.0,297,0.6599326599326599,196.0,5.2832037287379885,5.697093486505405,0.0
459170,Discovr™ Egypt: King Tut's Tomb,2016-04-11,1,Discovr Labs,Discovr Labs,windows,0,Single-player;Steam Achievements;Full controller support,Adventure;Casual;Indie,Adventure;Indie;Casual,5,25,18,0,0,20000-50000,0.0,43,0.5813953488372093,25.0,3.258096538021482,3.784189633918261,0.0
459820,Crush Crush,2016-10-18,1,Sad Panda Studios,Sad Panda Studios,windows;mac;linux,0,Single-player;Steam Achievements;Steam Trading Cards;In-App Purchases;Stats;Steam Leaderboards,Casual;Free to Play;Indie,Free to Play;Sexual Content;Nudity,24,7239,982,2735,3707,500000-1000000,0.0,8221,0.88054981145846,7239.0,8.887376485379763,9.014568767457824,7.914252278742441
460060,Varenje,2018-07-03,1,Play Cute,JoyBits Ltd.,windows;mac;linux,0,Single-player;Steam Achievements;Steam Trading Cards,Adventure;Casual;Free to Play;Indie,Free to Play;Adventure;Indie,26,602,65,2,2,50000-100000,0.0,667,0.9025487256371814,602.0,6.401917196727186,6.504288173536645,1.0986122886681098
460510,One Dark Night,2016-12-14,1,Emblematic Group,Emblematic Group,windows,0,Single-player,Free to Play;Indie;Simulation,Free to Play;Indie;Simulation,0,49,59,0,0,20000-50000,0.0,108,0.4537037037037037,49.0,3.912023005428146,4.691347882229144,0.0
460540,Temple of Rust,2018-09-18,1,James Mearman,www.dev-zoo.net,windows,0,Single-player;Full controller support,Action;Adventure;Casual;Free to Play;Indie;RPG;Early Access,Early Access;Free to Play;Casual,0,39,3,0,0,0-20000,0.0,42,0.9285714285714286,39.0,3.688879454113936,3.7612001156935615,0.0
460850,Allumette,2016-10-13,1,Penrose Studios,Penrose Studios,windows,0,Single-player;Partial Controller Support,Casual;Indie,Indie;Casual;VR,0,443,15,0,0,50000-100000,0.0,458,0.9672489082969432,443.0,6.095824562432225,6.129050210060545,0.0
461180,SurrealVR,2016-04-15,1,Surreal Games,Surreal Games,windows,0,Single-player;Multi-player;Online Multi-Player;MMO;Co-op;Online Co-op;Cross-Platform Multiplayer;Partial Controller Support,Adventure;Casual;Free to Play;Indie;Massively Multiplayer;Simulation,Massively Multiplayer;Free to Play;Casual,0,42,30,0,0,50000-100000,0.0,72,0.5833333333333334,42.0,3.7612001156935615,4.290459441148391,0.0
461320,Smackitball,2017-02-27,1,Kevin Fathi;Nima Zeighami;Evie Powell;Jason Briggs;Kijoon Shin;Victor Brodin;Benjamin Niu,VR Sports,windows,0,Single-player,Sports;Early Access,Early Access;Sports;e-sports,0,8,7,0,0,0-20000,0.0,15,0.5333333333333333,8.0,2.19722457733622,2.772588722239781,0.0
461560,MANDAGON,2016-08-03,1,Blind Sky Studios,Blind Sky Studios,windows;mac,0,Single-player;Steam Achievements;Partial Controller Support,Adventure;Free to Play;Indie,Free to Play;Pixel Graphics;Adventure,5,4600,249,21233,31845,200000-500000,0.0,4849,0.9486492060218602,4600.0,8.434028950155469,8.48673398393153,9.963358949573518
461680,FPV Air Tracks,2016-05-23,1,Flyleap Studios,Flyleap Studios,windows,0,Single-player;Multi-player;Online Multi-Player;Partial Controller Support;Steam Cloud,Free to Play;Indie;Racing;Simulation,Racing;Free to Play;Simulation,0,51,100,0,0,20000-50000,0.0,151,0.3377483443708609,51.0,3.951243718581428,5.0238805208462765,0.0
461750,Ghoul Kid,2016-04-26,1,Specter Game Studios,Specter Game Studios,windows,0,Single-player;Partial Controller Support,Casual;Free to Play;Indie;Strategy,Free to Play;Strategy;Casual,11,86,36,6,7,50000-100000,0.0,122,0.7049180327868853,86.0,4.465908118654584,4.812184355372417,1.9459101490553128
461820,Legionwood 1: Tale of the Two Swords,2016-05-10,1,Dark Gaia Studios,Dark Gaia Studios,windows,0,Single-player;Full controller support;Steam Cloud,Casual;Free to Play;RPG,Free to Play;RPG;Casual,0,110,16,0,0,50000-100000,0.0,126,0.873015873015873,110.0,4.709530201312334,4.844187086458591,0.0
461910,Forge of Gods (RPG),2016-05-06,1,Panoramik Inc,Panoramik Inc,windows;linux,0,Multi-player;MMO;Steam Achievements;Steam Trading Cards;In-App Purchases,Free to Play;Massively Multiplayer;RPG;Strategy,Free to Play;Strategy;RPG,58,2082,600,89,138,500000-1000000,0.0,2682,0.7762863534675615,2082.0,7.641564441260972,7.894690850425624,4.499809670330265
461970,Skyreach,2016-04-29,1,Rainbow Goats Studio,Rainbow Goats Studio,windows,0,Single-player;Steam Achievements;Full controller support,Casual;Free to Play;Indie;Racing,Free to Play;Racing;Indie,6,61,87,0,0,50000-100000,0.0,148,0.4121621621621621,61.0,4.127134385045092,5.003946305945459,0.0
462530,8i - Make VR Human,2016-04-25,1,8i,8i,windows,0,Single-player;Partial Controller Support,Adventure,Adventure;VR,0,40,20,0,0,20000-50000,0.0,60,0.6666666666666666,40.0,3.713572066704308,4.110873864173311,0.0
462910,Poly Runner VR,2016-04-18,1,"Lucid Sight, Inc.","Lucid Sight, Inc.",windows,0,Single-player;Full controller support,Casual;Indie,Indie;Casual;VR,0,50,13,0,0,20000-50000,0.0,63,0.7936507936507936,50.0,3.9318256327243257,4.158883083359672,0.0
462930,AdVenture Communist,2016-08-23,1,Hyper Hippo Games,Hyper Hippo Games,windows;mac,0,Single-player;In-App Purchases,Casual;Free to Play;Indie;Simulation;Strategy;Early Access,Early Access;Free to Play;Clicker,0,2493,1149,261,93,500000-1000000,0.0,3642,0.6845140032948929,2493.0,7.821643126239982,8.200562797008564,5.568344503761097
463020,Wander No More,2017-02-18,1,Zetsubou,Unwonted Studios,windows;mac;linux,0,Single-player;Full controller support,Free to Play;Indie;Simulation,Free to Play;Visual Novel;Indie,0,104,12,7,7,20000-50000,0.0,116,0.896551724137931,104.0,4.653960350157523,4.762173934797756,2.079441541679836
463060,Clover Tale,2016-06-15,1,FIVE-BN GAMES,FIVE-BN GAMES,windows;mac,0,Single-player;Steam Achievements;In-App Purchases;Steam Cloud,Adventure;Casual;Free to Play,Free to Play;Casual;Adventure,40,448,141,0,0,50000-100000,0.0,589,0.7606112054329371,448.0,6.107022887742255,6.380122536899765,0.0
463180,Super Blue Fighter,2016-05-05,1,Herrero Games,Herrero Games,windows;mac;linux,0,Single-player;Multi-player;Local Multi-Player;Shared/Split Screen;Steam Achievements;Steam Trading Cards;Partial Controller Support;Steam Leaderboards,Action;Casual;Indie,Indie;Casual;Action,16,81,26,206,206,100000-200000,0.0,107,0.7570093457943925,81.0,4.406719247264253,4.68213122712422,5.332718793265369
463250,One Tower,2016-11-10,1,SkyReacher Entertainment,SkyReacher Entertainment,windows,0,Multi-player;Online Multi-Player;In-App Purchases,Free to Play;Strategy;Early Access,Early Access;Free to Play;Strategy,0,35,45,9,9,20000-50000,0.0,80,0.4375,35.0,3.58351893845611,4.394449154672439,2.302585092994046
463390,One Thousand Lies,2016-04-24,1,Keinart Lobre,Keinart Lobre,windows;mac;linux,0,Single-player;Steam Achievements;Full controller support,Casual;Free to Play;Simulation,Free to Play;Visual Novel;Anime,1,752,74,0,0,100000-200000,0.0,826,0.910411622276029,752.0,6.6240652277998935,6.717804695023691,0.0
463670,Runeyana,2017-03-21,1,Blackturn Ltd,Blackturn Ltd,windows,0,Single-player;Steam Achievements;Steam Trading Cards;Partial Controller Support;Steam Cloud,Action;Adventure;Casual;RPG,Action;Adventure;RPG,30,23,18,399,399,20000-50000,0.0,41,0.5609756097560976,23.000000000000004,3.1780538303479458,3.737669618283368,5.991464547107982
464050,Heroes Must Die,2016-07-15,1,Heroic Games,Heroic Games,windows;mac,0,Single-player;Steam Achievements,RPG,RPG;Comedy;Story Rich,9,35,11,0,0,20000-50000,0.0,46,0.7608695652173914,35.0,3.58351893845611,3.8501476017100575,0.0
464540,Colosse,2016-04-21,1,Colosse Team,Fire Panda Ltd.,windows,0,Single-player;Full controller support,Adventure,Adventure;VR,0,106,24,0,0,50000-100000,0.0,130,0.8153846153846154,106.0,4.672828834461906,4.875197323201151,0.0
464700,Maui,2016-04-26,1,Kokua Games,Kokua Games,windows,0,Single-player;Steam Achievements;Partial Controller Support,Action;Adventure;Casual;Free to Play;Indie,Free to Play;Adventure;Survival,9,152,177,16,31,100000-200000,0.0,329,0.4620060790273556,152.0,5.030437921392435,5.799092654460526,2.833213344056216
464780,ChuSingura46+1 S,2016-06-21,1,インレ;Inre,NextNinja,windows;mac,0,Single-player,Adventure;Free to Play,Nudity;Free to Play;Anime,0,767,103,240,453,200000-500000,0.0,870,0.8816091954022989,767.0,6.643789733147672,6.769641976852503,5.484796933490655
464800,Twisted Worlds,2016-06-17,1,Absolutist Ltd.,Absolutist Ltd.,windows,0,Single-player;Steam Trading Cards;In-App Purchases,Adventure;Casual;Free to Play,Free to Play;Casual;Adventure,11,50,47,0,0,50000-100000,0.0,97,0.5154639175257731,49.99999999999999,3.9318256327243257,4.584967478670572,0.0
464940,Sketchfab VR,2016-05-16,1,Sketchfab,Sketchfab,windows,0,Single-player,Adventure,Adventure;VR,0,36,14,0,0,20000-50000,0.0,50,0.72,36.0,3.610917912644224,3.9318256327243257,0.0
465090,Don Bradman Cricket 17 Demo,2016-05-26,1,Big Ant Studios,Big Ant Studios,windows,0,Single-player;Full controller support,Simulation;Sports,Simulation;Sports,0,3,2,0,0,0-20000,0.0,5,0.6,3.0,1.3862943611198906,1.791759469228055,0.0
465440,Aplowcalypse,2016-12-14,1,Biodrone Studios,Biodrone Studios,windows;mac,0,Single-player;Multi-player;Local Multi-Player;Local Co-op;Shared/Split Screen;Steam Achievements;Partial Controller Support,Action;Free to Play;Indie,Free to Play;Action;Indie,28,26,7,0,0,0-20000,0.0,33,0.7878787878787878,26.0,3.295836866004329,3.5263605246161616,0.0
465520,PRICE,2016-09-15,1,YETU GAME,YETU GAME,windows,0,Single-player;Steam Achievements;Steam Trading Cards,Adventure;Casual;Indie,Puzzle;Free to Play;Anime,8,4198,233,63481,63490,200000-500000,0.0,4431,0.9474159331979236,4198.0,8.342601680684194,8.39660622842712,11.05851168013018
465710,Heroes Tactics,2017-06-21,1,Camex Games,Camex Games,windows;mac,0,Single-player;Multi-player;Online Multi-Player;Online Co-op;In-App Purchases,Action;Adventure;Free to Play;Indie;RPG;Strategy,Strategy;Free to Play;RPG,0,120,83,27,27,50000-100000,0.0,203,0.5911330049261084,120.0,4.795790545596741,5.318119993844216,3.332204510175204
466170,Idling to Rule the Gods,2016-05-27,1,Shugasu GmbH,Shugasu GmbH,windows;mac;linux,0,Single-player;Steam Achievements;In-App Purchases;Steam Leaderboards,Casual;Indie,Indie;Casual;Free to Play,28,454,71,7194,7194,50000-100000,0.0,525,0.8647619047619047,454.0,6.12029741895095,6.26530121273771,8.881141619321468
466240,Deceit,2017-03-03,1,Automaton,Automaton,windows,0,Multi-player;Online Multi-Player;Steam Achievements;Steam Trading Cards;In-App Purchases,Action;Free to Play;Indie,Multiplayer;Free to Play;Horror,14,18666,6032,469,63,2000000-5000000,0.0,24698,0.7557696979512512,18666.0,9.834512538032596,10.114518035966537,6.152732694704104
466660,Stash,2017-09-07,1,Frogdice,Frogdice,windows;mac;linux,0,Multi-player;Online Multi-Player;MMO;Co-op;Online Co-op;Cross-Platform Multiplayer;Steam Trading Cards,Adventure;Free to Play;Indie;Massively Multiplayer;RPG,Massively Multiplayer;RPG;Adventure,0,433,186,29,38,50000-100000,0.0,619,0.6995153473344103,433.0,6.073044534100405,6.429719478039138,3.4011973816621555
466720,Vintage VR,2016-05-02,1,Dunderware,MuseumSyndicate.com,windows,0,Single-player,Casual;Free to Play,Free to Play;Casual;VR,7,59,5,0,0,50000-100000,0.0,64,0.921875,59.0,4.0943445622221,4.174387269895637,0.0
466900,Hide & Spook: The Haunted Alchemist,2016-10-28,1,Murray Lorden,MUZBOZ Games,windows,0,Local Multi-Player,Action,Action;VR,0,30,1,1,1,20000-50000,0.0,31,0.967741935483871,30.0,3.4339872044851463,3.4657359027997265,0.6931471805599453
466910,Worm.is: The Game,2016-05-04,1,Freakinware Studios,Freakinware Studios,windows;mac,0,Multi-player;Cross-Platform Multiplayer;In-App Purchases,Casual;Free to Play,Free to Play;Casual;Multiplayer,0,3550,879,68,60,1000000-2000000,0.0,4429,0.8015353352901332,3550.0,8.174984532943087,8.39615486303918,4.23410650459726
466940,The Sandbox Evolution - Craft a 2D Pixel Universe!,2016-11-15,1,PIXOWL INC.,PIXOWL INC.,windows,0,Single-player;Full controller support;Steam Workshop;In-App Purchases;Steam Cloud;Includes level editor,Action;Free to Play;Indie;Simulation,Sandbox;Pixel Graphics;Free to Play,0,341,228,17,17,100000-200000,0.0,569,0.5992970123022847,341.0,5.834810737062605,6.345636360828596,2.8903717578961645
467360,Off-Peak,2016-10-21,1,Cosmo D,Cosmo D Studios,windows;mac;linux,0,Single-player;Steam Achievements;Partial Controller Support,Adventure;Free to Play;Indie,Free to Play;Indie;Adventure,6,811,138,0,0,100000-200000,0.0,949,0.8545837723919916,811.0,6.699500340161678,6.856461984594587,0.0
467380,Khimera: Destroy All Monster Girls,2016-05-08,1,Suits & Sandals,Suits & Sandals,windows,0,Single-player;Steam Achievements;Full controller support;Steam Trading Cards;Captions available;Steam Leaderboards,Action;Adventure;Free to Play;Indie,Free to Play;Platformer;Pixel Graphics,28,945,46,0,0,100000-200000,0.0,991,0.9535822401614532,945.0,6.852242569051878,6.899723107284872,0.0
468530,A Date in the Park,2016-07-19,1,Cloak and Dagger Games,Cloak and Dagger Games,windows,0,Single-player;Steam Achievements,Adventure,Adventure;Free to Play;Point & Click,9,906,143,51,51,100000-200000,0.0,1049,0.8636796949475691,906.0,6.810142450115136,6.956545443151569,3.951243718581428
468560,Blind Trust,2016-05-27,1,Viswanath Atlu;Laurie Banks;Rohan Bhukan;Nick Burnham;Avinash Kalapala;Yash Kapani;Katharine Marsh;Ankur Rathore;Hardit Singh;Anoop Nihar Srinivas;Ryan Guanyuhao Jiang;Robert Zhu,Good Vibration Games,windows,0,Multi-player;Co-op;Steam Achievements,Adventure;Free to Play;Indie,Free to Play;Adventure;Multiplayer,12,709,660,23,42,200000-500000,0.0,1369,0.5178962746530315,709.0000000000001,6.565264970035361,7.222566018822171,3.1780538303479458
468700,NVIDIA® VR Funhouse,2016-07-14,1,Lightspeed Studios™,Lightspeed Studios™,windows,0,Single-player,Casual;Free to Play,Free to Play;Casual;VR,45,441,107,183,364,200000-500000,0.0,548,0.8047445255474452,441.0,6.091309882077698,6.3080984415095305,5.214935757608986
469650,Disney Movies VR,2016-05-16,1,Walt Disney Studios,Disney Interactive,windows,0,Single-player;Partial Controller Support,Utilities,Utilities;VR,0,97,81,0,0,50000-100000,0.0,178,0.5449438202247191,97.0,4.584967478670572,5.187385805840755,0.0
469830,Fable Fortune,2018-02-21,1,Mediatonic;Flaming Fowl Studios,Mediatonic,windows,0,Single-player;Online Multi-Player;Online Co-op;Steam Achievements;Full controller support;Steam Trading Cards;In-App Purchases,Free to Play;Strategy,Free to Play;Card Game;Strategy,0,365,153,82,106,100000-200000,0.0,518,0.7046332046332047,365.0,5.902633333401366,6.251903883165888,4.418840607796598
469930,Pandum online,2016-09-16,1,Electronic Experience,Electronic Experience,windows;linux,0,Online Multi-Player;MMO;Cross-Platform Multiplayer;In-App Purchases,Free to Play;Indie;Massively Multiplayer;RPG,Free to Play;Massively Multiplayer;RPG,0,26,29,0,0,20000-50000,0.0,55,0.4727272727272727,26.0,3.295836866004329,4.02535169073515,0.0
469990,NEKOPALIVE,2016-05-31,1,NEKO WORKs,Sekai Project,windows,16,Single-player;Partial Controller Support,Casual;Free to Play,Anime;Free to Play;VR,0,1118,89,0,0,200000-500000,0.0,1207,0.9262634631317316,1118.0,7.020190708311925,7.0967213784947605,0.0
470040,Spellgear,2017-04-07,1,SkyRiver Studios,SkyRiver Studios,windows,0,Multi-player;Online Multi-Player;Steam Achievements;In-App Purchases,Action;Indie;RPG,Action;RPG;Indie,65,49,26,0,0,0-20000,0.0,75,0.6533333333333333,49.0,3.912023005428146,4.330733340286331,0.0
470130,Eclipse --- Defending the motherland,2016-05-26,1,Hangzhou NezhaGames,Hangzhou NezhaGames,windows,0,Single-player,Adventure;Free to Play,Free to Play;Adventure;FPS,0,22,21,1,1,50000-100000,0.0,43,0.5116279069767442,22.0,3.1354942159291497,3.784189633918261,0.6931471805599453
470760,Antiflux,2016-05-19,1,UAA Software,UAA Software,windows,0,Single-player;Full controller support,Action;Indie,Action;Indie;Puzzle,0,31,4,0,0,0-20000,0.0,35,0.8857142857142857,31.0,3.4657359027997265,3.58351893845611,0.0
471630,Rexodus: A VR Story Experience,2016-06-08,1,Steelehouse VR Studios,Steelehouse VR Studios,windows,0,Single-player;Partial Controller Support,Casual;Free to Play;Indie,VR;Free to Play;Indie,0,72,28,0,0,50000-100000,0.0,100,0.72,72.0,4.290459441148391,4.61512051684126,0.0
471710,Rec Room,2016-06-28,1,Against Gravity®,Against Gravity®,windows,0,Multi-player;Online Multi-Player;MMO;Co-op;Online Co-op;Cross-Platform Multiplayer;Full controller support;SteamVR Collectibles;Includes level editor,Action;Adventure;Casual;Free to Play;Massively Multiplayer;Sports;Early Access,Early Access;VR;Free to Play,0,3431,225,54,78,200000-500000,0.0,3656,0.938457330415755,3431.0,8.140898460607852,8.204398418149381,4.007333185232471
471770,"In Case of Emergency, Release Raptor",2016-08-29,1,"Arcen Games, LLC","Arcen Games, LLC",windows;mac;linux,0,Single-player;Partial Controller Support;Steam Cloud,Action;Adventure;Indie,Action;Indie;Adventure,0,41,18,0,0,20000-50000,0.0,59,0.6949152542372882,41.0,3.737669618283368,4.0943445622221,0.0
472060,Ortus Regni,2016-06-21,1,Jon Sudbury Games,Jon Sudbury Games,windows;mac;linux,0,Single-player;Multi-player;Cross-Platform Multiplayer;Steam Achievements,Free to Play;Indie;Strategy,Free to Play;Strategy;Indie,31,115,24,0,0,50000-100000,0.0,139,0.8273381294964028,115.0,4.7535901911063645,4.941642422609304,0.0
472680,Elisa: The Innkeeper - Prequel,2016-06-14,1,Neoclassic Games,Neoclassic Games,windows,0,Single-player;Steam Achievements,Adventure;Casual;Free to Play;Indie,Free to Play;Visual Novel;Anime,11,521,146,23,23,100000-200000,0.0,667,0.7811094452773614,521.0,6.257667587882639,6.504288173536645,3.1780538303479458
473910,The Nest,2016-06-14,1,invrse studios,invrse studios,windows,0,Multi-player;Online Multi-Player;Steam Achievements,Action;Indie;Simulation;Sports;Early Access,Early Access;Action;Indie,4,115,64,0,0,0-20000,0.0,179,0.6424581005586593,115.0,4.7535901911063645,5.19295685089021,0.0
474010,The NADI Project,2016-06-01,1,Monkeys Tales Studio,Monkeys Tales Studio,windows;mac;linux,0,Single-player;Steam Achievements;Steam Cloud,Adventure;Free to Play;Indie,Free to Play;Adventure;First-Person,9,230,128,10,10,50000-100000,0.0,358,0.6424581005586593,230.00000000000003,5.442417710521793,5.883322388488279,2.3978952727983707
474030,The Abbey of Crime Extensum,2016-05-19,1,Manuel Pazos;Daniel Celemín,Manuel Pazos;Daniel Celemín,windows;mac;linux,0,Single-player,Adventure;Free to Play,Free to Play;Adventure;Retro,0,146,22,190625,190625,50000-100000,0.0,168,0.8690476190476191,146.0,4.990432586778736,5.1298987149230735,12.158068672231693
475070,DIVE: Starpath,2018-02-06,1,Gravity Well Studios,Gravity Well Studios,windows,0,Single-player;Steam Achievements;Full controller support,Action;Free to Play;Indie,Free to Play;Indie;Action,12,28,8,0,0,0-20000,0.0,36,0.7777777777777778,28.0,3.367295829986474,3.610917912644224,0.0
475530,Go Go Electric Samurai,2017-08-14,1,Hexagon Games;NAMI TENTOU,Hexagon Games,windows;mac;linux,0,Multi-player;Online Multi-Player,Action;Indie,Action;Indie,10,17,6,0,0,0-20000,0.0,23,0.7391304347826086,17.0,2.8903717578961645,3.1780538303479458,0.0
476460,Picross Touch,2016-08-24,1,Jon Gallant,jgallant,windows;mac;linux,0,Single-player;Steam Achievements;Steam Workshop;Steam Cloud;Steam Leaderboards;Includes level editor,Casual;Free to Play;Indie;Strategy,Casual;Indie;Free to Play,18,576,54,4420,4420,50000-100000,0.0,630,0.9142857142857144,576.0,6.3578422665081,6.447305862541213,8.394121193826242
476540,Google Spotlight Stories: Pearl,2017-10-19,1,Google Inc.,Google Inc.,windows,0,Single-player,Adventure;Free to Play,Free to Play;Adventure;VR,0,205,10,0,0,50000-100000,0.0,215,0.9534883720930232,205.0,5.327876168789581,5.375278407684165,0.0
477130,Surge,2016-05-24,1,House of Secrets,House of Secrets,windows,0,Single-player,Indie,Indie;VR;Music,0,217,11,3,3,50000-100000,0.0,228,0.9517543859649122,217.0,5.384495062789089,5.43372200355424,1.3862943611198906
477200,Descent: Road to Legend,2016-06-01,1,Fantasy Flight Games,Fantasy Flight Games,windows;mac,0,Single-player;Co-op;Shared/Split Screen;In-App Purchases;Steam Cloud,Adventure;RPG,RPG;Adventure;Board Game,0,170,27,0,0,50000-100000,0.0,197,0.8629441624365483,170.0,5.14166355650266,5.288267030694535,0.0
477800,Piñata,2016-09-01,1,Nexus Interactive Arts,Nexus Interactive Arts,windows,0,Single-player,Casual;Free to Play;Indie;Simulation,Free to Play;Indie;Casual,0,16,18,0,0,20000-50000,0.0,34,0.4705882352941176,16.0,2.833213344056216,3.555348061489413,0.0
478980,Mansions of Madness,2016-08-01,1,Fantasy Flight Games,Fantasy Flight Games,windows;mac,0,Single-player;Co-op;Shared/Split Screen,Adventure;Strategy,Adventure;Strategy;Board Game,0,249,38,0,0,100000-200000,0.0,287,0.867595818815331,249.0,5.521460917862246,5.662960480135946,0.0
479310,Doodler,2016-07-15,1,SolarByte,SolarByte,windows,0,Single-player;Steam Achievements;Full controller support;Steam Workshop;Includes level editor,Casual;Indie,Indie;Casual;Puzzle-Platformer,9,30,2,0,0,0-20000,0.0,32,0.9375,30.0,3.4339872044851463,3.49650756146648,0.0
480430,Hide and Shriek,2017-10-19,1,Funcom,Funcom,windows,0,Online Multi-Player;Steam Achievements;Steam Trading Cards;Stats,Action;Free to Play,Multiplayer;Horror;Free to Play,20,1839,472,77,91,500000-1000000,0.0,2311,0.7957594115101687,1839.0,7.517520850603031,7.7458682297922685,4.356708826689592
482390,The Night Cafe: A VR Tribute to Vincent Van Gogh,2016-06-03,1,Borrowed Light Studios,Borrowed Light Studios,windows,0,Single-player;Full controller support,Casual;Indie,Indie;Casual;VR,0,178,8,0,0,50000-100000,0.0,186,0.956989247311828,178.0,5.187385805840755,5.231108616854587,0.0
482920,Hero Zero,2016-07-05,1,Playata GmbH,European Games Group AG,windows,0,Single-player;MMO;Cross-Platform Multiplayer;In-App Purchases,Adventure;Casual;Free to Play;Indie;Massively Multiplayer;RPG;Strategy,Free to Play;RPG;Casual,0,1336,428,3,5,200000-500000,0.0,1764,0.7573696145124716,1336.0,7.198183577101943,7.475905969367397,1.3862943611198906
483680,PolyDome,2016-08-09,1,Plan8,Plan8,windows,0,Single-player,Casual;Free to Play;Simulation;Early Access,Early Access;Free to Play;VR,0,42,6,0,0,20000-50000,0.0,48,0.875,42.0,3.7612001156935615,3.8918202981106265,0.0
485000,Cthulhu Realms,2016-07-01,1,White Wizard Games,White Wizard Games,windows;mac,0,Single-player;Multi-player;Shared/Split Screen;Cross-Platform Multiplayer;In-App Purchases,Strategy,Strategy;Card Game;Lovecraftian,0,110,52,3,3,50000-100000,0.0,162,0.6790123456790124,110.0,4.709530201312334,5.093750200806762,1.3862943611198906
485230,HALP!,2016-08-01,1,Fun Bits,Fun Bits,windows,0,Single-player,Casual;Indie,Indie;Casual;VR,0,66,30,0,0,20000-50000,0.0,96,0.6875,66.0,4.204692619390966,4.574710978503383,0.0
485610,Ball 3D: Soccer Online,2017-03-31,1,Unusualsoft,Unusualsoft,windows;mac,0,Multi-player;Online Multi-Player;Co-op;Online Co-op;Cross-Platform Multiplayer;Steam Achievements;Steam Trading Cards;In-App Purchases,Action;Free to Play;Sports,Free to Play;Sports;Soccer,6,2093,666,29,34,500000-1000000,0.0,2759,0.7586081913736861,2093.0,7.646831391430482,7.9229859587111955,3.4011973816621555
485650,Campaign Clicker,2016-10-05,1,Springloaded,Springloaded,windows,0,Single-player;Steam Achievements;Steam Trading Cards;In-App Purchases;Partial Controller Support;Steam Cloud;Steam Leaderboards,Casual;Free to Play;Indie,Free to Play;Indie;Clicker,11,172,204,33,43,100000-200000,0.0,376,0.4574468085106383,172.0,5.153291594497779,5.932245187448011,3.5263605246161616
485760,Legend of Numbers,2016-06-02,1,YFC games,YFC games,windows;mac;linux,0,Single-player;In-App Purchases;Steam Leaderboards,Casual;Free to Play;Indie;Strategy,Casual;Free to Play;Indie,0,52,16,0,0,20000-50000,0.0,68,0.7647058823529411,52.0,3.970291913552122,4.23410650459726,0.0
485800,Runeous: Part One,2016-05-31,1,Novel Tea Games,Lost Fables,windows;mac,0,Single-player;Steam Achievements,Casual;Indie;Simulation,Indie;Casual;Simulation,9,70,20,0,0,20000-50000,0.0,90,0.7777777777777778,70.0,4.262679877041316,4.51085950651685,0.0
486460,Twilight Town,2017-12-04,1,Absolutist Ltd.,Absolutist Ltd.,windows,0,Single-player;Steam Achievements;Steam Trading Cards;In-App Purchases,Adventure;Casual;Free to Play,Free to Play;Casual;Adventure,31,33,27,0,0,20000-50000,0.0,60,0.55,33.0,3.5263605246161616,4.110873864173311,0.0
486490,Witan,2016-07-12,1,Imigea Ltd,gamevial,windows,0,Single-player;Partial Controller Support,Adventure;RPG,Adventure;RPG,0,11,7,0,0,0-20000,0.0,18,0.6111111111111112,11.0,2.4849066497880004,2.9444389791664403,0.0
488160,Galaxy Combat Wargames,2016-09-29,1,Fork Particle Games,Fork Particle Games,windows,0,Online Multi-Player;In-App Purchases,Action;Free to Play;Indie,Free to Play;Action;Indie,0,9,10,0,0,0-20000,0.0,19,0.4736842105263157,9.0,2.302585092994046,2.995732273553991,0.0
488440,Angeldust,2016-11-18,1,Frank Lucas,Metagaming B.V.,windows;mac;linux,0,Single-player;Multi-player;Online Multi-Player;MMO;Co-op;Online Co-op;Cross-Platform Multiplayer;Full controller support,Action;Free to Play;Indie;Massively Multiplayer;RPG;Early Access,Early Access;Free to Play;RPG,0,766,481,94,89,200000-500000,0.0,1247,0.6142742582197274,766.0,6.642486801367256,7.129297548929373,4.553876891600541
488910,Astral Heroes,2016-10-20,1,Apus Software,Apus Software,windows,0,Single-player;Online Multi-Player;MMO;Steam Achievements;In-App Purchases,Free to Play;Indie;Strategy,Free to Play;Strategy;Indie,20,170,77,0,0,20000-50000,0.0,247,0.6882591093117408,170.0,5.14166355650266,5.513428746164983,0.0
489000,The Infinite Black,2016-10-19,1,Spellbook,www.Spellbook.com,windows;mac;linux,0,Multi-player;Online Multi-Player;MMO;Online Co-op;Cross-Platform Multiplayer;Steam Achievements;Steam Trading Cards;In-App Purchases,Free to Play;Indie;Massively Multiplayer;RPG;Strategy,Free to Play;Strategy;Massively Multiplayer,394,109,57,0,0,50000-100000,0.0,166,0.6566265060240963,109.0,4.700480365792416,5.117993812416755,0.0
489520,Minion Masters,2016-12-02,1,BetaDwarf,BetaDwarf,windows,0,Multi-player;Online Multi-Player;Co-op;Online Co-op;Steam Trading Cards;In-App Purchases;Partial Controller Support;Steam Cloud,Action;Free to Play;Indie;Strategy;Early Access,Early Access;Strategy;Card Game,38,13269,1687,381,192,500000-1000000,0.0,14956,0.8872024605509494,13269.0,9.493261127326251,9.612934696659329,5.945420608606575
489560,Astroflux,2016-09-27,1,Fula Fisken,Fula Fisken,windows;mac,0,Online Multi-Player;MMO;Online Co-op;Cross-Platform Multiplayer;In-App Purchases,Action;Adventure;Free to Play;Massively Multiplayer;RPG,Free to Play;Massively Multiplayer;Adventure,0,128,57,3,3,50000-100000,0.0,185,0.6918918918918919,128.0,4.859812404361672,5.225746673713202,1.3862943611198906
490220,Prismata,2018-03-08,1,Lunarch Studios,Lunarch Studios,windows;mac,0,Single-player;Multi-player;Online Multi-Player;Steam Achievements;Steam Trading Cards;In-App Purchases,Free to Play;Indie;Simulation;Strategy;Early Access,Early Access;Strategy;Indie,114,697,146,384,437,500000-1000000,0.0,843,0.8268090154211151,697.0,6.548219102762372,6.738152494595957,5.953243334287785
490230,SWARMRIDERS,2016-06-15,1,Walter Machado,Walter Machado,windows;linux,0,Single-player;Steam Achievements;Full controller support,Action;Free to Play;Indie,Free to Play;Indie;Action,4,319,31,13,13,50000-100000,0.0,350,0.9114285714285716,319.0,5.768320995793772,5.860786223465865,2.6390573296152584
490840,Gnomes & Goblins (preview),2016-09-08,1,"Wevr, Inc.","Wevr, Inc.;Reality One",windows,0,Single-player,Adventure;Casual;Indie,Adventure;Indie;Casual,0,460,21,0,0,100000-200000,0.0,481,0.9563409563409564,460.0,6.133398042996649,6.1779441140506,0.0
491130,Red Trigger,2016-07-08,1,Maxime Vézina,Maxime Vézina,windows,0,Single-player;Steam Achievements;Steam Trading Cards;Partial Controller Support,Free to Play;Indie,Free to Play;Indie;Puzzle,4,1636,173,20,22,200000-500000,0.0,1809,0.904367053620785,1636.0,7.400620577371135,7.501082124259871,3.044522437723423
491790,Project Syria,2016-11-01,1,Emblematic Group,Emblematic Group,windows,0,Single-player,Free to Play;Indie;Simulation,Free to Play;Simulation;Indie,0,24,48,0,0,20000-50000,0.0,72,0.3333333333333333,24.0,3.218875824868201,4.290459441148391,0.0
492150,RPG World - Action RPG Maker,2017-03-17,1,RaveyLarge,RaveyLarge,windows,0,Single-player;Online Multi-Player;Online Co-op;Steam Achievements;Steam Trading Cards;Steam Workshop;Includes level editor,Action;Adventure;Indie;RPG;Early Access,Early Access;Adventure;RPG,31,283,97,0,0,0-20000,0.0,380,0.7447368421052631,283.0,5.648974238161206,5.942799375126701,0.0
492630,Bear With Me - Episode One,2016-08-08,1,Exordium Games,Exordium Games,windows;mac;linux,0,Single-player;Steam Achievements;Steam Trading Cards;Steam Cloud,Adventure;Indie,Noir;Adventure;Point & Click,75,676,89,70,70,50000-100000,0.0,765,0.8836601307189542,676.0,6.517671272912275,6.641182169740591,4.262679877041316
492800,Shonen Idle Z,2016-07-22,1,Zakos Games,Zakos Games,windows;mac;linux,0,Single-player;Steam Achievements;Steam Trading Cards;In-App Purchases,Free to Play,Free to Play;Clicker;2D,160,239,192,10247,499,100000-200000,0.0,431,0.5545243619489559,239.0,5.480638923341991,6.068425588244111,9.234837843576573
493400,Funfair,2016-08-20,1,TheStonefox,Sysdia Games,windows,0,Single-player,Casual;Early Access,Early Access;Casual;VR,0,24,9,0,0,0-20000,0.0,33,0.7272727272727273,24.0,3.218875824868201,3.5263605246161616,0.0
493480,ERISLE,2017-03-10,1,Expect Studio, Expect Studio ,windows,0,Single-player;Steam Trading Cards;Partial Controller Support,Action;RPG;Early Access,Early Access;Action;RPG,0,9,10,0,0,0-20000,0.0,19,0.4736842105263157,9.0,2.302585092994046,2.995732273553991,0.0
493810,Jonah's Path,2016-07-07,1,Ionut Lucian Achiricioaei,Ionut Lucian Achiricioaei,windows,0,Single-player,Free to Play;Indie,Free to Play;Indie;VR,0,43,19,80,80,50000-100000,0.0,62,0.6935483870967742,43.0,3.784189633918261,4.143134726391533,4.394449154672439
494220,Blight of the Immortals,2016-10-25,1,Iron Helmet Games,Iron Helmet Games,windows;mac,0,Single-player;Online Multi-Player;Online Co-op;Cross-Platform Multiplayer;In-App Purchases,Strategy,Strategy;Co-op;Multiplayer,0,28,19,0,0,20000-50000,0.0,47,0.5957446808510638,28.0,3.367295829986474,3.871201010907891,0.0
495030,VR Battle Grid,2016-11-08,1,Fred Sauer,Fred Sauer,windows,0,Single-player;Multi-player;Online Multi-Player,Action;Casual;Free to Play;Indie;Simulation;Strategy,Free to Play;Action;Indie,0,44,5,0,0,20000-50000,0.0,49,0.8979591836734694,44.0,3.80666248977032,3.912023005428146,0.0
495520,Ping Pong League,2017-02-27,1,Cover Corp.,Cover Corp.,windows,0,Single-player;Multi-player,Sports,Sports;VR,0,32,21,0,0,20000-50000,0.0,53,0.6037735849056604,32.0,3.49650756146648,3.9889840465642745,0.0
495580,Divided We Fall: Play For Free,2017-10-02,1,KAVA Game Studio,KAVA Game Studio,windows;mac;linux,0,Single-player;Multi-player;Online Multi-Player;Steam Achievements;Steam Workshop;Includes level editor,Action;Free to Play;Indie;Strategy,Strategy;Action;Indie,11,89,76,0,0,0-20000,0.0,165,0.5393939393939394,89.0,4.499809670330265,5.111987788356544,0.0
495750,Reckpunk,2017-01-12,1,dlan,dlan,windows;mac;linux,0,Single-player;Steam Achievements,Action;Indie,Action;Indie,8,14,2,0,0,0-20000,0.0,16,0.875,14.0,2.70805020110221,2.833213344056216,0.0
495910,Dungeon Fighter Online,2016-08-09,1,Neople,Neople,windows,0,Online Multi-Player;MMO;Steam Achievements;Steam Trading Cards,Action;Adventure;Free to Play;Massively Multiplayer;RPG,Free to Play;Anime;RPG,59,1706,604,1667,257,500000-1000000,0.0,2310,0.7385281385281385,1705.9999999999998,7.442492722794441,7.745435610274381,7.419380582918692
496180,GE Neuro,2016-09-05,1,Kite & Lightning,Kite & Lightning,windows,0,Single-player,Casual;Simulation,Casual;Simulation;VR,0,25,8,0,0,20000-50000,0.0,33,0.7575757575757576,25.0,3.258096538021482,3.5263605246161616,0.0
496190,Senza Peso,2016-10-11,1,Kite & Lightning,Kite & Lightning,windows,0,Single-player;Full controller support,Adventure;Casual,Casual;Adventure;VR,0,225,14,0,0,50000-100000,0.0,239,0.9414225941422594,225.0,5.420534999272286,5.480638923341991,0.0
497090,Amihailu in Dreamland,2016-08-23,1,Delmunsoft,Delmunsoft,windows,0,Single-player;Full controller support,Indie,Indie;RPGMaker;Female Protagonist,0,19,5,0,0,0-20000,0.0,24,0.7916666666666666,19.0,2.995732273553991,3.218875824868201,0.0
497570,Building the Great Wall of China 2,2017-04-25,1,Nordcurrent,Nordcurrent,windows,0,Single-player;In-App Purchases,Casual;Strategy,Strategy;Casual,0,11,4,0,0,0-20000,0.0,15,0.7333333333333333,11.0,2.4849066497880004,2.772588722239781,0.0
497640,Trick & Treat,2016-09-26,1,Rabbiton,Rabbiton,windows,0,Single-player;Steam Achievements;Steam Cloud,Adventure;Casual;Free to Play;Indie,Free to Play;RPGMaker;Adventure,8,1559,61,62,62,200000-500000,0.0,1620,0.9623456790123456,1559.0,7.352441100243583,7.390798521735676,4.143134726391533
497820,Quanero VR,2016-08-12,1,Laserboys3000,Laserboys3000,windows,0,Single-player;Full controller support,Free to Play,Free to Play;VR;Cyberpunk,0,278,24,80,80,100000-200000,0.0,302,0.9205298013245032,278.0,5.631211781821365,5.713732805509369,4.394449154672439
497860,Zezenia Online,2016-07-07,1,rojekti;Saucer Software,rojekti,windows,0,Multi-player;Online Multi-Player;MMO,Action;Adventure;Free to Play;Indie;Massively Multiplayer;RPG,Free to Play;RPG;Massively Multiplayer,0,145,62,9,9,50000-100000,0.0,207,0.7004830917874396,145.0,4.983606621708336,5.337538079701318,2.302585092994046
497940,Destiny of Ancient Kingdoms™,2016-08-29,1,Utopia Dream Entertainment Alliance (Pty) Ltd - South Africa,Utopia Dream Entertainment Alliance (Pty) Ltd - South Africa,windows,0,Multi-player;Online Multi-Player;MMO;Steam Trading Cards;In-App Purchases,Action;Adventure;Free to Play;Massively Multiplayer;RPG;Strategy,Free to Play;Massively Multiplayer;RPG,0,80,75,0,0,100000-200000,0.0,155,0.5161290322580645,80.0,4.394449154672439,5.049856007249537,0.0
498510,DreamLand,2016-07-07,0,SandVUE,SANPACE,windows,0,Single-player,RPG,RPG;VR,0,36,26,0,0,20000-50000,0.0,62,0.5806451612903226,36.0,3.610917912644224,4.143134726391533,0.0
498600,MSI Electric City,2016-08-09,1,Metanaut,MSI,windows,0,Single-player,Adventure;Casual;Free to Play;Indie;Simulation,Free to Play;Simulation;Adventure,0,82,29,5,5,50000-100000,0.0,111,0.7387387387387387,82.0,4.418840607796598,4.718498871295094,1.791759469228055
498710,After Dreams,2018-05-06,1,Matt Boyer,,windows,0,Single-player,Violent;Adventure;Casual;Free to Play;Indie;Simulation,Free to Play;Adventure;Indie,0,126,47,1,1,20000-50000,0.0,173,0.7283236994219653,126.0,4.844187086458591,5.159055299214529,0.6931471805599453
498850,"Ortus Arena, strategy board game online, FOR FREE",2016-09-28,1,Firebrush Studios,Plug In Digital,windows,0,Single-player;Multi-player;Online Multi-Player;Cross-Platform Multiplayer;Steam Achievements,Casual;Indie;Strategy,Strategy;Indie;Casual,12,22,10,0,0,0-20000,0.0,32,0.6875,22.0,3.1354942159291497,3.49650756146648,0.0
499540,Wake Up,2016-08-09,1,Black Cell OG,Black Cell OG,windows,0,Single-player;Steam Achievements,Adventure;Indie,Adventure;Indie;Free to Play,6,67,12,0,0,20000-50000,0.0,79,0.8481012658227848,67.0,4.219507705176107,4.382026634673881,0.0
500150,Time Gap,2018-01-15,1,Absolutist Ltd.,Absolutist Ltd.,windows,0,Single-player;Steam Achievements;Steam Trading Cards;In-App Purchases,Adventure;Casual;Free to Play,Adventure;Free to Play;Casual,41,56,26,10,10,50000-100000,0.0,82,0.6829268292682927,56.00000000000001,4.04305126783455,4.418840607796598,2.3978952727983707
500360,VRMultigames,2016-07-25,1,Mad Triangles,Mad Triangles,windows,0,Single-player,Action;Casual;Free to Play;Indie;Sports,Action;Indie;Sports,0,55,18,0,0,20000-50000,0.0,73,0.7534246575342466,55.0,4.02535169073515,4.30406509320417,0.0
500380,"UNCORPOREAL - ""Fluffy!""",2016-07-20,1,Uncorporeal Systems,Uncorporeal Systems,windows,0,Single-player,Free to Play;Indie,Free to Play;Indie;Horror,0,17,11,0,0,20000-50000,0.0,28,0.6071428571428571,17.0,2.8903717578961645,3.367295829986474,0.0
500660,Limberjack,2016-09-01,1,DigitasLBi,Husqvarna,windows,0,Single-player;Steam Achievements;Steam Leaderboards,Simulation;Sports,Sports;Simulation;VR,11,16,11,0,0,0-20000,0.0,27,0.5925925925925926,16.0,2.833213344056216,3.332204510175204,0.0
500710,Wild Terra Online,2017-12-18,1,Juvty Worlds Ltd.,Juvty Worlds Ltd.,windows;mac;linux,0,Multi-player;MMO;Co-op;Cross-Platform Multiplayer;Steam Achievements;Steam Trading Cards;In-App Purchases,Action;Adventure;Indie;Massively Multiplayer;RPG,RPG;Massively Multiplayer;Sandbox,50,734,472,53,53,20000-50000,0.0,1206,0.6086235489220564,734.0,6.5998704992128365,7.095893221097532,3.9889840465642745
501050,Emerland Solitaire: Endless Journey,2016-07-17,1,Rainbow Games,Rainbow Games,windows,0,Single-player;Steam Trading Cards;In-App Purchases,Casual;Free to Play,Free to Play;Casual;Card Game,0,39,17,0,0,20000-50000,0.0,56,0.6964285714285714,39.0,3.688879454113936,4.04305126783455,0.0
501180,Acan's Call: Act 1,2016-08-11,1,Cyberith GmbH,Cyberith GmbH,windows,0,Single-player,Action;Adventure;RPG,Adventure;RPG;Action,0,266,54,0,0,50000-100000,0.0,320,0.83125,266.0,5.58724865840025,5.771441123130016,0.0
501280,VirZOOM Gamepad Emulator,2016-07-29,1,VirZOOM,VirZOOM,windows,0,Steam Workshop;Partial Controller Support,Utilities,Utilities,0,1,0,0,0,0-20000,0.0,1,1.0,1.0,0.6931471805599453,0.6931471805599453,0.0
501380,"UNCORPOREAL - ""Alcatraz Island Lofts""",2016-07-20,1,Uncorporeal Systems,Uncorporeal Systems,windows,0,Single-player,Free to Play;Indie,Free to Play;Indie;VR,0,11,8,14,14,20000-50000,0.0,19,0.5789473684210527,11.0,2.4849066497880004,2.995732273553991,2.70805020110221
501470,Hold the door!,2016-09-02,1,Saucisson,Saucisson,windows,0,Single-player,Action;Free to Play;Early Access,Early Access;Free to Play;Action,0,20,14,0,0,0-20000,0.0,34,0.5882352941176471,20.0,3.044522437723423,3.555348061489413,0.0
502130,Ctrl CV,2018-05-18,1,ZPink,PsychoFlux Entertainment,windows,0,Single-player;Steam Cloud,Action;Casual;Free to Play;Indie,Free to Play;Action;Indie,0,165,43,4,4,50000-100000,0.0,208,0.7932692307692307,165.0,5.111987788356544,5.342334251964811,1.6094379124341005
502550,Strike.is: The Game,2016-07-14,1,Freakinware Limited,Freakinware Limited,windows;mac,0,Single-player;Multi-player;Online Multi-Player;Cross-Platform Multiplayer;In-App Purchases,Action;Free to Play;Massively Multiplayer,Free to Play;Massively Multiplayer;Action,0,1024,370,14,14,200000-500000,0.0,1394,0.7345767575322812,1024.0,6.932447891572509,7.240649694255466,2.70805020110221
503160,Angels & Demigods - SciFi VR Visual Novel,2016-09-28,1,7 Keys Studios,7 Keys Studios,windows;mac,0,Single-player,Adventure;Free to Play;Indie;RPG,Free to Play;RPG;Adventure,0,47,33,0,0,20000-50000,0.0,80,0.5875,47.0,3.871201010907891,4.394449154672439,0.0
503630,INVASION!,2016-10-12,1,Baobab Studios Inc.,Baobab Studios Inc.,windows,0,Single-player,Adventure;Casual,Adventure;Casual;VR,0,128,13,0,0,50000-100000,0.0,141,0.9078014184397164,128.0,4.859812404361672,4.955827057601261,0.0
504300,Gangs of Space,2017-08-10,1,Little Big MMO,Little Big MMO,windows;mac;linux,0,Multi-player;Online Multi-Player;MMO;Co-op;Online Co-op;Cross-Platform Multiplayer;Partial Controller Support,Action;Free to Play;Indie;Massively Multiplayer;RPG;Early Access,Early Access;Free to Play;Massively Multiplayer,0,295,97,6,6,50000-100000,0.0,392,0.7525510204081632,295.0,5.69035945432406,5.973809611869261,1.9459101490553128
504370,Battlerite,2017-11-08,1,Stunlock Studios,Stunlock Studios,windows,0,Single-player;Multi-player;Online Multi-Player;In-App Purchases;Steam Cloud,Action;Free to Play,PvP;Multiplayer;Competitive,0,41080,8013,1614,186,2000000-5000000,0.0,49093,0.8367791742203573,41080.0,10.623301006492076,10.801492106722966,7.387090235656757
504620,"Grid Legion, Storm",2019-03-11,1,Wind Jester Games,Wind Jester Games,windows,0,Single-player;Online Multi-Player;Partial Controller Support,Free to Play;Indie;Strategy,Free to Play;Indie;Strategy,42,15,4,0,0,0-20000,0.0,19,0.7894736842105263,15.0,2.772588722239781,2.995732273553991,0.0
504630,Broomball VR,2016-07-26,1,Rushil Reddy;Priyam Parikh;Ken Watanabe,Broomball Inc.,windows,0,Single-player,Adventure,Adventure;VR,0,28,14,0,0,20000-50000,0.0,42,0.6666666666666666,28.0,3.367295829986474,3.7612001156935615,0.0
505750,Trimmer Tycoon,2016-11-04,1,Improx Games,Improx Games,windows;mac,0,Single-player;Steam Achievements;Steam Leaderboards,Casual;Free to Play;Indie;Simulation;Strategy,Free to Play;Simulation;Strategy,22,436,237,5,9,100000-200000,0.0,673,0.6478454680534919,436.0,6.07993319509559,6.513230110912307,1.791759469228055
506140,Shop Heroes,2016-08-15,1,"Cloudcade, Inc.","Cloudcade, Inc.",windows,0,Single-player;Multi-player;Online Multi-Player;MMO;Co-op;Online Co-op;Cross-Platform Multiplayer;In-App Purchases,Casual;Free to Play;Massively Multiplayer;RPG;Simulation;Strategy,Free to Play;Simulation;Casual,0,1978,868,1543,2207,500000-1000000,0.0,2846,0.6950105411103303,1978.0,7.590346945602565,7.954021087278037,7.342131730584722
506280,My Lil' Donut,2016-08-31,1,Isaac Cohen,Tool of North America,windows,0,Single-player,Simulation,Simulation;VR,0,31,5,0,0,0-20000,0.0,36,0.8611111111111112,31.0,3.4657359027997265,3.610917912644224,0.0
507210,The Wire,2016-07-30,1,乐客游戏,乐客游戏,windows,0,Single-player,Casual,Casual;Simulation;VR,0,21,5,0,0,0-20000,0.0,26,0.8076923076923077,21.0,3.091042453358316,3.295836866004329,0.0
508250,Aussie Sports VR 2016,2019-03-05,1,Reload Labs,Reload Labs,windows,0,Single-player,Sports,Sports,0,1,0,0,0,0-20000,0.0,1,1.0,1.0,0.6931471805599453,0.6931471805599453,0.0
508390,Scrap Garden - The Day Before,2016-10-07,1,Egidijus Bachur;Alexey Davydov,Flazm,windows;mac;linux,0,Single-player;Steam Achievements;Full controller support;Steam Cloud;Stats,Action;Adventure;Indie,Adventure;Action;Free to Play,21,600,193,45,45,100000-200000,0.0,793,0.7566204287515763,600.0,6.398594934535208,6.677083461247136,3.828641396489095
509190,Rollout,2016-09-14,1,Ryan up in here,Ryan up in here,windows;mac,0,Multi-player;Online Multi-Player;Steam Achievements;Stats,Action;Casual;Free to Play;Indie;Early Access,Early Access;Free to Play;Action,3,36,31,0,0,20000-50000,0.0,67,0.5373134328358209,36.0,3.610917912644224,4.219507705176107,0.0
509420,Riding Club Championships,2016-09-27,1,Artplant,Artplant,windows;mac,0,Multi-player;Cross-Platform Multiplayer;Steam Achievements;In-App Purchases;Stats;Includes level editor,Action;Free to Play;Racing;Sports,Free to Play;Sports;Horses,67,264,121,0,0,100000-200000,0.0,385,0.6857142857142857,264.0,5.579729825986222,5.955837369464831,0.0
509530,Gods and Nemesis: of Ghosts from Dragons,2017-04-01,1,Chad Meffert,Chad Meffert,windows,0,Single-player;Captions available;Stats,Action;Adventure;Free to Play;Indie;RPG;Early Access,Early Access;Free to Play;Adventure,0,19,11,0,0,0-20000,0.0,30,0.6333333333333333,19.0,2.995732273553991,3.4339872044851463,0.0
509560,Heroes of Dire,2017-03-15,1,Spellbook,www.Spellbook.com,windows;mac;linux,0,Single-player;Multi-player;Online Multi-Player;MMO;Co-op;Online Co-op;Cross-Platform Multiplayer;Steam Trading Cards;In-App Purchases;Stats,Adventure;Free to Play;Indie;Massively Multiplayer;RPG;Strategy,Free to Play;RPG;Strategy,0,128,58,1,1,50000-100000,0.0,186,0.6881720430107527,128.0,4.859812404361672,5.231108616854587,0.6931471805599453
509800,The Last Weekend,2017-03-03,1,KEXBOY,KEXBOY,windows;mac;linux,0,Single-player,Nudity;Adventure;Casual;Free to Play;Indie,Nudity;Free to Play;Sexual Content,8,168,126,0,0,50000-100000,0.0,294,0.5714285714285714,168.0,5.1298987149230735,5.68697535633982,0.0
509860,Baezult,2016-08-03,1,Atapki,Atapki,windows,0,Single-player;Steam Trading Cards;Partial Controller Support,Adventure;Indie,Indie;Adventure;Puzzle,0,38,14,0,0,20000-50000,0.0,52,0.7307692307692307,38.0,3.6635616461296463,3.970291913552122,0.0
509880,"The End o,,,o",2017-05-11,1,xrrawva,xrrawva,windows,0,Single-player;Steam Achievements,Action;Adventure;Indie,Action;Adventure;Indie,1,63,39,0,0,0-20000,0.0,102,0.6176470588235294,63.0,4.158883083359672,4.634728988229636,0.0
510000,Xecryst Remains,2019-02-21,1,Krysle Quinsen,Krysle Quinsen,windows,0,Single-player;Co-op;Online Co-op;Steam Cloud,Action;Free to Play;Indie;RPG;Early Access,Early Access;Free to Play;Action,0,53,16,0,0,0-20000,0.0,69,0.7681159420289855,53.0,3.9889840465642745,4.248495242049359,0.0
510050,You Have 10 Seconds,2016-08-02,1,tamationgames,tamationgames,windows,0,Single-player;Partial Controller Support,Free to Play;Indie,Free to Play;Indie;Platformer,0,1026,109,3,3,200000-500000,0.0,1135,0.9039647577092512,1026.0,6.934397209928558,7.035268599281097,1.3862943611198906
510130,Power Link VR,2016-09-09,1,Himi Games,Newsight games,windows,0,Single-player,Casual;Indie;Simulation;Sports,Casual;Indie;Simulation,0,17,2,0,0,0-20000,0.0,19,0.8947368421052632,17.0,2.8903717578961645,2.995732273553991,0.0
510630,Soccer Manager 2017,2016-09-16,1,Soccer Manager Ltd,Soccer Manager Ltd,windows;mac,0,Single-player;In-App Purchases,Free to Play;Indie;Sports;Strategy,Free to Play;Sports;Strategy,0,452,219,11,11,200000-500000,0.0,671,0.6736214605067065,452.00000000000006,6.115892125483034,6.51025834052315,2.4849066497880004
510660,Big Bang Empire,2016-08-23,1,Playata GmbH,European Games Group AG,windows,16,Single-player;MMO;Cross-Platform Multiplayer;In-App Purchases,Adventure;Casual;Free to Play;Indie;Massively Multiplayer;RPG;Strategy,Nudity;Sexual Content;Mature,0,398,260,5193,5193,100000-200000,0.0,658,0.6048632218844985,398.0,5.988961416889864,6.490723534502507,8.555259392222693
510730,Grim Seventh,2017-01-20,1,Grimoire Games,Grimoire Games,windows,0,Single-player;Steam Trading Cards,Action;Indie,Action;Indie;Magic,0,10,8,0,0,0-20000,0.0,18,0.5555555555555556,10.0,2.3978952727983707,2.9444389791664403,0.0
510750,Driftwood The Visual Novel,2016-08-08,1,Wakagana,Wakagana,windows;mac;linux,0,Single-player,Casual;Free to Play;Indie;Simulation,Free to Play;Casual;Visual Novel,0,34,33,0,0,20000-50000,0.0,67,0.5074626865671642,34.0,3.555348061489413,4.219507705176107,0.0
510790,The Sun Will Rise,2016-10-03,1,The Sun Will Rise Team,The Sun Will Rise Team,windows;mac,0,Single-player;Partial Controller Support,Action;Adventure;Free to Play;Indie;RPG,Free to Play;RPG;Adventure,0,31,28,0,0,20000-50000,0.0,59,0.5254237288135594,31.000000000000004,3.4657359027997265,4.0943445622221,0.0
511800,ONRAID,2017-04-18,1,Pragmatix Ltd,Pragmatix Ltd,windows;mac;linux,0,Single-player;Multi-player;Online Multi-Player;MMO;Online Co-op;Cross-Platform Multiplayer;Steam Trading Cards;In-App Purchases;Partial Controller Support,Action;Free to Play;Indie;Massively Multiplayer;Strategy,Free to Play;Action;Multiplayer,0,1316,395,81,96,500000-1000000,0.0,1711,0.7691408533021625,1316.0,7.183111701743281,7.445417556701687,4.406719247264253
512270,Home - A VR Spacewalk,2017-11-30,1,BBC Media Applications Technologies Limited,BBC Media Applications Technologies Limited,windows,0,Single-player,Action;Adventure,Action;Adventure;VR,0,117,35,14,14,50000-100000,0.0,152,0.7697368421052632,117.0,4.770684624465665,5.030437921392435,2.70805020110221
512470,The Pirate: Caribbean Hunt,2016-08-24,1,Home Net Games,Home Net Games,windows;mac;linux,0,Single-player;Online Multi-Player;Online Co-op;Cross-Platform Multiplayer;In-App Purchases;Steam Cloud,Action;Adventure;Free to Play;Indie;Simulation;Strategy,Free to Play;Pirates;Multiplayer,0,2253,581,98,37,500000-1000000,0.0,2834,0.7949894142554693,2253.0,7.720461694599722,7.949797216161852,4.59511985013459
512560,HoCWar,2016-12-29,1,HoCWar,HoCWar,windows,0,Multi-player;Online Multi-Player;Steam Achievements;Steam Trading Cards;Steam Cloud;Steam Leaderboards,Free to Play;Strategy;Early Access,Early Access;Strategy;Card Game,27,61,43,3,3,20000-50000,0.0,104,0.5865384615384616,61.0,4.127134385045092,4.653960350157523,1.3862943611198906
512920,Trigger Time,2017-05-15,1,Shephf Games,Creative Mobile,windows;linux,0,Single-player;Steam Achievements;Full controller support;Steam Trading Cards;Steam Cloud,Action;Indie,Action;Indie;Top-Down Shooter,24,9,2,0,0,0-20000,0.0,11,0.8181818181818182,9.0,2.302585092994046,2.4849066497880004,0.0
513000,KUBOOM,2016-10-07,1,nobodyshot,nobodyshot,windows,0,Multi-player;Online Multi-Player;MMO;Online Co-op;Cross-Platform Multiplayer;Steam Trading Cards;In-App Purchases,Action;Adventure;Free to Play;Indie;Massively Multiplayer,Free to Play;Action;Multiplayer,0,784,1079,36,51,200000-500000,0.0,1863,0.4208266237251744,784.0,6.665683717782408,7.530479995245536,3.610917912644224
513210,Rescue Bear Operation,2016-09-29,1,Cascade Game Foundry,Thought Ops LLC,windows,0,Single-player;Steam Achievements;Full controller support;Steam Cloud;Stats,Action;Adventure;Casual;Free to Play;Indie;Early Access,Early Access;Free to Play;Indie,12,40,12,0,0,0-20000,0.0,52,0.7692307692307693,40.0,3.713572066704308,3.970291913552122,0.0
513440,Path of War,2016-09-12,1,Envision Entertainment,Envision Entertainment,windows,0,Online Multi-Player;MMO;Cross-Platform Multiplayer;Steam Achievements;Steam Trading Cards;In-App Purchases;Steam Leaderboards,Free to Play;Indie;Massively Multiplayer;Strategy,Free to Play;Strategy;Massively Multiplayer,13,81,71,142,148,100000-200000,0.0,152,0.5328947368421053,81.0,4.406719247264253,5.030437921392435,4.962844630259907
513450,Drop Alive,2016-12-06,1,Invi Games,Ipsilon Developments,windows,0,Single-player;Steam Achievements;Full controller support;Stats,Casual;Free to Play;Indie,Free to Play;Cute;Indie,9,1072,136,7,11,200000-500000,0.0,1208,0.8874172185430463,1072.0,6.9782137426306985,7.097548850614793,2.079441541679836
513490,1943 Berlin Blitz,2018-10-03,1,BBC Media Applications Technologies Limited,BBC Media Applications Technologies Limited,windows,0,Single-player;Partial Controller Support,Indie,Indie;VR;Historical,0,120,7,0,0,20000-50000,0.0,127,0.9448818897637796,120.0,4.795790545596741,4.852030263919617,0.0
513560,Hunger Dungeon,2016-12-06,1,Buka Game Studio,Buka Game Studio,windows;mac;linux,0,Single-player;Multi-player;Online Multi-Player;In-App Purchases,Action;Free to Play;Indie,Free to Play;Pixel Graphics;Multiplayer,0,1655,619,22,14,500000-1000000,0.0,2274,0.727792436235708,1655.0,7.412160334945205,7.729735331385051,3.1354942159291497
514390,PooShooter: Toilet Invaders,2016-10-03,1,FergaTroid Studios,FergaTroid Studios,windows,0,Single-player,Action;Free to Play;Indie,Free to Play;Indie;Action,0,43,27,0,0,20000-50000,0.0,70,0.6142857142857143,43.0,3.784189633918261,4.262679877041316,0.0
515020,The VR Museum of Fine Art,2016-08-20,1,Finn Sinclair,Finn Sinclair,windows,0,Single-player;Captions available;Commentary available,Casual;Free to Play;Indie;Simulation,Free to Play;Simulation;Casual,0,203,11,14,14,50000-100000,0.0,214,0.9485981308411215,203.0,5.318119993844216,5.3706380281276624,2.70805020110221
515230,Cleo's Lost Idols,2017-11-16,1,Tomb Team,Chilled Mouse,windows;mac,0,Single-player;Steam Achievements;Steam Cloud,Casual;Free to Play;Indie;Simulation;Strategy,Free to Play;Strategy;Indie,19,20,11,0,0,0-20000,0.0,31,0.6451612903225806,20.0,3.044522437723423,3.4657359027997265,0.0
515700,Snowday,2016-11-30,1,Breachgate,Breachgate,windows,0,Single-player,Action;Early Access,Early Access;Action;VR,0,9,2,0,0,0-20000,0.0,11,0.8181818181818182,9.0,2.302585092994046,2.4849066497880004,0.0
516470,CRAPPY ZOMBIE GAME,2016-10-28,1,CRAPPY ZOMBIE GAME STUDIO,CRAPPY ZOMBIE GAME STUDIO,windows,0,Single-player,Action;Indie,Action;Indie;Zombies,0,13,6,0,0,0-20000,0.0,19,0.6842105263157895,13.0,2.6390573296152584,2.995732273553991,0.0
516510,Orake 2D MMORPG,2017-06-16,1,Oomst Games,Oomst Games,windows,0,Multi-player;Online Multi-Player;MMO;Co-op;Online Co-op,Action;Adventure;Free to Play;Indie;Massively Multiplayer;RPG;Strategy,RPG;Free to Play;MMORPG,0,433,193,2,3,100000-200000,0.0,626,0.6916932907348243,433.00000000000006,6.073044534100405,6.440946540632921,1.0986122886681098
517320,GunGirl 2,2016-09-01,1,BlueEagle Productions,Paul Schneider,windows,0,Single-player;Partial Controller Support;Steam Cloud,Action;Adventure;Indie,Action;Indie;Adventure,0,83,9,0,0,20000-50000,0.0,92,0.9021739130434784,83.0,4.430816798843313,4.532599493153256,0.0
517550,The Enlightened League of Bone Builders and the Osseous Enigma,2016-08-29,1,INVIVO Communications,INVIVO Communications,windows,0,Single-player,Adventure;Casual;Indie;Simulation;Strategy,Adventure;Indie;Casual,0,16,8,0,0,0-20000,0.0,24,0.6666666666666666,16.0,2.833213344056216,3.218875824868201,0.0
517680,A dead world's dream,2016-09-20,1,JoqLePecheur,JoqLePecheur,windows,0,Single-player;Steam Achievements,Adventure,Adventure;Platformer;Exploration,16,23,8,0,0,0-20000,0.0,31,0.7419354838709677,23.0,3.1780538303479458,3.4657359027997265,0.0
517910,Sisyphus Reborn,2016-09-05,1,Myshkin Entertainment,Myshkin Entertainment,windows;linux,0,Single-player;Steam Achievements,Adventure,Adventure;Free to Play;Atmospheric,7,706,45,0,0,20000-50000,0.0,751,0.940079893475366,706.0,6.561030665896573,6.62273632394984,0.0
518580,Accounting (Legacy),2016-10-18,1,Crows Crows Crows;Squanch Games,Crows Crows Crows,windows,0,Single-player,Adventure;Indie,Adventure;Indie;VR,0,2055,116,55,82,200000-500000,0.0,2171,0.946568401658222,2055.0,7.628517626575055,7.683403681053826,4.02535169073515
519140,Minds Eyes,2016-08-31,1,Stanislaw Truchowski,TurnVex,windows,0,Single-player,Action;Adventure;Free to Play;Indie,Horror;Free to Play;Multiplayer,0,702,309,73,142,100000-200000,0.0,1011,0.6943620178041543,702.0,6.555356891810665,6.919683849847411,4.30406509320417
519170,The Journey Home,2016-08-22,1,Michael Chou,Michael Chou VR Lab,windows,0,Single-player,Adventure;Free to Play;RPG,Free to Play;Adventure;RPG,0,13,16,0,0,20000-50000,0.0,29,0.4482758620689655,13.0,2.6390573296152584,3.4011973816621555,0.0
520530,INTERSHELTER,2016-11-20,1,Eforb,Eforb,windows,0,Multi-player;Online Multi-Player;MMO;Online Co-op;Steam Achievements;Steam Trading Cards;Stats,Action;Indie;Massively Multiplayer;Early Access,Early Access;Action;Massively Multiplayer,12,744,345,10575,15852,50000-100000,0.0,1089,0.6831955922865014,744.0,6.61338421837956,6.993932975223189,9.266342562091468
520860,Impulse of War,2017-02-24,1,Dmitry Medvedev,Dmitry Medvedev,windows,0,Multi-player;Online Multi-Player;In-App Purchases,Action;Free to Play;Indie;Massively Multiplayer;Racing;Simulation;Early Access,Early Access;Free to Play;Action,0,295,148,23,24,100000-200000,0.0,443,0.6659142212189616,295.0,5.69035945432406,6.095824562432225,3.1780538303479458
520910,Kokurase - Episode 1,2016-11-10,1,galanti;Vaka Game Magazine,Degica;Vaka Game Magazine,windows,0,Single-player;Steam Achievements;Steam Trading Cards;Partial Controller Support,Adventure;Free to Play;Indie;RPG,Free to Play;RPG;Indie,22,81,6,0,0,20000-50000,0.0,87,0.9310344827586208,81.0,4.406719247264253,4.477336814478207,0.0
520960,FeArea,2018-02-22,1,MUVGAMES,MUVGAMES,windows,0,Multi-player;Online Multi-Player;MMO;Steam Achievements;In-App Purchases,Action;Indie;Massively Multiplayer;Simulation,Action;Massively Multiplayer;Indie,74,63,35,0,0,20000-50000,0.0,98,0.6428571428571429,63.00000000000001,4.158883083359672,4.59511985013459,0.0
521200,Epic Battle Fantasy 3,2016-09-01,1,Matt Roszak,Matt Roszak,windows,0,Single-player;Steam Achievements,Adventure;Free to Play;Indie;RPG,RPG;Free to Play;Adventure,60,824,38,1,1,100000-200000,0.0,862,0.9559164733178654,824.0,6.715383386334681,6.760414691083428,0.6931471805599453
521320,Final Warrior Quest,2018-04-12,1,The Game Brewery,The Game Brewery,windows,0,Single-player;Full controller support,Indie;RPG,Indie;RPG;RPGMaker,0,14,5,0,0,20000-50000,0.0,19,0.7368421052631579,14.0,2.70805020110221,2.995732273553991,0.0
521470,Magical Otoge Ciel,2016-08-26,1,batensan,batensan,windows;mac;linux,0,Single-player,Casual;Free to Play;Indie;Simulation,Free to Play;Visual Novel;Indie,0,163,14,0,0,50000-100000,0.0,177,0.9209039548022598,163.0,5.099866427824199,5.181783550292085,0.0
521570,You Have 10 Seconds 2,2016-08-25,1,Tamationgames,Tamationgames,windows,0,Single-player;Partial Controller Support;Includes level editor,Casual;Free to Play;Indie,Free to Play;Casual;Indie,0,548,62,32,32,100000-200000,0.0,610,0.898360655737705,548.0,6.3080984415095305,6.415096959171596,3.49650756146648
521800,Command Ops 2,2017-02-15,1,Panther Games,Lock 'n Load Publishing,windows,0,Single-player;Multi-player,Free to Play;Indie;Simulation;Strategy,Free to Play;Strategy;Simulation,0,113,27,0,0,20000-50000,0.0,140,0.8071428571428572,113.0,4.736198448394496,4.948759890378168,0.0
522230,The Fishing Club 3D,2017-03-23,1,Robot Riot UG (haftungsbeschränkt),Robot Riot UG (haftungsbeschränkt),windows,0,Single-player;Multi-player;Online Multi-Player;Online Co-op;Cross-Platform Multiplayer;Steam Achievements;Steam Trading Cards;In-App Purchases,Casual;Free to Play;Sports,Free to Play;Sports;Fishing,42,135,66,0,0,100000-200000,0.0,201,0.6716417910447762,135.0,4.912654885736052,5.308267697401205,0.0
522280,How To Make Your Grandpa Happy,2016-10-25,1,Team Cat 'n Mice,Team Cat 'n Mice,windows;mac,0,Single-player,Adventure;Indie,Adventure;Indie,0,42,9,0,0,0-20000,0.0,51,0.8235294117647058,42.0,3.7612001156935615,3.951243718581428,0.0
522660,Snooker-online multiplayer snooker game!,2016-09-15,1,TTCX Inc.,TTCX Inc.,windows;mac,0,Multi-player;Online Multi-Player;Cross-Platform Multiplayer;In-App Purchases,Casual;Free to Play;Indie;Simulation;Sports,Free to Play;Sports;Casual,0,28,47,0,0,20000-50000,0.0,75,0.3733333333333333,28.0,3.367295829986474,4.330733340286331,0.0
523070,Black Forest,2016-09-09,1,Lemuria,Lemuria,windows;mac;linux,0,Online Multi-Player;Online Co-op;Cross-Platform Multiplayer,Casual;Indie;Early Access,Early Access;Indie;Casual,14,9,4,0,0,0-20000,0.0,13,0.6923076923076923,9.0,2.302585092994046,2.6390573296152584,0.0
523170,ShotForge,2016-11-02,1,Alix,Alix,windows,0,Single-player,Indie;Simulation,Indie;Simulation;VR,0,46,10,7,7,20000-50000,0.0,56,0.8214285714285714,46.0,3.8501476017100575,4.04305126783455,2.079441541679836
523190,Weapons of Mythology - New Age -,2016-12-15,1,Gamemag,IDC/Games,windows,0,Online Multi-Player;MMO;Online Co-op;In-App Purchases,Adventure;Free to Play;Massively Multiplayer;RPG,Free to Play;Massively Multiplayer;RPG,0,29,44,0,0,20000-50000,0.0,73,0.3972602739726027,29.0,3.4011973816621555,4.30406509320417,0.0
523680,Honey Rose: Underdog Fighter Extraordinaire,2016-09-29,1,Pehesse,Self,windows,0,Single-player;Steam Achievements;Steam Trading Cards;Partial Controller Support,Action;Adventure;Indie;Strategy,Action;Adventure;Indie,37,27,9,0,0,0-20000,0.0,36,0.75,27.0,3.332204510175204,3.610917912644224,0.0
523740,Techwars: Global Conflict,2017-12-21,1,Argus Games,Black Sun Game Publishing,windows,0,Multi-player;Online Multi-Player;MMO;Co-op;Online Co-op;Steam Achievements;Steam Trading Cards,Action;Free to Play;Indie;Massively Multiplayer;Strategy,Action;Massively Multiplayer;Free to Play,50,87,56,0,0,20000-50000,0.0,143,0.6083916083916084,87.0,4.477336814478207,4.969813299576001,0.0
523750,Die 4te Offenbarung,2018-06-01,0,D4O AG;Dialsoft;Nazagoth,Dialsoft;ASP,windows,0,Online Multi-Player;MMO,Indie;Massively Multiplayer;RPG;Strategy;Early Access,Early Access;Massively Multiplayer;Strategy,1,6,6,0,0,0-20000,0.0,12,0.5,6.0,1.9459101490553128,2.5649493574615367,0.0
523960,TENET,2018-08-27,1,ALTER-BOY,ALTER-BOY,windows,0,Single-player;Steam Achievements;Partial Controller Support;Stats;Steam Leaderboards,Violent;Gore;Action;Indie,Action;Indie;Gore,20,43,11,0,0,0-20000,0.0,54,0.7962962962962963,43.0,3.784189633918261,4.007333185232471,0.0
524030,Machine Learning: Episode I,2016-09-10,1,Singularity Lab,Singularity Lab,windows,0,Single-player;Steam Cloud,Action;Adventure;Free to Play;Indie,Free to Play;Action;Adventure,0,29,16,0,0,20000-50000,0.0,45,0.6444444444444445,29.000000000000004,3.4011973816621555,3.828641396489095,0.0
524240,STONEBOND: The Gargoyle's Domain,2017-01-28,1,I3,I3,windows;mac,0,Local Multi-Player;Local Co-op;Shared/Split Screen;Full controller support,Action;Indie,Action;Indie;Pixel Graphics,0,6,3,0,0,0-20000,0.0,9,0.6666666666666666,6.0,1.9459101490553128,2.302585092994046,0.0
524970,Helmet Heroes,2016-10-03,1,Helmet Games,Helmet Games,windows;mac,0,Single-player;MMO;Steam Achievements;Steam Trading Cards;In-App Purchases;Partial Controller Support,Action;Adventure;Free to Play;Massively Multiplayer;RPG,Free to Play;Adventure;Massively Multiplayer,8,319,371,31,31,100000-200000,0.0,690,0.4623188405797101,319.0,5.768320995793772,6.53813982376767,3.4657359027997265
525370,Gobernators (Parodia política peruana),2016-10-01,0,Elcaelum;CGA Studio,Elcaelum,windows,0,Single-player;Steam Achievements;Partial Controller Support,Action;Free to Play;Indie,Free to Play;Action;Indie,11,40,13,0,0,20000-50000,0.0,53,0.7547169811320755,40.0,3.713572066704308,3.9889840465642745,0.0
525540,Six Feet Under,2016-09-20,1,David Nestoruk;Karl Binder,Adhere Technology,windows,0,Single-player,Action;Free to Play;Indie,Free to Play;Action;Indie,0,13,6,0,0,20000-50000,0.0,19,0.6842105263157895,13.0,2.6390573296152584,2.995732273553991,0.0
525780,Doorways: Old Prototype,2016-10-05,1,Saibot Studios,Saibot Studios,windows;mac;linux,0,Single-player,Action;Adventure;Free to Play;Indie,Free to Play;Horror;Adventure,0,450,74,0,0,100000-200000,0.0,524,0.8587786259541985,450.0,6.111467339502679,6.263398262591624,0.0
526180,Deus Ex: Mankind Divided™ - VR Experience,2017-01-24,1,Eidos Montreal,Square Enix,windows,18,Single-player;Full controller support,Action;RPG,Action;RPG;VR,0,116,112,0,0,50000-100000,0.0,228,0.5087719298245614,116.0,4.762173934797756,5.43372200355424,0.0
526400,Embers of Magic,2017-04-06,1,Ithaqua Labs,Ithaqua Labs,windows;mac;linux,0,Single-player;Steam Achievements,Action;Adventure;Casual;Free to Play;Indie,Free to Play;Indie;Casual,0,53,13,0,0,0-20000,0.0,66,0.803030303030303,53.0,3.9889840465642745,4.204692619390966,0.0
526430,"Project ""Fire""",2016-10-01,1,Distant Alliance,Distant Alliance,windows,0,Single-player;Steam Achievements,Adventure;Free to Play;Indie;RPG,Free to Play;Adventure;RPG,45,54,24,0,0,20000-50000,0.0,78,0.6923076923076923,54.0,4.007333185232471,4.3694478524670215,0.0
526470,Deep Below,2016-09-23,1,Confused Studios,Confused Studios,windows,0,Single-player;Partial Controller Support,Adventure;Indie,Adventure;Indie,0,9,10,0,0,0-20000,0.0,19,0.4736842105263157,9.0,2.302585092994046,2.995732273553991,0.0
526680,Lifeliqe VR Museum,2016-11-04,1,"Lifeliqe, Inc.","Lifeliqe, Inc.",windows,0,Single-player,Free to Play;Simulation,Free to Play;Simulation;VR,0,18,7,0,0,20000-50000,0.0,25,0.72,18.0,2.9444389791664403,3.258096538021482,0.0
526730,Life of Lon: Chapter 1,2017-06-01,1,Block Interval,Block Interval,windows,0,Single-player,Adventure,Adventure;Puzzle;VR,0,29,8,0,0,20000-50000,0.0,37,0.7837837837837838,29.0,3.4011973816621555,3.6375861597263857,0.0
527240,Geology Business,2017-02-24,1,Svantech Studios,Svantech Studios,windows,0,Single-player;Steam Achievements;Steam Cloud;Stats,Casual;Indie,Indie;Casual;Clicker,18,25,24,0,0,0-20000,0.0,49,0.5102040816326531,25.0,3.258096538021482,3.912023005428146,0.0
528060,東周列萌志 Philosophic Love,2018-08-17,0,離水三尺工作室,離水三尺工作室,windows;mac,0,Single-player;Steam Achievements;Steam Cloud,Casual;Free to Play;Indie,Free to Play;Indie;Casual,47,318,19,0,0,50000-100000,0.0,337,0.9436201780415432,318.0,5.765191102784844,5.823045895483019,0.0
528450,Hunt: The Unknown Quarry,2017-01-30,1,"Quicksilver Software, Inc.","Quicksilver Software, Inc.",windows;mac;linux,0,Single-player;Multi-player;Online Multi-Player;Cross-Platform Multiplayer;Steam Achievements,Indie;Strategy,Indie;Strategy;Board Game,78,12,14,0,0,20000-50000,0.0,26,0.4615384615384615,12.0,2.5649493574615367,3.295836866004329,0.0
528460,Rogalia,2018-10-15,1,TatriX;Nanalli,TatriX,windows;mac;linux,0,Multi-player;Online Multi-Player;MMO;Co-op;Cross-Platform Multiplayer;Steam Achievements;Steam Trading Cards;In-App Purchases,Adventure;Indie;Massively Multiplayer;RPG,Massively Multiplayer;RPG;Indie,35,247,101,0,0,0-20000,0.0,348,0.7097701149425287,247.0,5.513428746164983,5.855071922202427,0.0
528580,Found,2016-09-14,1,Priyam Parikh;Andrew Moran;Jake Stull;Jewel Lim;Niko Korolog;Aaron Bales,FoundVR,windows,0,Single-player,Adventure;Casual;Free to Play;Indie;Early Access,Early Access;Adventure;Free to Play,0,98,13,0,0,20000-50000,0.0,111,0.8828828828828829,98.0,4.59511985013459,4.718498871295094,0.0
528740,Operation: New Earth,2016-12-14,1,Hunted Cow Studios,Hunted Cow Studios,windows,0,Online Multi-Player;MMO;Cross-Platform Multiplayer;Steam Achievements;Steam Trading Cards;In-App Purchases,Free to Play;Massively Multiplayer;Simulation;Strategy,Strategy;Free to Play;Massively Multiplayer,38,167,166,0,0,50000-100000,0.0,333,0.5015015015015015,167.0,5.123963979403259,5.811140992976701,0.0
529110,Awkward Dimensions Redux,2016-10-21,1,StevenHarmonGames,StevenHarmonGames,windows;mac;linux,0,Single-player;Partial Controller Support;Commentary available,Adventure;Free to Play;Indie,Free to Play;Adventure;Indie,0,2182,528,3,3,200000-500000,0.0,2710,0.8051660516605166,2182.0,7.688455356549944,7.905072849498666,1.3862943611198906
529150,Lazerbait,2016-10-13,1,Taylor Stapleton,Taylor Stapleton,windows,0,Single-player;Steam Achievements;Stats;Steam Leaderboards,Indie;Strategy,Strategy;Indie;VR,4,383,11,13,13,50000-100000,0.0,394,0.9720812182741116,383.0,5.950642552587727,5.978885764901122,2.6390573296152584
529670,The Bellows,2016-09-13,1,BOT Jungle Productions;Evan Davis;Bryce Davis;Gehrig Gosslin,BOT Jungle Productions,windows,0,Single-player,Action;Adventure;Simulation,Adventure;Action;Simulation,0,161,27,0,0,100000-200000,0.0,188,0.8563829787234043,161.0,5.087596335232384,5.241747015059643,0.0
529720,bob's game,2017-02-21,1,Robert Pelloni,Bob Corporation,windows;mac;linux,0,Single-player;Multi-player;Online Multi-Player;Local Multi-Player;Shared/Split Screen;Cross-Platform Multiplayer;Partial Controller Support,Action;Casual;Indie,Indie;Action;Casual,0,38,13,0,0,50000-100000,0.0,51,0.7450980392156863,38.0,3.6635616461296463,3.951243718581428,0.0
529770,Ley Lines,2016-12-05,1,Miria Studios,Miria Studios,windows,0,Single-player;Partial Controller Support,Action;Adventure;Free to Play;Indie,Adventure;Free to Play;Action,0,99,24,0,0,20000-50000,0.0,123,0.8048780487804879,99.0,4.605170185988092,4.820281565605037,0.0
529780,Disturbed,2016-10-03,1,iBlackpen,iBlackpen,windows;mac;linux,0,Single-player;Steam Achievements;Full controller support,Adventure;Casual;Free to Play;Indie;Simulation,Free to Play;Horror;Adventure,17,1240,94,1,1,100000-200000,0.0,1334,0.929535232383808,1240.0,7.123672785204607,7.19668657083435,0.6931471805599453
529870,Microgons,2017-03-27,1,DOG HOGGLER,DOG HOGGLER,windows,0,Multi-player;Online Multi-Player;Steam Achievements;Steam Trading Cards;Stats,Strategy,Strategy;Turn-Based;Multiplayer,6,37,8,0,0,20000-50000,0.0,45,0.8222222222222222,37.0,3.6375861597263857,3.828641396489095,0.0
530330,Blameless,2016-10-13,1,Vaclav Hudec,Blameless Games,windows;mac,0,Single-player;Steam Achievements;Captions available;Steam Cloud,Adventure;Free to Play;Indie,Free to Play;Horror;Adventure,4,3159,594,63,64,200000-500000,0.0,3753,0.841726618705036,3159.0,8.058327306580958,8.230577217146454,4.158883083359672
530620,Resident Evil 7 / Biohazard 7 Teaser: Beginning Hour,2016-12-18,1,"CAPCOM Co., Ltd.","CAPCOM Co., Ltd.",windows,18,Single-player;Full controller support;Steam Cloud,Action;Adventure,Horror;Survival Horror;Free to Play,0,3424,483,63,57,1000000-2000000,0.0,3907,0.8763757358587151,3424.0,8.138856750696325,8.270781013162674,4.158883083359672
530630,Empires Apart,2018-03-29,1,DESTINYbit,Slitherine Ltd.,windows,0,Single-player;Multi-player;Online Multi-Player;Online Co-op;Steam Achievements;Steam Trading Cards;Steam Leaderboards,Free to Play;Strategy,Strategy;RTS;Real Time Tactics,51,636,389,17,30,100000-200000,0.0,1025,0.6204878048780488,636.0,6.456769655572163,6.933423025730715,2.8903717578961645
530700,Argo,2017-06-22,1,Bohemia Interactive,Bohemia Interactive,windows,0,Single-player;Multi-player;Online Multi-Player;Local Multi-Player;Co-op;Online Co-op;Local Co-op;Partial Controller Support;Includes level editor,Action;Free to Play,Free to Play;Shooter;Multiplayer,0,4438,4973,182,37,2000000-5000000,0.0,9411,0.4715758155350122,4438.0,8.398184404834035,9.149740749847252,5.209486152841421
530720,Solitaire Royale,2016-09-15,1,EnsenaSoft,EnsenaSoft,windows,0,Single-player,Casual;Indie,Casual;Indie,0,20,11,0,0,0-20000,0.0,31,0.6451612903225806,20.0,3.044522437723423,3.4657359027997265,0.0
530820,Subject A-119,2017-06-09,1,Heekdevelopment,Heekdevelopment,windows,0,Single-player;Partial Controller Support,Adventure;Casual,Casual;Adventure;Puzzle,17,10,8,0,0,0-20000,0.0,18,0.5555555555555556,10.0,2.3978952727983707,2.9444389791664403,0.0
530830,Sophie's Guardian,2018-10-31,1,GameCoder Studios;Render Farm Studios,GameCoder Studios;Render Farm Studios,windows,0,Single-player;Local Multi-Player;Shared/Split Screen;Steam Achievements;Partial Controller Support;Steam Leaderboards,Action;Free to Play;Indie,Free to Play;Action;Indie,19,25,9,0,0,0-20000,0.0,34,0.7352941176470589,25.0,3.258096538021482,3.555348061489413,0.0
531190,HEBEREKE!: March! Red Army Girls' Brigade,2016-09-30,0,Flying Panjandrum,Henteko Doujin,windows,0,Single-player;Partial Controller Support,Nudity;Violent;Free to Play;Indie;RPG;Simulation;Strategy,Nudity;Free to Play;Sexual Content,0,140,18,4,4,50000-100000,0.0,158,0.8860759493670886,140.0,4.948759890378168,5.068904202220232,1.6094379124341005
531200,Beneath The Cherry Trees / 桜の樹の下には,2016-10-14,1,Katsudou Mangaya,Henteko Doujin,windows,0,Single-player,Adventure;Casual;Free to Play;Indie,Free to Play;Indie;Adventure,0,56,35,0,0,20000-50000,0.0,91,0.6153846153846154,56.0,4.04305126783455,4.5217885770490405,0.0
531270,The Art of Fight | 4vs4 Fast-Paced FPS,2017-02-17,1,raptor lab,raptor lab,windows,0,Multi-player;Online Multi-Player;Co-op;Online Co-op;Steam Achievements,Action;Indie,Action;Indie;VR,35,232,101,0,0,0-20000,0.0,333,0.6966966966966966,232.0,5.4510384535657,5.811140992976701,0.0
531540,Hidden Dimensions 3,2016-10-12,1,Stijn Van Cauter,Stijn Van Cauter,windows,0,Single-player,Strategy,Strategy;Free to Play;Card Game,87,36,10,0,0,0-20000,0.0,46,0.782608695652174,36.0,3.610917912644224,3.8501476017100575,0.0
531630,Non-Linear Text Quests,2018-07-24,1,NLB project,NLB project,windows;linux,0,Single-player;Steam Achievements;Steam Cloud,Adventure;Indie,Indie;Adventure;Free to Play,40,14,5,0,0,0-20000,0.0,19,0.7368421052631579,14.0,2.70805020110221,2.995732273553991,0.0
531640,Eternal Card Game,2018-11-15,1,Dire Wolf Digital,Dire Wolf Digital,windows;mac,0,Single-player;Online Multi-Player;Cross-Platform Multiplayer;Steam Achievements;Steam Trading Cards;In-App Purchases;Partial Controller Support,Casual;Free to Play;Massively Multiplayer;Strategy,Free to Play;Card Game;Strategy,29,3457,993,271,36,200000-500000,0.0,4450,0.7768539325842697,3457.0,8.148445666243235,8.400884069015854,5.605802066295998
531960,Bloody Walls,2016-09-28,1,L. Stotch,L. Stotch,windows,0,Single-player;Steam Achievements;Steam Trading Cards;Steam Cloud,Action;Free to Play;Indie,Free to Play;Action;Pixel Graphics,9,724,229,16,15,100000-200000,0.0,953,0.7597061909758657,724.0,6.586171654854675,6.860663671448287,2.833213344056216
531990,Egg Time,2016-09-19,1,Bartoš Studio,Bartoš Studio,windows,0,Single-player;Steam Achievements,Action;Casual;Free to Play;Indie;Sports,Free to Play;Action;Indie,4,38,3,0,0,20000-50000,0.0,41,0.926829268292683,38.0,3.6635616461296463,3.737669618283368,0.0
532770,Time Leap Paradise SUPER LIVE!,2016-12-15,1,Frontwing,Frontwing USA,windows,0,Single-player,Nudity;Casual;Free to Play,Free to Play;Anime;Casual,0,164,46,5,5,20000-50000,0.0,210,0.780952380952381,164.0,5.10594547390058,5.351858133476067,1.791759469228055
532800,ComPet - Epic Beast Battles,2016-11-29,1,MindArk PE AB,MindArk PE AB,windows,0,Multi-player;Online Multi-Player;Cross-Platform Multiplayer;In-App Purchases,Free to Play;Strategy;Early Access,Early Access;Free to Play;Strategy,0,43,30,0,0,0-20000,0.0,73,0.589041095890411,43.0,3.784189633918261,4.30406509320417,0.0
532840,CAYNE,2017-01-24,1,THE BROTHERHOOD,THE BROTHERHOOD,windows;mac;linux,0,Single-player;Steam Achievements,Violent;Gore;Adventure;Casual;Free to Play;Indie,Free to Play;Point & Click;Adventure,15,843,203,42,42,200000-500000,0.0,1046,0.8059273422562141,843.0,6.738152494595957,6.953684210870537,3.7612001156935615
533540,MONMUSU,2018-05-11,1,Tentacle Games,NEKO WORKs,windows,0,Single-player;Steam Achievements;Steam Trading Cards;In-App Purchases;Steam Cloud,Sexual Content;Nudity;Casual;Free to Play;Indie,Sexual Content;Nudity;Free to Play,12,1782,613,321,397,200000-500000,0.0,2395,0.7440501043841337,1782.0000000000002,7.48605261786314,7.78155595923534,5.7745515455444085
533690,Think To Die,2016-09-22,1,Felip Guimerà,FelGC.GamesDevelopment,windows;mac;linux,0,Single-player;Steam Achievements;Steam Trading Cards;Partial Controller Support,Casual;Free to Play;Indie;Strategy,Free to Play;Indie;Casual,11,198,76,8,8,50000-100000,0.0,274,0.7226277372262774,198.0,5.293304824724492,5.616771097666572,2.19722457733622
533780,Zombie Defense,2016-09-30,1,Home Net Games,Home Net Games,windows;mac;linux,0,Single-player;In-App Purchases;Steam Cloud,Action;Casual;Free to Play;Indie;Strategy,Free to Play;Zombies;Tower Defense,0,1233,265,583,393,200000-500000,0.0,1498,0.8230974632843792,1233.0,7.1180162044653335,7.312553498102598,6.369900982828227
533970,Blocks by Google,2017-07-06,1,Google,Google,windows,0,Single-player,Free to Play;Design & Illustration,Design & Illustration;Free to Play;VR,0,124,16,0,0,100000-200000,0.0,140,0.8857142857142857,124.0,4.8283137373023015,4.948759890378168,0.0
534190,Blink the Bulb,2017-01-02,1,White Sparkle Games,White Sparkle Games,windows,0,Single-player;Steam Achievements;Partial Controller Support,Action;Adventure;Free to Play;Indie,Adventure;Free to Play;Action,14,44,9,0,0,0-20000,0.0,53,0.8301886792452831,44.0,3.80666248977032,3.9889840465642745,0.0
534220,Dragon's Sin,2017-12-21,1,Fate Dragon Studio,Fate Dragon Studio,windows,0,Single-player;Steam Achievements;Partial Controller Support,Gore;Action;Free to Play;Indie,Free to Play;Action;Indie,8,290,143,9,9,100000-200000,0.0,433,0.6697459584295612,290.0,5.673323267171493,6.073044534100405,2.302585092994046
534460,Let Hawaii Happen VR,2016-10-22,1,Framestore VR Studio,Framestore VR Studio,windows,0,Single-player,Simulation,Simulation;VR,0,14,11,0,0,0-20000,0.0,25,0.56,14.000000000000002,2.70805020110221,3.258096538021482,0.0
535170,Climbtime,2017-05-03,1,Saluda Systems,Saluda Systems,windows,0,Single-player;Steam Achievements;Full controller support;Steam Leaderboards,Casual;Indie,Casual;Indie;VR,9,20,16,0,0,0-20000,0.0,36,0.5555555555555556,20.0,3.044522437723423,3.610917912644224,0.0
535440,WAR7,2016-10-21,1,CPsoft,CPsoft,windows,0,Single-player;Online Multi-Player;Steam Achievements;In-App Purchases;Partial Controller Support,Action;Free to Play;Indie;Massively Multiplayer,Free to Play;Action;Indie,36,9,17,0,0,0-20000,0.0,26,0.3461538461538461,9.0,2.302585092994046,3.295836866004329,0.0
535690,Crash Force®,2017-07-14,1,Ascanio Entertainment,Ascanio Entertainment,windows,0,Online Multi-Player;Steam Achievements;Full controller support;Steam Trading Cards;In-App Purchases,Action;Indie;RPG,Action;Indie;RPG,45,93,26,0,0,0-20000,0.0,119,0.7815126050420168,93.0,4.543294782270004,4.787491742782046,0.0
536210,Please State Your Name : A VR Animated Film,2016-11-07,1,Jak Wilmot,StudioDisrupt,windows,0,Single-player,Adventure;Casual;Free to Play,Adventure;Free to Play;Casual,0,34,16,0,0,20000-50000,0.0,50,0.68,34.0,3.555348061489413,3.9318256327243257,0.0
536230,Siege Hammer,2016-11-02,1,"MyDream Interactive, Inc.","MyDream Interactive, Inc.",windows,0,Single-player,Action;Indie;Strategy,Strategy;Action;Indie,0,6,1,0,0,0-20000,0.0,7,0.8571428571428571,6.0,1.9459101490553128,2.079441541679836,0.0
536930,MOBIUS FINAL FANTASY™,2017-02-05,1,Square Enix,Square Enix,windows,12,Single-player;Online Multi-Player;Steam Achievements;Full controller support;Steam Trading Cards;In-App Purchases;Steam Cloud,Free to Play;RPG,Free to Play;RPG;Fantasy,35,2456,1082,462,689,1000000-2000000,0.0,3538,0.6941775014132278,2456.0,7.806696372521179,8.171599480345463,6.137727054086234
536950,Legend of Ares,2017-05-31,1,Bono Games,RedFox Games,windows,0,Single-player;Online Multi-Player;MMO;In-App Purchases,Free to Play;Massively Multiplayer,Free to Play;Massively Multiplayer;MMORPG,0,22,22,0,0,20000-50000,0.0,44,0.5,22.0,3.1354942159291497,3.80666248977032,0.0
537060,MagixHome™ VR,2016-11-03,1,SKYOPT,SKYOPT,windows,0,Single-player,Free to Play;Simulation;Early Access,Early Access;Free to Play;Simulation,0,6,6,0,0,0-20000,0.0,12,0.5,6.0,1.9459101490553128,2.5649493574615367,0.0
537130,Red Spider: Vengeance,2016-11-25,1,studio wasp,studio wasp,windows;mac,0,Single-player,Adventure,Adventure;Visual Novel,0,13,4,0,0,0-20000,0.0,17,0.7647058823529411,13.0,2.6390573296152584,2.8903717578961645,0.0
537140,Nemesis Perspective,2016-12-21,1,Evocat Games,Kajak Games,windows,0,Single-player;Multi-player;Local Multi-Player;Full controller support,Action;Indie,Action;Indie;VR,0,38,3,0,0,0-20000,0.0,41,0.926829268292683,38.0,3.6635616461296463,3.737669618283368,0.0
537180,Digimon Masters Online,2016-11-03,1,"Move Games Co., Ltd.",MOVE ON USA CO.,windows,0,Single-player;Multi-player;Online Multi-Player;MMO;Co-op;Online Co-op;In-App Purchases,Action;Adventure;Casual;Free to Play;Massively Multiplayer;RPG,Free to Play;Anime;Adventure,0,2836,1350,447,641,1000000-2000000,0.0,4186,0.6774964166268514,2836.0,7.950502434808851,8.339739766019143,6.104793232414985
537540,The Last Journey,2017-04-25,1,Sleepless Clinic,IMGN.PRO,windows;mac,0,Single-player,Adventure;Indie;Simulation,Adventure;Indie;Simulation,0,16,14,0,0,0-20000,0.0,30,0.5333333333333333,16.0,2.833213344056216,3.4339872044851463,0.0
537590,Bridge to Nowhere,2016-10-04,1,Peter Labick,Peter Labick,windows,0,Single-player,Simulation;Early Access,Early Access;Simulation;VR,0,4,5,0,0,0-20000,0.0,9,0.4444444444444444,4.0,1.6094379124341005,2.302585092994046,0.0
538110,Delila's Gift,2017-05-22,1,Cabbibo,Cabbibo,windows,0,Single-player,Indie,Indie;VR,0,12,3,0,0,0-20000,0.0,15,0.8,12.0,2.5649493574615367,2.772588722239781,0.0
538880,Triennale Game Collection,2016-12-07,1,Mario von Rickenbach;Etter Studio;Tale of Tales;Cardboard Computer;Pol Clarissou;Katie Rose Pipkin;Santa Ragione,Santa Ragione;La Triennale di Milano,windows;mac;linux,0,Single-player,Indie,Indie;Experimental;Colorful,0,46,5,0,0,0-20000,0.0,51,0.9019607843137256,46.0,3.8501476017100575,3.951243718581428,0.0
538950,Plenty: Skyhearth,2016-10-20,1,Tiny Lions,Tiny Lions Inc.,windows,0,Single-player;Steam Achievements;Stats;Steam Leaderboards,Action;Casual;Free to Play;Indie;RPG,Free to Play;Casual;Action,17,35,6,0,0,20000-50000,0.0,41,0.8536585365853658,35.0,3.58351893845611,3.737669618283368,0.0
539190,CuVRball,2017-01-31,1,Hypergolic Games,Hypergolic Games,windows,0,Online Multi-Player,Action;Casual;Indie;Sports;Early Access,Early Access;Action;Indie,0,11,1,0,0,0-20000,0.0,12,0.9166666666666666,11.0,2.4849066497880004,2.5649493574615367,0.0
539370,TV Trouble,2016-10-24,1,SUPERCORE Games,zerofiftyone,windows,0,Single-player;Full controller support,Indie,Indie;Puzzle;Arcade,9,25,8,0,0,0-20000,0.0,33,0.7575757575757576,25.0,3.258096538021482,3.5263605246161616,0.0
539380,Think To Die 2,2016-10-14,1,Felip Guimerà,FelGC.GamesDevelopment,windows;mac;linux,0,Single-player;Steam Achievements;Steam Trading Cards;Partial Controller Support,Casual;Indie;Strategy,Casual;Strategy;Indie,23,66,21,89,89,0-20000,0.0,87,0.7586206896551724,66.0,4.204692619390966,4.477336814478207,4.499809670330265
539640,Racecar.io,2016-10-18,1,Kastriot Sulejmani;Brayden Myers,KasSanity,windows;mac,0,Single-player;Online Multi-Player;MMO;Cross-Platform Multiplayer;Steam Achievements;Steam Trading Cards;Partial Controller Support,Free to Play;Massively Multiplayer;Racing,Free to Play;Racing;Massively Multiplayer,13,149,123,18,29,50000-100000,0.0,272,0.5477941176470589,149.0,5.010635294096256,5.60947179518496,2.9444389791664403
539650,TwelveSky2 Classic,2017-01-27,1,SG Data,RedFox Games,windows,0,Online Multi-Player;MMO;In-App Purchases,Action;Free to Play;Massively Multiplayer,Massively Multiplayer;Free to Play;Action,0,82,51,0,0,50000-100000,0.0,133,0.6165413533834586,82.0,4.418840607796598,4.897839799950911,0.0
541190,Nodiatis,2016-11-14,1,"Glitchless, LLC","Glitchless, LLC",windows;mac,0,Single-player;Multi-player;Online Multi-Player;MMO;Co-op;Online Co-op;Cross-Platform Multiplayer;In-App Purchases;Partial Controller Support,Adventure;Free to Play;Indie;Massively Multiplayer;RPG,Free to Play;Adventure;Massively Multiplayer,0,32,18,0,0,0-20000,0.0,50,0.64,32.0,3.49650756146648,3.9318256327243257,0.0
541420,Hoverboards VR,2016-10-26,1,Mike Harris,Mike Harris Design,windows,0,Single-player,Action;Indie,Action;Indie;VR,0,9,1,0,0,0-20000,0.0,10,0.9,9.0,2.302585092994046,2.3978952727983707,0.0
542120,Win Big Or Die,2016-10-13,1,Silver Legends,Cacti Council,windows,0,Single-player;Partial Controller Support,Action;Free to Play,Free to Play;Action;Shooter,0,22,5,0,0,20000-50000,0.0,27,0.8148148148148148,22.0,3.1354942159291497,3.332204510175204,0.0
542170,Edmersiv,2016-10-14,1,EvoBooks,EvoBooks,windows,0,Captions available,Education,Education;VR,0,13,3,0,0,0-20000,0.0,16,0.8125,13.0,2.6390573296152584,2.833213344056216,0.0
542210,Xemo® : Robot Simulation,2016-11-21,1,Xemory LLC,Xemory LLC,windows;mac,0,Single-player;Stats,Simulation;Early Access,Early Access;Simulation,0,12,4,0,0,0-20000,0.0,16,0.75,12.0,2.5649493574615367,2.833213344056216,0.0
542310,Escape the Game,2016-10-13,1,Insanity Games,Insanity Games,windows,0,Single-player,Adventure;Free to Play;Indie,Free to Play;Adventure;Indie,0,1623,342,35,53,200000-500000,0.0,1965,0.8259541984732824,1623.0,7.392647520721623,7.583756300707112,3.58351893845611
542480,Therian Saga,2017-03-27,1,Virtys,Virtys,windows,0,Multi-player;Online Multi-Player;MMO;In-App Purchases,Free to Play;Massively Multiplayer;RPG;Strategy,Free to Play;RPG;Massively Multiplayer,0,224,100,1,1,50000-100000,0.0,324,0.691358024691358,224.0,5.41610040220442,5.783825182329737,0.6931471805599453
542590,SoulSaverOnline,2017-04-05,1,Smartbig Corportion,Netgame,windows,0,Online Multi-Player;MMO;In-App Purchases,Free to Play;Massively Multiplayer;RPG,Free to Play;RPG;Massively Multiplayer,0,84,53,0,0,50000-100000,0.0,137,0.6131386861313869,84.0,4.442651256490317,4.927253685157205,0.0
542780,Drift GEAR Racing Free,2016-10-21,1,Rock Crow,Rock Crow,windows,0,Single-player,Free to Play;Indie;Racing;Sports,Free to Play;Racing;Indie,0,45,112,75,75,50000-100000,0.0,157,0.286624203821656,45.0,3.828641396489095,5.062595033026967,4.330733340286331
542790,RacetronicVR,2017-11-13,1,Charles Cochrane,Charles Cochrane,windows,0,Single-player,Racing,Racing;VR,0,1,3,0,0,0-20000,0.0,4,0.25,1.0,0.6931471805599453,1.6094379124341005,0.0
542850,Dystopy,2017-02-28,1,Campus ADN 2015-2016,Campus ADN,windows,0,Single-player;Full controller support,Action;Indie,Action;Indie,0,11,5,0,0,0-20000,0.0,16,0.6875,11.0,2.4849066497880004,2.833213344056216,0.0
542870,Biomydra,2017-03-09,0,Class of 2015-2016,Campus ADN,windows,0,Single-player;Full controller support,Action;Adventure;Indie,Indie;Action;Adventure,0,6,3,0,0,0-20000,0.0,9,0.6666666666666666,6.0,1.9459101490553128,2.302585092994046,0.0
542940,Kickoff Legends,2016-12-13,1,StudioQi,StudioQi,windows;mac;linux,0,Online Multi-Player;Cross-Platform Multiplayer,Casual;Free to Play;Massively Multiplayer;Simulation;Sports,Free to Play;Sports;Massively Multiplayer,0,16,7,0,0,0-20000,0.0,23,0.6956521739130435,16.0,2.833213344056216,3.1780538303479458,0.0
542960,Pumpkin SculptrVR,2016-10-21,1,SculptrVR,SculptrVR,windows,0,Single-player;Multi-player;Online Multi-Player;Co-op;Online Co-op,Indie,Indie;VR,0,12,2,0,0,0-20000,0.0,14,0.8571428571428571,12.0,2.5649493574615367,2.70805020110221,0.0
543650,Last Days,2016-10-20,1,CrackedGhostGames,2ndDimensionGhost,windows;mac,0,Single-player;Steam Trading Cards;Partial Controller Support,Violent;Gore;Action;Adventure;Free to Play;Indie;RPG;Early Access,Early Access;Gore;RPG,0,21,18,292,296,50000-100000,0.0,39,0.5384615384615384,21.0,3.091042453358316,3.688879454113936,5.680172609017068
544130,Whack-a-Vote: Hammering the Polls,2016-11-02,1,Subreality Studios LLC.,Exforsys Inc.,windows,0,Single-player,Casual;Indie,Indie;Casual;VR,0,12,3,0,0,0-20000,0.0,15,0.8,12.0,2.5649493574615367,2.772588722239781,0.0
544420,VRCapture,2016-11-03,1,XR Team,XR Team,windows,0,Full controller support,Utilities;Video Production,Video Production;Utilities;VR,0,33,18,1,1,50000-100000,0.0,51,0.6470588235294118,33.0,3.5263605246161616,3.951243718581428,0.6931471805599453
544520,The Puppet Master,2016-10-21,1,AMS Game Development Association,AMS Game Development Association,windows;mac;linux,0,Single-player;Partial Controller Support,Free to Play;Indie,Free to Play;Indie;Puzzle,0,30,6,0,0,20000-50000,0.0,36,0.8333333333333334,30.0,3.4339872044851463,3.610917912644224,0.0
544590,Death Dojo,2016-11-08,1,Ken Watanabe,Ken Watanabe,windows,0,Single-player,Violent;Action,Action;Violent;VR,0,49,23,4,4,0-20000,0.0,72,0.6805555555555556,49.0,3.912023005428146,4.290459441148391,1.6094379124341005
544730,Catan Universe,2017-04-25,1,Exozet,United Soft Media,windows;mac,0,Single-player;Online Multi-Player;Cross-Platform Multiplayer;Steam Achievements;Steam Trading Cards;In-App Purchases,Casual;Strategy,Board Game;Casual;Strategy,21,463,720,16710,16710,100000-200000,0.0,1183,0.3913778529163144,463.0,6.139884552226255,7.076653815443951,9.723822464203383
544810,KARDS,2019-04-12,1,1939 Games,1939 Games,windows,0,Single-player;Online Multi-Player;In-App Purchases,Free to Play;Indie;Strategy;Early Access,Early Access;Free to Play;Indie,0,321,75,0,0,50000-100000,0.0,396,0.8106060606060606,321.0,5.7745515455444085,5.983936280687191,0.0
544840,Children of Orc,2016-12-20,1,Game Studio Abraham Stolk Inc.,Game Studio Abraham Stolk Inc.,windows;linux,0,Single-player;Steam Achievements;In-App Purchases;Stats;Steam Leaderboards,Strategy,Strategy,9,43,16,6,6,0-20000,0.0,59,0.7288135593220338,43.0,3.784189633918261,4.0943445622221,1.9459101490553128
544920,Darwin Project,2018-03-09,1,Scavengers Studio,Scavengers Studio,windows,0,Multi-player;Online Multi-Player;Full controller support;In-App Purchases,Action;Free to Play;Indie;Early Access,Early Access;Battle Royale;Survival,0,9663,2267,160,82,500000-1000000,0.0,11930,0.8099748533109807,9663.0,9.176162920174596,9.3868953338758,5.081404364984463
545570,PHAT PHROG,2016-10-27,1,ColloseusX,Phat Phrog Studios,windows,0,Single-player;Steam Achievements;Steam Trading Cards;Steam Leaderboards,Action;Casual;Free to Play;Indie,Free to Play;Action;Indie,23,23,14,0,0,20000-50000,0.0,37,0.6216216216216216,23.0,3.1780538303479458,3.6375861597263857,0.0
545820,Wanderland,2016-12-20,1,Artogon,Jetdogs Studios,windows,0,Single-player;Steam Achievements;Steam Trading Cards;In-App Purchases;Steam Cloud,Adventure;Casual;Free to Play,Adventure;Free to Play;Casual,81,107,89,0,0,50000-100000,0.0,196,0.5459183673469388,107.0,4.68213122712422,5.2832037287379885,0.0
546390,Brief Karate Foolish,2016-11-18,1,D.C.S,Henteko Doujin,windows,0,Single-player;Multi-player;Local Multi-Player;Shared/Split Screen;Partial Controller Support,Action;Casual;Free to Play;Indie,Psychological Horror;Free to Play;Sexual Content,0,2027,128,5,8,100000-200000,0.0,2155,0.9406032482598607,2027.0,7.614805364711073,7.676009932028887,1.791759469228055
546600,Vanguards,2016-10-28,1,BYU Animation -  Class of 2016,Brigham Young University,windows,0,Single-player;Online Multi-Player;Online Co-op,Action;Free to Play;Strategy,Free to Play;Strategy;Action,0,62,28,0,0,20000-50000,0.0,90,0.6888888888888889,62.0,4.143134726391533,4.51085950651685,0.0
547010,Terminal Hacker,2016-12-01,1,Lord_Loej,Lord_Loej,windows;mac;linux,0,Single-player;Steam Achievements;Stats;Steam Leaderboards,Casual;Free to Play;Indie,Free to Play;Indie;Casual,11,72,54,0,0,100000-200000,0.0,126,0.5714285714285714,72.0,4.290459441148391,4.844187086458591,0.0
547260,Mausoleum of the Medusa,2016-10-27,1,New Hell Studios,New Hell Studios,windows;mac;linux,0,Single-player;Steam Achievements;Partial Controller Support;Steam Leaderboards,Action;Adventure;Free to Play;Indie,Free to Play;Adventure;Action,5,46,18,0,0,20000-50000,0.0,64,0.71875,46.0,3.8501476017100575,4.174387269895637,0.0
547440,7D Game （VR for VIVE）,2016-10-26,0,上海游七网络科技有限公司,上海游七网络科技有限公司,windows,0,Single-player,Free to Play;Indie;Simulation,Free to Play;Indie;Simulation,0,10,2,0,0,0-20000,0.0,12,0.8333333333333334,10.0,2.3978952727983707,2.5649493574615367,0.0
547540,panGEMic,2016-12-28,1,David Cross,David Cross,windows;mac,0,Single-player;Steam Achievements;Full controller support,Action;Free to Play,Free to Play;Action;Pixel Graphics,9,58,10,0,0,0-20000,0.0,68,0.8529411764705882,58.0,4.07753744390572,4.23410650459726,0.0
547680,Guild Quest,2017-01-26,1,Hyper Hippo Games,Hyper Hippo Games,windows;mac,0,Single-player;Steam Achievements;In-App Purchases,Casual;Free to Play;Indie;RPG;Simulation;Strategy;Early Access,Early Access;Free to Play;Strategy,104,1089,451,209,187,200000-500000,0.0,1540,0.7071428571428572,1089.0,6.993932975223189,7.340186835320115,5.3471075307174685
547750,Endless Night - Alpha,2016-12-05,1,Yerawizard LLC,Yerawizard LLC,windows,0,Single-player,Action;Adventure;Indie;Early Access,Early Access;Action;Adventure,0,36,5,0,0,0-20000,0.0,41,0.8780487804878049,36.0,3.610917912644224,3.737669618283368,0.0
547820,Kitten Squad,2017-01-04,1,SAGENCY,PETA,windows,0,Single-player;Local Multi-Player;Co-op;Local Co-op;Shared/Split Screen;Full controller support,Action;Casual;Free to Play;Indie,Free to Play;Action;Casual,9,56,33,0,0,0-20000,0.0,89,0.6292134831460674,56.0,4.04305126783455,4.499809670330265,0.0
547870,Clown2Beat,2016-10-26,1,Rodrigo Banzato,Tonka3D,windows,0,Single-player;Partial Controller Support,Action;Adventure;Casual;Free to Play;Indie,Free to Play;Action;Adventure,0,23,11,0,0,0-20000,0.0,34,0.6764705882352942,23.0,3.1780538303479458,3.555348061489413,0.0
548280,NeonBall,2018-02-23,1,Nelium Games,Nelium Games,windows,0,Single-player;Steam Achievements;Captions available;Partial Controller Support;Steam Cloud;Steam Leaderboards,Casual;Indie,Indie;Casual;Family Friendly,12,14,2,0,0,0-20000,0.0,16,0.875,14.0,2.70805020110221,2.833213344056216,0.0
548290,Dark Eden,2016-11-28,1,SOFTON ENTERTAINMENT,SOFTON ENTERTAINMENT,windows,0,Online Multi-Player;MMO,Free to Play;Massively Multiplayer;RPG,Free to Play;RPG;Massively Multiplayer,0,105,116,0,0,50000-100000,0.0,221,0.4751131221719457,105.0,4.663439094112067,5.402677381872279,0.0
549090,Counter Agents,2016-12-01,1,James Montgomery;Daniel Paez;Jeff Jackman;Lance Montgomery;Michael Nova,Counter_Agents_Team,windows,0,Single-player;Local Multi-Player;Shared/Split Screen;Partial Controller Support;Includes level editor,Casual;Free to Play;Indie,Free to Play;Indie;Casual,0,101,6,0,0,20000-50000,0.0,107,0.9439252336448598,101.0,4.624972813284271,4.68213122712422,0.0
549770,Paranormal Teens,2016-12-28,1,Visual Wordplay;Godline,Visual Wordplay,windows;mac;linux,0,Single-player;Steam Achievements,Indie;Simulation,Indie;Simulation;Visual Novel,10,18,40,0,0,0-20000,0.0,58,0.3103448275862069,18.0,2.9444389791664403,4.07753744390572,0.0
549880,RoboSports VR,2016-11-07,1,Babeltime,Babeltime,windows,0,Single-player;Multi-player;Online Multi-Player;Online Co-op,Sports;Early Access,Early Access;Sports;VR,0,8,7,0,0,0-20000,0.0,15,0.5333333333333333,8.0,2.19722457733622,2.772588722239781,0.0
549920,VRchaeology: Prologue,2016-12-01,1,Play Nicely,Play Nicely,windows,0,Single-player,Adventure;Casual;Free to Play,Free to Play;Adventure;Casual,0,25,3,0,0,20000-50000,0.0,28,0.8928571428571429,25.0,3.258096538021482,3.367295829986474,0.0
550240,After Life - Story of a Father,2016-11-25,1,Green Sawdust,Green Sawdust,windows;linux,0,Single-player;Partial Controller Support,Adventure,Adventure;Indie;Short,0,16,10,0,0,0-20000,0.0,26,0.6153846153846154,16.0,2.833213344056216,3.295836866004329,0.0
550470,NosTale,2017-09-18,1,"Entwell Co., Ltd.",Gameforge 4D GmbH,windows,0,Multi-player;Online Multi-Player;MMO;Online Co-op;Steam Trading Cards;In-App Purchases,Action;Adventure;Free to Play;Massively Multiplayer;RPG,Free to Play;Anime;MMORPG,0,706,316,52,76,200000-500000,0.0,1022,0.6908023483365949,706.0,6.561030665896573,6.930494765951626,3.970291913552122
550520,B. Braun Future Operating Room,2016-12-09,1,NMY Mixed-Reality Communication GmbH,B. Braun,windows,0,Single-player;Steam Leaderboards,Casual;Simulation,Casual;Simulation;VR,0,9,3,9,9,0-20000,0.0,12,0.75,9.0,2.302585092994046,2.5649493574615367,2.302585092994046
550650,Black Squad,2017-07-28,1,NS STUDIO,NS STUDIO,windows,0,Multi-player;Steam Achievements;Steam Trading Cards;In-App Purchases,Action;Free to Play;Early Access,Early Access;Free to Play;FPS,36,33695,11081,1835,42,5000000-10000000,0.0,44776,0.7525236733964624,33695.0,10.425134414933702,10.709449893714698,7.515344571180436
550740,Battles of the Valiant Universe CCG,2017-05-09,1,Silent Legends,Silent Legends,windows;mac,0,Single-player;Multi-player,Casual;Free to Play;Indie;Strategy;Early Access,Early Access;Free to Play;Strategy,0,9,15,0,0,0-20000,0.0,24,0.375,9.0,2.302585092994046,3.218875824868201,0.0
550820,Kitten Cannon,2016-10-31,1,Chris Gallello;Sasha Alexandra,Mr. Paws,windows,0,Single-player,Casual,Casual;VR,0,22,7,0,0,0-20000,0.0,29,0.7586206896551724,22.0,3.1354942159291497,3.4011973816621555,0.0
550900,Metin2,2017-05-08,1,WEBZEN Inc.,Gameforge 4D GmbH,windows,0,Multi-player;Online Multi-Player;MMO;Steam Trading Cards;In-App Purchases,Action;Adventure;Free to Play;Massively Multiplayer;RPG,Free to Play;MMORPG;Massively Multiplayer,0,4526,2741,2225,791,1000000-2000000,0.0,7267,0.6228154671804046,4526.0,8.417814747435958,8.891236429516061,7.70796153183549
551170,Onmyoji,2018-04-18,1,NetEase Games,NetEase Games,windows,0,MMO;Steam Achievements;Steam Trading Cards;In-App Purchases,Adventure;RPG;Strategy,Strategy;RPG;Adventure,121,552,258,2616,2616,100000-200000,0.0,810,0.6814814814814815,552.0,6.315358001522335,6.698268054115413,7.869783902530146
551960,DatavizVR Demo,2016-12-05,1,DatavizVR Inc.,DatavizVR Inc.,windows,0,Stats,Accounting;Education;Software Training;Utilities;Early Access,Early Access;Software Training;Utilities,0,9,1,0,0,0-20000,0.0,10,0.9,9.0,2.302585092994046,2.3978952727983707,0.0
552110,Puzzle Pirates: Dark Seas,2018-07-06,1,"Grey Havens, LLC","Grey Havens, LLC",windows;mac,0,Single-player;Multi-player;Online Multi-Player;MMO;Steam Achievements;Steam Trading Cards;In-App Purchases;Stats,Adventure;Casual;Free to Play;Indie;Massively Multiplayer;RPG;Strategy,Free to Play;Puzzle;Massively Multiplayer,49,315,97,1334,1687,50000-100000,0.0,412,0.7645631067961165,315.0,5.755742213586912,6.023447592961033,7.19668657083435
552140,CAGE,2016-11-14,1,KorteGames,KorteGames,windows;mac,0,Local Multi-Player,Action;Casual;Free to Play;Indie,Free to Play;Action;Indie,0,70,11,0,0,20000-50000,0.0,81,0.8641975308641975,70.0,4.262679877041316,4.406719247264253,0.0
552960,Fastigium,2016-12-18,1,ifgames studio,ifgames studio,windows,12,Single-player;Steam Workshop,Action;Adventure;Casual;Indie;RPG,Adventure;Action;Indie,0,22,19,0,0,0-20000,0.0,41,0.5365853658536586,22.0,3.1354942159291497,3.737669618283368,0.0
552990,World of Warships,2017-11-15,1,Wargaming Group Limited,Wargaming Group Limited,windows,0,Multi-player;Online Multi-Player;MMO;Co-op;Online Co-op;Steam Achievements;Steam Trading Cards;In-App Purchases,Action;Free to Play;Massively Multiplayer;Simulation,Free to Play;World War II;Naval,44,9386,3667,341,135,2000000-5000000,0.0,13053,0.7190684133915575,9386.0,9.147081032336992,9.476849879195164,5.834810737062605
553130,Into The Unknown,2016-11-09,1,FYRE Games,FYRE Games,windows;mac,0,Single-player,Adventure;Casual;Free to Play;Indie,Free to Play;Adventure;Indie,0,48,25,0,0,20000-50000,0.0,73,0.6575342465753424,48.0,3.8918202981106265,4.30406509320417,0.0
553440,R.A.T.S. (Regulatory Astro-Topographical Stabilizer),2017-02-15,1,Mark Miller Studios,I.E.D. Studios,windows,0,Single-player;Steam Achievements;Partial Controller Support,Action;Indie,Action;Indie,9,9,2,0,0,0-20000,0.0,11,0.8181818181818182,9.0,2.302585092994046,2.4849066497880004,0.0
553570,iFactor,2016-12-16,1,10101 Software,10101 Software,windows;mac;linux,0,Multi-player;Online Multi-Player;Local Multi-Player;Shared/Split Screen;Cross-Platform Multiplayer;Steam Achievements;Full controller support,Indie,Indie,5,3,8,0,0,0-20000,0.0,11,0.2727272727272727,3.0,1.3862943611198906,2.4849066497880004,0.0
553590,Hot Squat,2016-11-22,1,Bean Boy Games,Bean Boy Games,windows,0,Single-player;Steam Achievements;Steam Leaderboards,Indie;Simulation;Sports,VR;Indie;Simulation,15,82,5,0,0,20000-50000,0.0,87,0.942528735632184,82.0,4.418840607796598,4.477336814478207,0.0
553660,PWND,2018-04-06,1,Skydance Interactive,Skydance Interactive,windows,0,Online Multi-Player;Partial Controller Support,Action;Casual;Free to Play;Indie,Free to Play;Action;Multiplayer,0,602,251,29,29,100000-200000,0.0,853,0.7057444314185228,602.0,6.401917196727186,6.74993119378857,3.4011973816621555
553880,Archangel™: Hellfire - Enlist FREE,2017-08-02,1,Skydance Interactive,Skydance Interactive,windows,0,Single-player;Online Multi-Player,Action;Free to Play;Simulation,Action;Simulation;Free to Play,0,127,77,25,25,0-20000,0.0,204,0.6225490196078431,127.0,4.852030263919617,5.3230099791384085,3.258096538021482
554140,Desert Ride Coaster,2016-12-07,1,iNFINITE Production,iNFINITE Production,windows,0,Single-player,Casual;Simulation,Casual;Simulation;VR,0,27,14,0,0,20000-50000,0.0,41,0.6585365853658537,27.0,3.332204510175204,3.737669618283368,0.0
554640,拯救大魔王2 Rescue the Great Demon 2,2016-11-18,1,吃了就睡工作室,indienova,windows;mac;linux,0,Single-player;Steam Trading Cards,Adventure;Free to Play;Indie;RPG,Free to Play;RPG;Indie,0,298,98,53,53,100000-200000,0.0,396,0.7525252525252525,298.0,5.700443573390687,5.983936280687191,3.9889840465642745
555210,Trick and Treat - Visual Novel,2016-12-30,1,Eternal Night Studios,Alberto Herrera;Ziel Graywords;Stw projects,windows;mac;linux,0,Single-player;Steam Achievements,Casual;Free to Play;Indie;Simulation,Free to Play;Visual Novel;Anime,5,2922,351,80,85,200000-500000,0.0,3273,0.8927589367552704,2922.0,7.980365765111246,8.09376775793108,4.394449154672439
555450,Deus Ex: Breach™,2017-01-24,1,Eidos Montreal,Square Enix,windows,18,Single-player;Steam Achievements;Full controller support;Steam Trading Cards;Steam Cloud,Violent;Action;RPG,Action;RPG;Violent,17,92,123,22,36,50000-100000,0.0,215,0.427906976744186,92.0,4.532599493153256,5.375278407684165,3.1354942159291497
555570,Infestation: The New Z,2016-11-22,1,Fredaikis AB,Fredaikis AB,windows,0,Online Multi-Player;MMO;Online Co-op;Steam Achievements;Steam Trading Cards;In-App Purchases,Action;Free to Play;Indie;Massively Multiplayer;RPG,Zombies;Free to Play;Survival,63,13726,14201,376,73,5000000-10000000,0.0,27927,0.4914956851792172,13726.0,9.52711997525166,10.237385048784873,5.932245187448011
556720,Off-Road Super Racing,2016-12-22,1,GameTop.com,GameTop.com,windows,0,Single-player,Racing,Racing;Free to Play,0,21,35,0,0,0-20000,0.0,56,0.375,21.0,3.091042453358316,4.04305126783455,0.0
556820,Warbands: Bushido,2017-09-15,1,Red Unit Studios,Red Unit Studios,windows;mac;linux,0,Single-player;Multi-player;Online Multi-Player;Cross-Platform Multiplayer;Steam Achievements;Steam Trading Cards;In-App Purchases,Free to Play;Indie;Strategy,Strategy;Indie;Free to Play,28,635,303,0,0,100000-200000,0.0,938,0.6769722814498934,635.0,6.455198563340122,6.844815479208263,0.0
557260,iREC,2017-01-16,1,Labory,Mamilos Club Studios,windows,0,Single-player;Steam Trading Cards,Indie,Indie;Horror;Singleplayer,0,47,61,0,0,50000-100000,0.0,108,0.4351851851851852,47.0,3.871201010907891,4.691347882229144,0.0
557400,Midas Gold Plus,2017-02-01,1,Holyday Studios,Holyday Studios,windows;mac,0,Single-player;Steam Achievements;Steam Trading Cards;In-App Purchases;Steam Cloud;Steam Leaderboards,Adventure;Casual;Free to Play;Indie;RPG,Free to Play;Clicker;Indie,23,1373,185,617,923,200000-500000,0.0,1558,0.8812580231065469,1373.0,7.2254814727822945,7.351799869057777,6.42648845745769
557670,Spooky Night,2016-12-31,1,AurealStudio,AurealStudio,windows,0,Single-player,Action;Casual;Free to Play;Indie;Strategy,Free to Play;Action;Casual,0,18,3,0,0,0-20000,0.0,21,0.8571428571428571,18.0,2.9444389791664403,3.091042453358316,0.0
557780,Atom Fishing II,2016-11-29,1,Woolf,R-Age,windows,0,Online Multi-Player;MMO;Steam Achievements;Steam Trading Cards;In-App Purchases;Commentary available,Free to Play;Indie;Massively Multiplayer;Simulation,Free to Play;Simulation;Fishing,12,666,260,73,134,200000-500000,0.0,926,0.7192224622030238,666.0,6.502790045915623,6.831953565565855,4.30406509320417
557810,Clicker Guild,2016-12-16,1,Fox Dawn,Fox Dawn,windows,0,Single-player;Steam Achievements;Steam Trading Cards;In-App Purchases,Free to Play,Free to Play;Clicker;Casual,89,299,253,1061,1356,100000-200000,0.0,552,0.5416666666666666,299.0,5.703782474656201,6.315358001522335,6.967909201801884
557880,Say Goodbye,2017-01-03,1,morojenoe's empire,morojenoe's empire,windows,0,Single-player;Steam Achievements;Steam Trading Cards,Violent;Adventure;Casual;Free to Play;Indie,Free to Play;Indie;Visual Novel,21,95,73,15,15,20000-50000,0.0,168,0.5654761904761905,95.0,4.564348191467836,5.1298987149230735,2.772588722239781
557890,Sunset's Ashes,2016-11-17,1,Fifth One,Fifth One,windows;mac;linux,0,Single-player;Steam Achievements;Steam Trading Cards,Casual;Free to Play;Indie,Free to Play;Indie;Casual,9,97,11,0,0,200000-500000,0.0,108,0.8981481481481481,97.0,4.584967478670572,4.691347882229144,0.0
557940,The Muybridge Mausoleum,2017-07-10,1,Most Ancient,Most Ancient,windows,0,Single-player,Casual;Indie,Indie;Casual;VR,0,4,1,0,0,0-20000,0.0,5,0.8,4.0,1.6094379124341005,1.791759469228055,0.0
558100,Art of War: Red Tides,2016-12-22,1,Game Science,Game Science,windows,0,Online Multi-Player;Online Co-op;Steam Trading Cards;In-App Purchases,Violent;Free to Play;Indie;Strategy;Early Access,Early Access;Free to Play;Strategy,0,4858,1169,345,105,1000000-2000000,0.0,6027,0.8060394889663183,4858.0,8.488587934405903,8.704170559746386,5.846438775057725
558680,KYOTO TANOJI QUEST,2016-12-23,1,"Media Impact Co.,Ltd","Media Impact Co.,Ltd",windows,0,Single-player,Free to Play;RPG;Early Access,Early Access;Free to Play;RPG,0,8,4,0,0,0-20000,0.0,12,0.6666666666666666,8.0,2.19722457733622,2.5649493574615367,0.0
558750,Goaltender VR,2018-02-19,1,RunByCoffee,RunByCoffee,windows,0,Single-player;Steam Achievements;Stats,Casual;Sports,Casual;Sports;VR,7,15,1,0,0,0-20000,0.0,16,0.9375,15.0,2.772588722239781,2.833213344056216,0.0
559010,Cosmic Sugar VR,2016-11-27,1,David Lobser,Object Normal,windows,0,Single-player,Free to Play;Simulation,Free to Play;Simulation;VR,0,241,11,0,0,50000-100000,0.0,252,0.9563492063492064,241.0,5.488937726156687,5.53338948872752,0.0
559920,Broken Blue,2016-12-09,1,BacklotRealities,Cacti Council;BacklotRealities,windows,0,Single-player,Casual;Free to Play;Indie;Simulation,Free to Play;Indie;Casual,0,26,11,0,0,0-20000,0.0,37,0.7027027027027027,26.0,3.295836866004329,3.6375861597263857,0.0
559990,ERR - 001,2016-12-13,1,Gestmorph Games,Gestmorph Games,windows,0,Single-player;Steam Trading Cards,Adventure;Free to Play;RPG,Free to Play;Adventure;RPG,0,17,17,0,0,0-20000,0.0,34,0.5,17.0,2.8903717578961645,3.555348061489413,0.0
560260,Super Blue Boy Planet,2016-12-16,1,Tuwi Michael Nannings,NanningsGames,windows,0,Single-player;Steam Achievements;Full controller support;Steam Cloud,Free to Play;Indie,Free to Play;Pixel Graphics;2D,8,2120,236,16,20,200000-500000,0.0,2356,0.8998302207130731,2120.0,7.659642954564682,7.7651449029361315,2.833213344056216
560380,MapleStory 2,2018-10-04,1,Nexon Korea Corporation,Nexon America Inc.,windows,0,Multi-player;Online Multi-Player;MMO;Co-op;Online Co-op;Steam Trading Cards;In-App Purchases;Partial Controller Support,Action;Adventure;Casual;Free to Play;Massively Multiplayer;RPG;Simulation,Massively Multiplayer;RPG;MMORPG,0,5143,1750,1273,149,1000000-2000000,0.0,6893,0.7461192514144784,5143.0,8.545586265917455,8.83840674707681,7.149916836132109
560790,Red Spider2: Exiled,2016-12-09,1,studio wasp,studio wasp,windows;mac,0,Single-player,Adventure,Adventure;Visual Novel,0,12,1,0,0,0-20000,0.0,13,0.9230769230769232,12.0,2.5649493574615367,2.6390573296152584,0.0
560970,Fireworks Desert Blast,2016-12-22,1,Karman Interactive,Karman Interactive,windows,0,Single-player,Simulation,Simulation;VR,0,16,4,0,0,0-20000,0.0,20,0.8,16.0,2.833213344056216,3.044522437723423,0.0
561080,The Price of Freedom,2016-12-22,1,Construct Studio,Construct Studio Inc.,windows,0,Single-player,Adventure;Indie,Indie;Adventure;Story Rich,0,333,22,36029,36029,50000-100000,0.0,355,0.9380281690140844,333.0,5.811140992976701,5.87493073085203,10.49210720374214
561970,REALITY,2016-11-30,1,Grey Reality Studios,Grey Reality Studios,windows,0,Single-player,Adventure;Free to Play;Indie,Free to Play;Horror;Indie,0,56,28,0,0,0-20000,0.0,84,0.6666666666666666,56.0,4.04305126783455,4.442651256490317,0.0
562010,Tanki Online,2017-03-02,1,Tanki Online Ltd.,APL Publishing Ltd.,windows;mac,0,Online Multi-Player;MMO;Cross-Platform Multiplayer;In-App Purchases,Action;Free to Play;Massively Multiplayer,Free to Play;Action;Tanks,0,1213,761,86,157,200000-500000,0.0,1974,0.6144883485309017,1213.0,7.101675971619444,7.5883236773352225,4.465908118654584
562290,Knights of Galiveth,2017-05-01,1,LunarCore Games;Challudym,LunarCore Games,windows,0,Single-player;Steam Achievements;Full controller support;Steam Trading Cards;Steam Cloud,Action;Indie;RPG,Action;Indie;RPG,35,11,7,0,0,0-20000,0.0,18,0.6111111111111112,11.0,2.4849066497880004,2.9444389791664403,0.0
562540,Cabals: Card Blitz,2017-02-08,1,Kyy Games,BISBOG SA,windows,0,Single-player;Online Multi-Player;Cross-Platform Multiplayer;In-App Purchases,Free to Play;Strategy,Free to Play;Strategy;Trading Card Game,0,36,34,0,0,20000-50000,0.0,70,0.5142857142857142,36.0,3.610917912644224,4.262679877041316,0.0
562840,Dragon Blood,2017-01-31,1,TeamTop Games,101XP,windows,0,Online Multi-Player;MMO;Steam Trading Cards;In-App Purchases,Action;Adventure;Free to Play;Massively Multiplayer;RPG,Free to Play;Massively Multiplayer;RPG,0,43,55,0,0,20000-50000,0.0,98,0.4387755102040816,43.0,3.784189633918261,4.59511985013459,0.0
563400,Ludu,2016-12-04,1,Léo-Games,Léo-Games,windows,0,Single-player;Partial Controller Support,Adventure;Free to Play;Indie,Free to Play;Adventure;Indie,0,42,12,0,0,0-20000,0.0,54,0.7777777777777778,42.0,3.7612001156935615,4.007333185232471,0.0
563430,Void Pyramid,2016-12-05,1,A. Hagen,A. Hagen,windows,0,Single-player,RPG,RPG;Pixel Graphics;Sci-fi,0,91,3,0,0,0-20000,0.0,94,0.9680851063829788,91.0,4.5217885770490405,4.553876891600541,0.0
563470,Reaping Rewards,2017-06-09,1,Limitless Ltd,Limitless Ltd,windows,0,Single-player,Adventure,Adventure;VR,0,34,21,0,0,20000-50000,0.0,55,0.6181818181818182,34.0,3.555348061489413,4.02535169073515,0.0
563560,Alien Swarm: Reactive Drop,2017-04-20,1,Reactive Drop Team,Reactive Drop Team,windows,0,Single-player;Multi-player;Online Multi-Player;Co-op;Online Co-op;Steam Achievements;Captions available;Steam Workshop;Partial Controller Support;Steam Cloud;Stats;Steam Leaderboards;Includes level editor;Includes Source SDK,Action;Free to Play,Free to Play;Co-op;Multiplayer,143,7629,527,117,99,2000000-5000000,0.0,8156,0.9353849926434528,7629.0,8.939843124278502,9.00663173330058,4.770684624465665
564010,Stern Pinball Arcade,2016-12-23,1,"FarSight Studios, Inc.","FarSight Studios, Inc.",windows,0,Single-player;Steam Achievements;Partial Controller Support;Steam Cloud,Casual;Simulation,Casual;Simulation;Pinball,33,64,123,0,0,0-20000,0.0,187,0.3422459893048128,63.99999999999999,4.174387269895637,5.236441962829949,0.0
564080,Metagalactic Blitz,2017-11-16,1,Pixelvex LLC,Pixelvex LLC,windows,0,Online Multi-Player;Local Multi-Player;Shared/Split Screen;Steam Achievements;Full controller support;Steam Trading Cards;Steam Cloud,Action;Indie,Indie;Action;Multiplayer,44,16,1,285,285,0-20000,0.0,17,0.9411764705882352,16.0,2.833213344056216,2.8903717578961645,5.655991810819852
564330,In Your Face TD,2017-03-22,1,BitBreak I/S,BitBreak I/S,windows,0,Single-player;Steam Cloud,Action;Strategy,Strategy;Action;Tower Defense,0,79,1,0,0,0-20000,0.0,80,0.9875,79.0,4.382026634673881,4.394449154672439,0.0
564710,Soda Dungeon,2017-02-06,1,AN Productions;Poxpower,Armor Games Studios,windows,0,Single-player;Steam Achievements;Steam Trading Cards;In-App Purchases;Steam Cloud,Casual;Free to Play;RPG,Free to Play;RPG;Pixel Graphics,24,3624,240,751,619,500000-1000000,0.0,3864,0.937888198757764,3624.0,8.195609567288775,8.259716961021523,6.62273632394984
565020,Global Adventures,2017-12-29,1,PixelSoft,SubaGames,windows,0,Online Multi-Player;MMO;Steam Trading Cards;In-App Purchases,Action;Adventure;Free to Play;Massively Multiplayer;RPG,Free to Play;Massively Multiplayer;RPG,0,65,104,0,0,20000-50000,0.0,169,0.3846153846153846,65.0,4.189654742026425,5.135798437050262,0.0
565030,Blueshift,2016-12-21,1,Zach Tsiakalis-Brown;Raul Bravo,Zulubo Productions,windows,0,Single-player,Casual;Free to Play;Indie;Racing;Simulation;Early Access,Early Access;Free to Play;Simulation,0,139,30,10,10,50000-100000,0.0,169,0.8224852071005917,139.0,4.941642422609304,5.135798437050262,2.3978952727983707
565110,Mobile Astro,2016-12-15,1,Raxasoft Games,Raxasoft Games,windows,0,Single-player;Steam Achievements;Steam Trading Cards;Partial Controller Support;Steam Leaderboards,Action;Indie,Action;Indie;Retro,4,17,1,0,0,20000-50000,0.0,18,0.9444444444444444,17.0,2.8903717578961645,2.9444389791664403,0.0
565640,Colorful Life,2017-07-17,1,Oneironaut Academy LLC,Oneironaut Academy LLC,windows,0,Co-op;Online Co-op;Local Co-op;Shared/Split Screen;Steam Achievements;Full controller support;Steam Trading Cards;Steam Workshop;Steam Cloud;Includes level editor,Casual;Indie,Indie;Casual,15,5,9,0,0,0-20000,0.0,14,0.3571428571428571,5.0,1.791759469228055,2.70805020110221,0.0
565730,Sanctuary VR (Also contains non-VR version),2016-12-18,1,Newgrange Game,Newgrange Games,windows,0,Single-player;Partial Controller Support,Adventure;Free to Play;Indie;Early Access,Early Access;Adventure;Free to Play,0,7,4,24,24,0-20000,0.0,11,0.6363636363636364,7.0,2.079441541679836,2.4849066497880004,3.218875824868201
566130,Witly - language tutoring in VR,2017-04-01,1,Edulus software,Edulus software,windows,0,In-App Purchases,Education,Education,0,5,4,0,0,0-20000,0.0,9,0.5555555555555556,5.0,1.791759469228055,2.302585092994046,0.0
566150,Bowling at the Lake,2016-12-08,1,WhirlVFX,WhirlVFX,windows,0,Single-player,Casual;Indie;Sports,Indie;Casual;Sports,0,9,7,0,0,0-20000,0.0,16,0.5625,9.0,2.302585092994046,2.833213344056216,0.0
566410,Once upon a time,2017-09-24,1,Bruno MARTIOL,Bruno MARTIOL,windows,0,Single-player;Steam Achievements;Partial Controller Support;Stats,Adventure;Casual;Indie,Adventure;Indie;Casual,3,5,10,0,0,0-20000,0.0,15,0.3333333333333333,5.0,1.791759469228055,2.772588722239781,0.0
566910,Zombie Vikings: Stab-a-thon,2016-12-22,1,Zoink Games,Zoink Games,windows,0,Single-player;Local Multi-Player;Co-op;Local Co-op;Shared/Split Screen;Full controller support;Captions available;Steam Cloud,Action;Free to Play;Indie,Free to Play;Action;Indie,0,29,14,0,0,20000-50000,0.0,43,0.6744186046511628,29.0,3.4011973816621555,3.784189633918261,0.0
568300,The Sibling Experiment,2018-05-25,1,Godline,Visual Wordplay,windows;mac;linux,0,Single-player;Steam Achievements,Indie;Simulation,Indie;Simulation;Visual Novel,8,15,6,0,0,0-20000,0.0,21,0.7142857142857143,15.0,2.772588722239781,3.091042453358316,0.0
568690,Smash Party VR,2016-12-18,1,Viacom NEXT,Viacom NEXT,windows,0,Single-player,Action;Casual;Indie;Early Access,Early Access;Action;Indie,0,34,3,0,0,0-20000,0.0,37,0.918918918918919,34.0,3.555348061489413,3.6375861597263857,0.0
568770,Cinderella Phenomenon - Otome/Visual Novel,2017-04-05,1,Dicesuki,Dicesuki,windows;mac;linux,0,Single-player;Steam Achievements,Free to Play;Indie;Simulation,Free to Play;Visual Novel;Otome,14,2128,68,1624,1624,100000-200000,0.0,2196,0.9690346083788708,2128.0,7.663407664893479,7.69484807238461,7.393263094763838
569370,Bitdude,2017-05-16,1,Will Mearns,Wicked Manatee Games,windows,0,Single-player;Partial Controller Support,Casual;Free to Play;Indie,Free to Play;Casual;Indie,0,8,2,0,0,20000-50000,0.0,10,0.8,8.0,2.19722457733622,2.3978952727983707,0.0
569720,TUNNEL DIVERS,2018-07-06,1,Spasman Games,Spasman Games,windows,0,Single-player;Multi-player;Online Multi-Player;Co-op;Online Co-op;Steam Achievements;Full controller support;Steam Workshop;Stats;Steam Leaderboards,Action;Free to Play;Indie,Free to Play;Indie;Action,20,98,8,10,10,20000-50000,0.0,106,0.9245283018867924,98.0,4.59511985013459,4.672828834461906,2.3978952727983707
570840,家有大貓 Nekojishi,2017-11-12,1,Team Nekojishi,Orange Juice Dog,windows;mac;linux,0,Single-player;Steam Achievements,Free to Play,Free to Play;Visual Novel;Sexual Content,24,2512,165,351,351,200000-500000,0.0,2677,0.9383638401195368,2512.0,7.829232537543592,7.892825526251117,5.863631175598097
571350,DED,2017-03-03,1,L. Stotch;Vladimir Soldatov,L. Stotch;Vladimir Soldatov,windows;linux,0,Single-player;Steam Achievements;Full controller support;Steam Cloud,Action;Free to Play;Indie,Free to Play;Action;Indie,10,337,79,0,0,50000-100000,0.0,416,0.8100961538461539,337.0,5.823045895483019,6.0330862217988015,0.0
571500,Magic Hour,2016-12-20,1,Wolf In Motion Ltd,Wolf In Motion Ltd,windows,0,Single-player,Adventure;Simulation;Early Access,Early Access;Adventure;Simulation,0,4,0,0,0,0-20000,0.0,4,1.0,4.0,1.6094379124341005,1.6094379124341005,0.0
572000,President Erect VR,2016-12-20,1,Ape Man Robot,Lines Media Corp.,windows,0,Single-player;Steam Achievements;Steam Leaderboards,Sexual Content;Casual;Free to Play;Indie,Free to Play;Sexual Content;Casual,2,56,19,0,0,20000-50000,0.0,75,0.7466666666666667,56.0,4.04305126783455,4.330733340286331,0.0
572520,Dropzone,2017-02-15,1,Sparkypants Studios LLC,Sparkypants Studios LLC,windows,0,Single-player;Multi-player;Online Multi-Player;Co-op;Online Co-op;Steam Achievements;Steam Trading Cards;In-App Purchases,Action;Free to Play;Strategy;Early Access,Early Access;Strategy;Free to Play,13,557,243,387,393,200000-500000,0.0,800,0.69625,557.0,6.324358962381311,6.68586094706836,5.961005339623274
572660,Nick,2017-12-01,1,Firstborn Games,Firstborn Games,windows,0,Single-player;Steam Achievements;Steam Trading Cards,Action;Free to Play;Indie;Strategy,Free to Play;Indie;Strategy,1,40,11,0,0,50000-100000,0.0,51,0.7843137254901961,40.0,3.713572066704308,3.951243718581428,0.0
573530,Isolation,2017-01-30,1,Interactive Gaming Studios,Interactive Gaming Studios,windows,0,Single-player,Adventure;Indie,Adventure;Indie;Horror,0,11,12,0,0,0-20000,0.0,23,0.4782608695652174,11.0,2.4849066497880004,3.1780538303479458,0.0
573770,RED,2017-01-14,1,storyk21674;STILILA;貓蛋, Ｌｅｍｏｎ　Ｂａｌｍ,windows,0,Single-player,Action;Adventure;Free to Play;RPG,Free to Play;Action;Adventure,0,230,12,33,33,20000-50000,0.0,242,0.950413223140496,230.0,5.442417710521793,5.493061443340548,3.5263605246161616
573800,Natari at the Bubble Planet,2017-12-13,1,Caliburn Studio,Caliburn Studio,windows,0,Single-player;Steam Achievements,Adventure;Free to Play;Indie;RPG,Free to Play;Adventure;Indie,0,33,10,0,0,0-20000,0.0,43,0.7674418604651163,33.0,3.5263605246161616,3.784189633918261,0.0
574070,Space Wars: Interstellar Empires,2017-12-08,1,Desert Owl Games LLC,ToHeroes Game Studios LLC,windows;mac,0,Online Multi-Player;MMO;Online Co-op;Cross-Platform Multiplayer;Steam Achievements;Steam Trading Cards;In-App Purchases,Free to Play;Massively Multiplayer;Strategy;Early Access,Early Access;Free to Play;Massively Multiplayer,51,116,61,0,0,50000-100000,0.0,177,0.655367231638418,116.0,4.762173934797756,5.181783550292085,0.0
574440,Ripple Effect,2017-05-31,1,"Well Played Studio, Inc","Well Played Studio, Inc",windows,0,Single-player;Online Multi-Player;Steam Achievements;Steam Cloud;Steam Leaderboards,Action;Adventure;Casual;Free to Play;Indie;Simulation;Strategy,Free to Play;VR;Action,6,35,18,0,0,50000-100000,0.0,53,0.660377358490566,35.0,3.58351893845611,3.9889840465642745,0.0
574740,Fausts Alptraum,2017-04-08,1,LaboRatStudio,LaboRatStudio,windows,0,Single-player,Adventure;Free to Play;Indie,Free to Play;RPGMaker;Indie,0,441,39,0,0,50000-100000,0.0,480,0.91875,441.0,6.091309882077698,6.175867270105761,0.0
574780,Naughty Or Nice,2016-12-28,1,VR Junkies,VR Junkies,windows,0,Single-player,Casual,Casual;VR,0,4,0,0,0,20000-50000,0.0,4,1.0,4.0,1.6094379124341005,1.6094379124341005,0.0
575720,Mighty Party,2017-03-30,1,Panoramik Inc,Panoramik Inc,windows,0,Single-player;Multi-player;MMO;Cross-Platform Multiplayer;Steam Achievements;Steam Trading Cards;In-App Purchases,Action;Adventure;Free to Play;Massively Multiplayer;RPG;Strategy,Free to Play;Card Game;RPG,29,832,486,196,196,100000-200000,0.0,1318,0.6312594840667678,832.0,6.725033642166843,7.1846291527173145,5.2832037287379885
576650,Fovos VR,2019-03-12,1,OnSkull Games,OnSkull Games,windows,0,Single-player,Action;Free to Play,Free to Play;Action;Horror,0,48,16,0,0,20000-50000,0.0,64,0.75,48.0,3.8918202981106265,4.174387269895637,0.0
576840,RAYGUN COMMANDO VR,2017-01-23,1,Chun Y.,Chun Y.,windows,0,Single-player;Steam Achievements,Casual;Free to Play;Indie,Free to Play;Indie;Casual,6,55,7,0,0,20000-50000,0.0,62,0.8870967741935484,55.0,4.02535169073515,4.143134726391533,0.0
576860,Summer Nightmare,2017-12-06,1,Team Summer Nightmare,Elkibe Games,windows;mac;linux,0,Single-player;Steam Achievements,Gore;Adventure;Casual;Free to Play;Indie,Free to Play;Anime;Horror,5,195,181,0,0,50000-100000,0.0,376,0.5186170212765957,195.0,5.278114659230517,5.932245187448011,0.0
576940,Hunt For Gods,2017-11-15,1,StarworkGC,StarworkGC,windows,0,Single-player;Online Multi-Player;Online Co-op;In-App Purchases;Partial Controller Support;Steam Cloud;Steam Leaderboards,Action;Free to Play;Strategy;Early Access,Early Access;Strategy;Action,0,59,30,0,0,50000-100000,0.0,89,0.6629213483146067,58.99999999999999,4.0943445622221,4.499809670330265,0.0
577210,Q.U.I.R.K.™,2017-03-29,1,uGen Inc.,uGen Inc. ,windows;mac,0,Single-player;Multi-player;Online Multi-Player;Co-op;Online Co-op;Cross-Platform Multiplayer;Steam Achievements;Stats;Steam Leaderboards;Includes level editor,Action;Casual;Indie;Massively Multiplayer;Sports;Early Access,Early Access;Action;Indie,46,25,10,0,0,0-20000,0.0,35,0.7142857142857143,25.0,3.258096538021482,3.58351893845611,0.0
577390,MAKE IT as an Artist,2017-03-09,1,Deathink,Deathink,windows,0,Single-player,Free to Play;Simulation,Free to Play;Simulation;Pixel Graphics,0,73,16,0,0,0-20000,0.0,89,0.8202247191011236,73.0,4.30406509320417,4.499809670330265,0.0
578310,BRAIN / OUT,2017-02-24,1,Desertkun,Desertkun,windows;mac;linux,0,Online Multi-Player;Cross-Platform Multiplayer;Steam Achievements;Steam Trading Cards;In-App Purchases;Partial Controller Support;Includes level editor,Action;Free to Play;Indie;Massively Multiplayer,Free to Play;Multiplayer;Shooter,84,8343,2112,1433,77,1000000-2000000,0.0,10455,0.7979913916786227,8343.0,9.029297996680608,9.254931255304058,7.268223021159565
578470,Break Time!,2017-02-08,1,Space Toast Games,Space Toast Games,windows,0,Single-player;Steam Achievements;Steam Leaderboards,Action;Casual;Indie;Simulation,Action;Indie;Casual,10,17,7,0,0,0-20000,0.0,24,0.7083333333333334,17.0,2.8903717578961645,3.218875824868201,0.0
579040,DEFCON VR,2017-02-15,1,Introversion Software,Introversion Software,windows,0,Single-player;Multi-player;Online Multi-Player,Indie;Strategy,Strategy;Indie;VR,0,4,6,0,0,0-20000,0.0,10,0.4,4.0,1.6094379124341005,2.3978952727983707,0.0
579050,VRSailing by BeTomorrow,2017-01-12,1,BeTomorrow,BeTomorrow,windows,0,Single-player,Indie;Simulation;Sports,Simulation;Sports;Indie,0,50,6,0,0,20000-50000,0.0,56,0.8928571428571429,50.0,3.9318256327243257,4.04305126783455,0.0
579080,Snow Games VR,2017-02-01,1,Kenziko Ltd.,Kenziko Ltd.,windows,0,Single-player,Action,Action;VR,7,4,6,0,0,0-20000,0.0,10,0.4,4.0,1.6094379124341005,2.3978952727983707,0.0
580410,Destination: Pluto The VR Experience,2017-01-20,1,SkyWorks Digital;Home Run Pictures,CuriosityStream,windows,0,Single-player,Casual;Free to Play;Simulation,Free to Play;Simulation;Casual,0,15,12,0,0,0-20000,0.0,27,0.5555555555555556,15.0,2.772588722239781,3.332204510175204,0.0
580630,Dimensional Rift,2017-02-08,1,Team Seven,Team Seven,windows,0,Single-player;Steam Leaderboards,Free to Play;Indie,Free to Play;Indie;VR,0,27,1,0,0,0-20000,0.0,28,0.9642857142857144,27.0,3.332204510175204,3.367295829986474,0.0
581120,Griptape Backbone,2017-05-05,1,StevenHarmonGames,StevenHarmonGames,windows;mac;linux,0,Single-player,Indie,Indie;Great Soundtrack;Atmospheric,0,350,29,0,0,0-20000,0.0,379,0.9234828496042216,350.0,5.860786223465865,5.940171252720432,0.0
581130,Metal Waltz: Anime tank girls,2017-05-02,0,"Shanghai JingCai Computer Software Development Co., Ltd","Shanghai JingCai Computer Software Development Co., Ltd",windows,0,Online Multi-Player;Steam Achievements;Steam Trading Cards;In-App Purchases,Adventure;RPG;Simulation;Strategy,Anime;RPG;Nudity,84,814,225,0,0,100000-200000,0.0,1039,0.7834456207892204,814.0,6.703188113240863,6.946975992135418,0.0
581650,Once Upon an All Hallow's Eve,2017-01-18,1,Ran,Visual Wordplay,windows;mac;linux,0,Single-player;Steam Achievements,Simulation,Simulation;Visual Novel;Otome,4,84,23,0,0,0-20000,0.0,107,0.7850467289719626,84.0,4.442651256490317,4.68213122712422,0.0
581910,Iron Armada,2017-12-29,1,Drakeling Labs,Drakeling Labs,windows,0,Single-player;Multi-player;Online Multi-Player,Action;Casual;Strategy;Early Access,Early Access;Strategy;Casual,0,86,11,0,0,0-20000,0.0,97,0.8865979381443299,86.0,4.465908118654584,4.584967478670572,0.0
582030,Oblivion Tesseract VR,2017-04-19,1,Epotech,Epotech,windows,0,Single-player,Action;Indie;RPG;Strategy,Strategy;Action;Indie,0,7,2,0,0,0-20000,0.0,9,0.7777777777777778,7.0,2.079441541679836,2.302585092994046,0.0
582500,We Were Here,2017-02-03,1,Total Mayhem Games,Total Mayhem Games,windows;mac;linux,0,Multi-player;Online Multi-Player;Co-op;Online Co-op;Cross-Platform Multiplayer;Steam Achievements;Partial Controller Support;Steam Cloud,Action;Adventure;Free to Play,Free to Play;Puzzle;Co-op,26,8538,701,115,123,1000000-2000000,0.0,9239,0.9241259876610024,8538.0,9.052399183907609,9.131297164635727,4.7535901911063645
582830,SYNCH,2017-04-10,1,Travis Forkner;Will Nations;Hailee Ammons,Baylor University Game Studios,windows,0,Single-player,Casual;Free to Play;Indie;Strategy,Free to Play;Strategy;Indie,0,35,6,0,0,0-20000,0.0,41,0.8536585365853658,35.0,3.58351893845611,3.737669618283368,0.0
582890,Estranged: Act II,2017-03-17,1,Alan Edwardes,Alan Edwardes,windows;linux,0,Single-player;Full controller support,Action;Adventure;Casual;Indie;Early Access,Early Access;Adventure;Indie,3,526,124,191,191,500000-1000000,0.0,650,0.8092307692307692,526.0,6.267200548541362,6.478509642208569,5.2574953720277815
583740,AVATARIKA,2017-04-11,1,Nikita Online,Nikita Online,windows,0,Multi-player;Online Multi-Player;In-App Purchases,Free to Play;Massively Multiplayer;Simulation,Free to Play;Massively Multiplayer;Simulation,0,60,85,0,0,20000-50000,0.0,145,0.4137931034482758,60.0,4.110873864173311,4.983606621708336,0.0
584170,Freedom Locomotion VR,2017-03-13,1,Huge Robot,Huge Robot,windows,0,Single-player,Casual;Free to Play;Indie,Free to Play;Indie;Casual,0,157,18,29,29,50000-100000,0.0,175,0.8971428571428571,157.0,5.062595033026967,5.170483995038151,3.4011973816621555
584850,Power Solitaire VR,2017-06-07,1,Parkerhill Reality Labs,Parkerhill Reality Labs,windows,0,Single-player;Multi-player;Online Multi-Player;Cross-Platform Multiplayer,Casual;Free to Play;Indie,Free to Play;Casual;Indie,0,17,1,0,0,0-20000,0.0,18,0.9444444444444444,17.0,2.8903717578961645,2.9444389791664403,0.0
584880,Pixel Sand,2017-04-20,1,Kongroth,Kongroth,windows,0,Single-player;Multi-player;Online Multi-Player;Partial Controller Support;Includes level editor,Adventure;Casual;Simulation,Casual;Adventure;Simulation,0,24,3,0,0,0-20000,0.0,27,0.8888888888888888,24.0,3.218875824868201,3.332204510175204,0.0
585270,HeapVR,2017-02-27,1,Richard Fox - Development;John Gibbons - Development;Jonathan Haggard - Design;Joe Cantasano - Sound/Audio,Propeller Labs,windows,0,Single-player,Casual;Free to Play;Strategy,Free to Play;Strategy;Casual,0,5,3,0,0,0-20000,0.0,8,0.625,5.0,1.791759469228055,2.19722457733622,0.0
585340,SYMMETRY alpha,2017-02-12,1,DVERSE Inc.,DVERSE Inc.,windows,0,Single-player,Free to Play;Design & Illustration,Free to Play;Design & Illustration;VR,0,22,0,0,0,0-20000,0.0,22,1.0,22.0,3.1354942159291497,3.1354942159291497,0.0
585630,Switchblade,2018-08-28,1,Lucid Games Ltd,Lucid Publishing Ltd,windows,0,Multi-player;Online Multi-Player;Steam Achievements;Full controller support;In-App Purchases,Action;Free to Play;Early Access,Early Access;Action;Free to Play,32,97,53,0,0,50000-100000,0.0,150,0.6466666666666666,97.0,4.584967478670571,5.017279836814924,0.0
585880,Once on a windswept night,2017-02-06,1,ebi-hime,ebi-hime,windows;mac;linux,0,Single-player;Steam Achievements,Casual;Free to Play;Indie,Free to Play;Indie;Casual,50,103,13,1,1,20000-50000,0.0,116,0.8879310344827587,103.0,4.6443908991413725,4.762173934797756,0.6931471805599453
585990,Echoes of the Fey Episode 0: The Immolation,2017-02-07,1,Woodsy Studio,Woodsy Studio,windows,0,Single-player;Steam Achievements;Steam Trading Cards;Captions available;Partial Controller Support,Adventure;Free to Play;Indie,Free to Play;Adventure;Indie,11,31,10,0,0,20000-50000,0.0,41,0.7560975609756098,31.0,3.4657359027997265,3.737669618283368,0.0
586030,Shardbound,2017-04-06,1,Spiritwalk Games,Spiritwalk Games,windows,0,Online Multi-Player;Steam Achievements;In-App Purchases,Free to Play;Strategy;Early Access,Early Access;Free to Play;Strategy,35,799,257,42,53,200000-500000,0.0,1056,0.7566287878787878,799.0,6.684611727667927,6.963189985870238,3.7612001156935615
586110,Sansar,2018-12-05,1,Linden Lab,Linden Lab,windows,0,Single-player;Multi-player;Online Multi-Player;MMO;Co-op;Online Co-op;In-App Purchases,Casual;Free to Play;Massively Multiplayer;Early Access,Early Access;Free to Play;Massively Multiplayer,0,98,61,0,0,20000-50000,0.0,159,0.6163522012578616,98.0,4.59511985013459,5.075173815233827,0.0
586980,MadOut2 BigCityOnline,2017-02-21,1,MadOut Games,MadOut Games,windows;mac;linux,0,Single-player;Multi-player;Online Multi-Player;In-App Purchases;Partial Controller Support,Action;Indie;Racing;Simulation;Sports,Indie;Action;Racing,0,367,180,204,215,50000-100000,0.0,547,0.6709323583180987,367.0,5.908082938168931,6.306275286948016,5.3230099791384085
587290,The Thing With Mistletoes,2017-02-10,1,Ran,Visual Wordplay,windows;mac;linux,0,Single-player;Steam Achievements,Simulation,Simulation;Visual Novel;Otome,5,36,16,25,25,0-20000,0.0,52,0.6923076923076923,36.0,3.610917912644224,3.970291913552122,3.258096538021482
587540,Deliverace,2018-10-19,1,Skyjaz Games,Skyjaz Games,windows,0,Multi-player;Online Multi-Player;Cross-Platform Multiplayer;Full controller support;Steam Trading Cards;In-App Purchases,Casual;Free to Play;Indie;Racing;Early Access,Early Access;Casual;Racing,6,20,15,0,0,0-20000,0.0,35,0.5714285714285714,20.0,3.044522437723423,3.58351893845611,0.0
587570,Elsewhere High: Chapter 1 - A Visual Novel,2017-03-31,1,Horizon Studio,Horizon Studio,windows;mac,0,Single-player;Steam Achievements;Steam Trading Cards;Captions available,Adventure;Free to Play,Free to Play;Adventure;Visual Novel,11,37,17,0,0,20000-50000,0.0,54,0.6851851851851852,37.0,3.6375861597263857,4.007333185232471,0.0
587840,In the Darkness of the Sea,2017-02-01,1,Olivier LeClair,Olivier LeClair,windows,0,Single-player,Adventure;Indie,Indie;Adventure;2D,0,44,14,0,0,0-20000,0.0,58,0.7586206896551724,44.0,3.80666248977032,4.07753744390572,0.0
587860,Tales of Escape,2017-03-15,1,OnSkull Games,OnSkull Games,windows,0,Single-player;Multi-player;Online Multi-Player;Co-op;Online Co-op;Cross-Platform Multiplayer;Steam Achievements;Full controller support,Adventure;Casual;Free to Play;Indie,Puzzle;Co-op;Free to Play,14,374,127,55,55,100000-200000,0.0,501,0.7465069860279441,374.0,5.926926025970411,6.218600119691729,4.02535169073515
588120,Capsa,2017-10-23,1,db.works;Vetron,Vetron,windows,0,Single-player;Multi-player;Online Multi-Player;Local Multi-Player;Steam Achievements;Full controller support;Steam Cloud;Stats;Steam Leaderboards,Casual;Indie;Massively Multiplayer;Simulation;Early Access,Early Access;Open World;Simulation,727,67,50,0,0,0-20000,0.0,117,0.5726495726495726,67.0,4.219507705176107,4.770684624465665,0.0
588180,Totemori,2017-02-10,1,Schrolab,Mito Studio,windows;mac;linux,0,Single-player;Local Multi-Player;Local Co-op;Shared/Split Screen;Steam Achievements;Full controller support,Casual;Free to Play;Indie,Free to Play;Casual;Indie,17,217,34,47,47,50000-100000,0.0,251,0.8645418326693227,217.0,5.384495062789089,5.529429087511423,3.871201010907891
588290,Goalie Challenge VR,2017-02-04,1,Josh Beatty;Mike Casto,Anchor Reality,windows,0,Single-player,Free to Play;Simulation;Sports,Free to Play;Simulation;Sports,0,66,4,0,0,0-20000,0.0,70,0.9428571428571428,66.0,4.204692619390966,4.262679877041316,0.0
588430,Fallout Shelter,2017-03-29,1,Bethesda Game Studios,Bethesda Softworks,windows,0,Single-player;Steam Achievements;Full controller support;In-App Purchases;Steam Cloud;Stats,Free to Play;RPG;Simulation,Free to Play;Survival;Base-Building,35,21481,3569,1116,93,2000000-5000000,0.0,25050,0.8575249500998005,21481.0,9.974970654157993,10.128669025875904,7.018401799069201
588890,Heroes of Arca,2017-02-16,1,IMPIRESOFT,IMPIRESOFT,windows;mac;linux,0,Single-player;Steam Achievements;Steam Trading Cards,Indie;RPG;Strategy,Strategy;RPG;Indie,20,40,18,0,0,0-20000,0.0,58,0.6896551724137931,40.0,3.713572066704308,4.07753744390572,0.0
589160,Zombie Apocalypse,2017-02-15,1,GameTop.com,GameTop.com,windows,0,Single-player,Action,Action;Zombies;Multiplayer,0,27,17,10,10,0-20000,0.0,44,0.6136363636363636,27.0,3.332204510175204,3.80666248977032,2.3978952727983707
589240,Jaguar I-PACE Concept | Virtual Reality Experience,2017-11-13,1,Jaguar Land Rover Limited,Jaguar Land Rover Limited,windows,0,Single-player,Casual;Free to Play;Simulation,Free to Play;Simulation;Casual,0,5,9,0,0,0-20000,0.0,14,0.3571428571428571,5.0,1.791759469228055,2.70805020110221,0.0
589460,Covert Syndrome,2017-04-21,1,Offworld Industries,Offworld Industries,windows,0,Single-player;Co-op;Online Co-op;Local Co-op;Steam Achievements;Stats;Steam Leaderboards,Violent;Action;Casual;Free to Play;Indie,Free to Play;Action;Violent,11,81,30,0,0,20000-50000,0.0,111,0.7297297297297297,81.0,4.406719247264253,4.718498871295094,0.0
589620,It Lurks in the Woods,2017-02-08,1,Olivier LeClair,Olivier LeClair,windows,0,Single-player,Gore;Adventure;Indie,Indie;Adventure;Gore,0,35,16,0,0,0-20000,0.0,51,0.6862745098039216,35.0,3.58351893845611,3.951243718581428,0.0
589870,Learn to Fly 3,2017-05-12,1,Light Bringer Games inc.,Light Bringer Games inc.,windows,0,Single-player;Steam Achievements;Steam Trading Cards;In-App Purchases;Steam Cloud;Stats,Action;Casual;Free to Play;Indie;Simulation;Strategy,Free to Play;Casual;Indie,40,1921,270,207,270,500000-1000000,0.0,2191,0.8767685988133272,1921.0,7.561121589530238,7.692569648067906,5.337538079701318
590280,Canvas The Gallery,2017-02-16,1,CoughE,CoughE,windows,0,Single-player;Steam Cloud,Casual;Free to Play;Indie;Simulation,Free to Play;Casual;Indie,0,186,13,0,0,20000-50000,0.0,199,0.9346733668341708,186.0,5.231108616854587,5.298317366548036,0.0
590430,BeefeaterXO,2017-02-14,1,Future Lighthouse,Future Lighthouse,windows,0,Single-player,Nudity;Adventure,Adventure;Nudity;VR,0,8,5,0,0,0-20000,0.0,13,0.6153846153846154,8.0,2.19722457733622,2.6390573296152584,0.0
590440,Carlos III y la difusión de la antigüedad,2017-03-13,0,Future Lighthouse,Future Lighthouse,windows,0,Single-player,Adventure,Adventure,0,4,1,0,0,50000-100000,0.0,5,0.8,4.0,1.6094379124341005,1.791759469228055,0.0
590770,Vectonic,2017-02-14,1,@YearOfTheBob,@YearOfTheBob,windows;mac,0,Multi-player;Local Multi-Player;Shared/Split Screen;Full controller support;Steam Trading Cards,Action;Indie,Action;Indie,0,5,2,0,0,0-20000,0.0,7,0.7142857142857143,5.0,1.791759469228055,2.079441541679836,0.0
590910,炎黄战纪之三国烽烟,2018-01-31,0,上海班图网络科技有限公司,上海班图网络科技有限公司,windows,0,Online Multi-Player;Steam Achievements;Steam Trading Cards;In-App Purchases;Stats,Free to Play;Indie;Strategy,Free to Play;Strategy;Indie,35,181,84,0,0,50000-100000,0.0,265,0.6830188679245283,181.0,5.204006687076795,5.583496308781699,0.0
591360,Dreams of Dali,2018-02-18,1,Half Full Nelson;Goodby Silverstein and Partners,"Salvador Dali Museum, Inc",windows,0,Single-player,Casual;Free to Play;Simulation,Free to Play;Casual;Simulation,0,62,13,0,0,50000-100000,0.0,75,0.8266666666666667,62.0,4.143134726391533,4.330733340286331,0.0
591680,Taphouse VR,2018-09-27,1,Catland,Catland,windows,0,Single-player;Steam Achievements;Steam Trading Cards;Steam Leaderboards,Indie;Simulation,Simulation;Indie;VR,16,99,5,0,0,20000-50000,0.0,104,0.9519230769230768,99.0,4.605170185988092,4.653960350157523,0.0
591740,Sniper Fury,2017-06-13,1,Gameloft,Gameloft,windows,16,Single-player;Steam Achievements;Steam Trading Cards;In-App Purchases;Partial Controller Support;Stats,Action;Free to Play,Free to Play;Action;Shooter,175,689,984,144,149,500000-1000000,0.0,1673,0.4118350268977884,689.0,6.536691597591305,7.422971251049421,4.976733742420574
591960,Animation Throwdown: The Quest for Cards,2017-05-05,1,Synapse Games;Chinzilla,Kongregate,windows;mac,0,Single-player;Online Multi-Player;Cross-Platform Multiplayer;Steam Achievements;Steam Trading Cards;In-App Purchases,Adventure;Free to Play;RPG;Strategy,Free to Play;Card Game;Strategy,19,1112,476,31,47,200000-500000,0.0,1588,0.7002518891687658,1112.0,7.014814351275545,7.370860166536716,3.4657359027997265
592780,Bang Bang Car,2017-04-18,1,Galaxy Game Studio,Galaxy Game Studio,windows,0,Single-player;Multi-player;Steam Achievements,Casual;Indie;Racing;Sports;Early Access,Early Access;Indie;Casual,42,12,10,0,0,0-20000,0.0,22,0.5454545454545454,12.0,2.5649493574615367,3.1354942159291497,0.0
592890,Insidia,2018-02-27,1,Bad Seed,Bad Seed,windows;mac;linux,0,Online Multi-Player;Cross-Platform Multiplayer;Steam Trading Cards;In-App Purchases;Steam Cloud,Free to Play;Indie;Strategy,Free to Play;Strategy;Indie,0,157,70,3,3,50000-100000,0.0,227,0.6916299559471366,157.0,5.062595033026967,5.429345628954441,1.3862943611198906
593090,GIPHY Museum of GIF Art,2017-03-08,1,Planeta,GIPHY Arts,windows,0,VR Support,Design & Illustration,Design & Illustration;VR,0,17,1,0,0,0-20000,0.0,18,0.9444444444444444,17.0,2.8903717578961645,2.9444389791664403,0.0
593400,Float Gallery,2017-07-19,1,Float Gallery,Float Gallery,windows,0,Single-player,Casual;Free to Play;Simulation,Free to Play;Casual;Simulation,0,6,4,0,0,0-20000,0.0,10,0.6,6.0,1.9459101490553128,2.3978952727983707,0.0
593620,The Last Conflict,2017-09-01,1,Darker Emerald,EmmyGames,windows,0,Single-player;Online Multi-Player;Online Co-op,Violent;Gore;Action;Free to Play;Indie;Massively Multiplayer,Free to Play;Massively Multiplayer;Indie,0,108,56,16,24,20000-50000,0.0,164,0.6585365853658537,108.0,4.691347882229144,5.10594547390058,2.833213344056216
593670,Sponchies,2017-09-27,1,TrerPlay,TrerPlay,windows,0,Single-player;Steam Achievements;Full controller support;Steam Trading Cards,Action;Casual;Indie,Action;Indie;Casual,110,30,4,0,0,20000-50000,0.0,34,0.8823529411764706,30.0,3.4339872044851463,3.555348061489413,0.0
594300,Chasing Styx,2017-03-31,1,ForepawSoft,ForepawSoft,windows;mac;linux,0,Single-player;Local Multi-Player;Local Co-op;Shared/Split Screen;Full controller support,Action;Adventure;Free to Play;Indie,Free to Play;Action;Indie,7,48,12,3,3,0-20000,0.0,60,0.8,48.0,3.8918202981106265,4.110873864173311,1.3862943611198906
594310,Reflection of a Fallen Feather,2017-03-31,1,ForepawSoft,ForepawSoft,windows;mac;linux,0,Single-player;Full controller support,Adventure;Free to Play;Indie;RPG,Free to Play;Adventure;RPG,6,16,6,0,0,0-20000,0.0,22,0.7272727272727273,16.0,2.833213344056216,3.1354942159291497,0.0
594490,Deadly Hunter VR,2017-06-19,1,Leiting Interactive,Leiting Interactive,windows,0,Single-player;Multi-player;Co-op;Online Co-op;Cross-Platform Multiplayer;Steam Achievements;Steam Cloud;Stats;Steam Leaderboards,Action;Adventure;RPG;Simulation;Sports;Strategy,RPG;VR;Action,43,183,36,4,4,0-20000,0.0,219,0.8356164383561644,183.0,5.214935757608986,5.393627546352362,1.6094379124341005
596470,Cartesian,2017-02-17,1,Mark Radocy,Mark Radocy,windows,0,Single-player,Adventure;Free to Play;Indie,Free to Play;Adventure;Indie,0,30,1,0,0,0-20000,0.0,31,0.967741935483871,30.0,3.4339872044851463,3.4657359027997265,0.0
596650,Tap Adventure: Time Travel,2017-03-03,1,Avallon Alliance,Panoramik inc,windows;mac,0,Single-player;Steam Achievements;Steam Trading Cards;In-App Purchases,Adventure;Free to Play,Free to Play;Clicker;Fantasy,116,499,244,2860,4285,100000-200000,0.0,743,0.6716016150740243,499.00000000000006,6.214608098422191,6.612041034833092,7.95892649305011
596710,Kith - Tales from the Fractured Plateaus,2017-04-07,1,Screwy Lightbulb,Screwy Lightbulb,windows;linux,0,Single-player,Adventure;Casual;Free to Play;Indie,Adventure;Free to Play;Indie,0,32,9,0,0,0-20000,0.0,41,0.7804878048780488,32.0,3.49650756146648,3.737669618283368,0.0
596940,Hide and Seek,2017-08-31,1,Llama Software,Llama Software,windows,0,Multi-player;Online Multi-Player;Co-op;Online Co-op,Casual;Free to Play;Indie,Free to Play;Indie;Horror,0,99,193,9,14,100000-200000,0.0,292,0.339041095890411,99.0,4.605170185988092,5.680172609017068,2.302585092994046
598070,Nevrosa: Prelude,2017-02-23,1,GexagonVR,GexagonVR,windows,0,Single-player;Steam Achievements,Action;Adventure;Casual;Indie;Simulation,Adventure;Casual;Indie,4,157,15,0,0,50000-100000,0.0,172,0.9127906976744186,157.0,5.062595033026967,5.153291594497779,0.0
598170,Super,2017-09-29,1,Jeff Trier,Jeff Trier,windows,0,Single-player;Partial Controller Support,Violent;Action;Adventure;Casual;Free to Play;Indie;Early Access,Early Access;Violent;Action,0,16,10,0,0,0-20000,0.0,26,0.6153846153846154,16.0,2.833213344056216,3.295836866004329,0.0
598530,Naev,2017-07-17,1,Naev Team,Naev Team,windows;linux,0,Single-player,Action;Free to Play;Indie,Free to Play;Action;Indie,0,81,27,9,9,50000-100000,0.0,108,0.75,81.0,4.406719247264253,4.691347882229144,2.302585092994046
598680,Master of Magic Chess,2017-05-23,1,The Ninth Art,The Ninth Art,windows,0,Online Multi-Player;Steam Achievements,Massively Multiplayer;RPG;Strategy,Strategy;RPG;Massively Multiplayer,55,25,32,0,0,0-20000,0.0,57,0.4385964912280701,25.0,3.258096538021482,4.060443010546419,0.0
599060,Age of Heroes: Conquest,2017-04-17,1,5th Planet Games,5th Planet Games,windows;mac,0,Online Multi-Player;Steam Achievements;In-App Purchases,Free to Play;Massively Multiplayer;RPG,Free to Play;Massively Multiplayer;RPG,15,18,19,0,0,0-20000,0.0,37,0.4864864864864865,18.0,2.9444389791664403,3.6375861597263857,0.0
599390,Battle for Wesnoth,2018-05-01,1,The Battle for Wesnoth Project,Wesnoth Inc.,windows;mac;linux,0,Single-player;Multi-player;Online Multi-Player;Local Multi-Player;Cross-Platform Multiplayer;Steam Cloud;Includes level editor,Free to Play;Indie;Strategy,Free to Play;Strategy;Turn-Based Strategy,0,1119,84,82,85,200000-500000,0.0,1203,0.9301745635910224,1119.0,7.02108396428914,7.093404625868766,4.418840607796598
599630,Mountain Mind - Headbanger's VR,2017-03-07,1,Sons Of Earth Games;Ariganu,Sons of Earth Games,windows,0,Single-player;Steam Achievements;Full controller support;Steam Trading Cards,Indie,Indie;VR;Great Soundtrack,8,13,5,0,0,0-20000,0.0,18,0.7222222222222222,13.0,2.6390573296152584,2.9444389791664403,0.0
600120,Life Forge - Reborn ORPG,2018-11-26,1,Life Forge Team,Pixel Life,windows,0,Online Multi-Player,Casual;Free to Play;RPG,Free to Play;RPG;Casual,0,238,110,1,1,50000-100000,0.0,348,0.6839080459770115,238.0,5.476463551931511,5.855071922202427,0.6931471805599453
600140,Belko VR: An Escape Room Experiment,2017-03-02,1,Top Right Corner;Yarvo Productions;Paper Crane Games,Top Right Corner,windows,0,Single-player,Sexual Content;Violent;Gore;Action;Casual;Free to Play;Indie;Strategy,Free to Play;Strategy;Casual,0,417,64,0,0,100000-200000,0.0,481,0.8669438669438669,417.0,6.035481432524756,6.1779441140506,0.0
600410,HERO-E,2017-03-07,1,Osky Studios,Osky Studios,windows,0,Single-player;Online Multi-Player,Action;Free to Play;Indie,Free to Play;Action;Indie,15,21,8,0,0,0-20000,0.0,29,0.7241379310344828,21.0,3.091042453358316,3.4011973816621555,0.0
600750,Star Trek Timelines,2017-07-12,1,Disruptor Beam Inc.,Disruptor Beam Inc.,windows,0,Online Multi-Player;Steam Achievements;Steam Trading Cards;In-App Purchases;Steam Cloud,Adventure;Free to Play;RPG;Strategy,Free to Play;Strategy;Adventure,10,256,240,2473,2473,50000-100000,0.0,496,0.5161290322580645,256.0,5.54907608489522,6.208590026096629,7.813591552952433
601510,Yu-Gi-Oh! Duel Links,2017-11-16,1,Konami Digital Entertainment,Konami Digital Entertainment,windows,0,Single-player;Online Multi-Player;Cross-Platform Multiplayer;Steam Achievements;Steam Trading Cards;In-App Purchases,Free to Play;Strategy,Free to Play;Card Game;Anime,20,7969,2563,864,1115,1000000-2000000,0.0,10532,0.7566464109380935,7969.000000000001,8.98343977178426,9.26226846483654,6.762729506931879
601990,Perspectives: Aleppo-Helsinki,2017-11-15,1,Teatime Research Ltd.,Teatime Research Ltd.,windows,0,Single-player;Full controller support,Simulation,Simulation;VR;VR Only,0,7,8,0,0,0-20000,0.0,15,0.4666666666666667,7.0,2.079441541679836,2.772588722239781,0.0
602090,Janus VR,2017-03-31,1,"Janus VR, Inc.","Janus VR, Inc.",windows;linux,0,Single-player;Multi-player;Online Multi-Player;Cross-Platform Multiplayer;Partial Controller Support,Indie;Simulation;Web Publishing,Web Publishing;Simulation;Indie,0,35,22,0,0,20000-50000,0.0,57,0.6140350877192983,35.0,3.58351893845611,4.060443010546419,0.0
602140,The Uncertain: VR Experience,2017-04-25,1,ComonGames,ComonGames,windows,0,Single-player,Casual;Free to Play;Indie;Early Access,Early Access;Free to Play;Casual,0,16,6,0,0,0-20000,0.0,22,0.7272727272727273,16.0,2.833213344056216,3.1354942159291497,0.0
602630,Diorama Worlds,2017-06-13,1,Mixed Reality Worlds,Mixed Reality Worlds,windows,0,Single-player;Includes level editor,Casual;Indie;Simulation,Simulation;Indie;Casual,0,22,1,0,0,0-20000,0.0,23,0.9565217391304348,22.0,3.1354942159291497,3.1780538303479458,0.0
603140,Connected Hearts - Visual novel,2017-08-12,1,Eternal Night Studios,Stw Projects;Ziel Graywords,windows;mac;linux,0,Single-player;Steam Achievements,Casual;Free to Play;Indie;Simulation,Free to Play;Visual Novel;Indie,13,163,22,0,0,20000-50000,0.0,185,0.8810810810810811,163.0,5.099866427824199,5.225746673713202,0.0
603630,Rubber Ball VR,2017-03-09,1,Viraug,Viraug,windows,0,Single-player,Casual;Simulation;Sports;Early Access,Early Access;Casual;Simulation,0,21,6,0,0,0-20000,0.0,27,0.7777777777777778,21.0,3.091042453358316,3.332204510175204,0.0
603880,Sounds of Her Love,2017-03-09,1,ds-sans,DEVGRU-P,windows;mac;linux,0,Single-player,Adventure;Casual;Free to Play,Free to Play;Visual Novel;Anime,0,422,42,0,0,20000-50000,0.0,464,0.9094827586206896,422.0,6.0473721790462776,6.142037405587356,0.0
604500,Tank Force,2017-10-23,1,Extreme Developers,Extreme Developers,windows;mac;linux,0,Multi-player;Online Multi-Player;MMO;Cross-Platform Multiplayer;Steam Trading Cards,Action;Free to Play;Simulation,Free to Play;Action;Tanks,0,604,378,359,359,200000-500000,0.0,982,0.615071283095723,604.0,6.405228458030842,6.890609120147166,5.886104031450156
604950,RGBverse,2017-04-07,1,Kyvos Studios,Kyvos Studios,windows,0,Single-player;Partial Controller Support,Action;Casual;Free to Play;Indie,Free to Play;Action;Casual,19,12,12,0,0,0-20000,0.0,24,0.5,12.0,2.5649493574615367,3.218875824868201,0.0
605610,Dawn,2017-03-31,1,Brave Rabbit Games,SMU Guildhall,windows,0,Single-player;Steam Achievements;Full controller support,Adventure;Casual;Free to Play,Free to Play;Adventure;Casual,12,530,59,29,29,50000-100000,0.0,589,0.8998302207130731,530.0,6.274762021241939,6.380122536899765,3.4011973816621555
605850,Pinball Inside: A VR Arcade Game,2017-03-08,1,Reality Reflection,Reality Reflection,windows,0,Single-player;Partial Controller Support,Casual;Indie,Indie;Casual;VR,0,35,5,0,0,0-20000,0.0,40,0.875,35.0,3.58351893845611,3.713572066704308,0.0
606010,Weelco VR,2017-03-23,1,weelco_vr,weelco_vr,windows,0,Full controller support,Animation & Modeling;Utilities;Video Production,Utilities;Video Production;Animation & Modeling,0,2,2,0,0,0-20000,0.0,4,0.5,2.0,1.0986122886681098,1.6094379124341005,0.0
607200,Tanki X,2018-03-13,1,AlternativaPlatform,AlternativaPlatform Ltd.,windows;mac,0,Multi-player;Online Multi-Player;MMO;In-App Purchases,Action;Free to Play;Massively Multiplayer,Free to Play;Tanks;Action,0,1189,598,119,120,200000-500000,0.0,1787,0.6653609401231113,1189.0,7.081708586105575,7.488852955733459,4.787491742782046
607260,McOsu,2017-03-20,1,McKay,McKay,windows;mac;linux,0,Single-player,Indie,Indie;Rhythm;VR,0,1170,150,20,22,200000-500000,0.0,1320,0.8863636363636364,1170.0,7.065613363597717,7.186144304522325,3.044522437723423
607460,Epic Snails,2017-12-05,1,RocketSnail;SkyVu,Screenzilla Entertainment,windows;mac,0,Online Multi-Player,Action;Early Access,Early Access;Action;Multiplayer,0,183,12,0,0,50000-100000,0.0,195,0.9384615384615383,183.0,5.214935757608986,5.278114659230517,0.0
607770,Moonatees,2017-03-29,1,Fungi In The Basement,Fungi In The Basement,windows,0,Single-player,Indie;Simulation,Indie;Simulation;VR,0,8,1,0,0,0-20000,0.0,9,0.8888888888888888,8.0,2.19722457733622,2.302585092994046,0.0
607860,Kira,2017-03-22,1,"Bully Innovation Group, Inc.","Bully Innovation Group, Inc.",windows,0,Single-player,Casual;Free to Play;Simulation,Free to Play;Casual;Simulation,0,15,8,0,0,20000-50000,0.0,23,0.6521739130434783,15.0,2.772588722239781,3.1780538303479458,0.0
608000,Buzz Aldrin: Cycling Pathways to Mars,2017-03-17,1,8i,LIFE VR,windows,0,Partial Controller Support,Education,Education,0,92,9,0,0,20000-50000,0.0,101,0.9108910891089108,92.0,4.532599493153256,4.624972813284271,0.0
608990,The Archotek Project,2017-04-28,1,The Archotek Project Team,The Archotek Project Team ,windows;mac;linux,0,Multi-player;Online Multi-Player;Cross-Platform Multiplayer,Casual;Indie;Simulation;Strategy;Early Access,Early Access;Dinosaurs;Simulation,9,208,209,2,3,50000-100000,0.0,417,0.4988009592326139,208.0,5.342334251964811,6.035481432524756,1.0986122886681098
609940,KROSMAGA,2017-04-12,1,Ankama Studio,Ankama Games,windows;mac,0,Single-player;Online Multi-Player;Cross-Platform Multiplayer;Steam Achievements;Steam Trading Cards;In-App Purchases,Casual;Free to Play;Massively Multiplayer;Strategy,Free to Play;Strategy;Card Game,44,533,206,73,88,100000-200000,0.0,739,0.7212449255751014,533.0,6.280395838960195,6.606650186198215,4.30406509320417
610080,Realm Grinder,2017-06-15,1,Divine Games,Kongregate,windows;mac,0,Single-player;Steam Achievements;Steam Trading Cards;In-App Purchases,Free to Play;RPG;Strategy,Free to Play;Clicker;Strategy,14,2266,463,1058,780,500000-1000000,0.0,2729,0.8303407841700257,2266.0,7.726212650507529,7.912056888179006,6.965080345601407
610940,iStorm,2017-04-16,1,MoYi Technology,MoYi Technology,windows,0,Online Multi-Player;Online Co-op;In-App Purchases;Partial Controller Support,Action,Action;Tanks;Free to Play,0,41,56,0,0,0-20000,0.0,97,0.422680412371134,41.0,3.737669618283368,4.584967478670572,0.0
611020,CityBattle | Virtual Earth,2018-10-02,1,LLC RIKOR IMT,LLC RIKOR IMT,windows,0,Multi-player;Online Multi-Player;Steam Achievements;In-App Purchases,Action;Free to Play;Massively Multiplayer,Free to Play;Action;Shooter,6,830,425,0,0,200000-500000,0.0,1255,0.6613545816733067,830.0,6.7226297948554485,7.135687347028144,0.0
611090,Boofle's Home,2017-03-27,1,Eden Agency,Eden Agency,windows,0,Single-player,Casual;Free to Play;Simulation,Free to Play;Casual;Simulation,0,12,4,0,0,0-20000,0.0,16,0.75,12.0,2.5649493574615367,2.833213344056216,0.0
611120,IKEA VR Pancake Kitchen,2017-05-29,1,IKEA Communications AB,IKEA Communications AB,windows,0,Single-player,Free to Play,VR;Free to Play;Psychedelic,0,51,47,10,10,100000-200000,0.0,98,0.5204081632653061,51.0,3.951243718581428,4.59511985013459,2.3978952727983707
611260,MAD MACHINES,2019-02-28,1,Hero Blocks ApS,Hero Blocks ApS,windows,0,Single-player;Multi-player;Online Multi-Player;Full controller support,Action;Free to Play;Indie;Sports;Early Access,Early Access;Sports;Free to Play,0,60,34,0,0,20000-50000,0.0,94,0.6382978723404256,60.0,4.110873864173311,4.553876891600541,0.0
611500,Quake Champions,2017-08-22,1,id Software,Bethesda Softworks,windows,0,Online Multi-Player;Steam Achievements,Action;Free to Play;Early Access,Early Access;FPS;Arena Shooter,52,15879,7098,754,102,500000-1000000,0.0,22977,0.6910823867345607,15879.0,9.672815734801128,10.04229251541331,6.626717749249025
612020,Zombidle : REMONSTERED,2017-05-30,1,Berzerk Studio,Berzerk Studio,windows,0,Single-player;Cross-Platform Multiplayer;Steam Achievements;Steam Trading Cards;In-App Purchases;Steam Cloud,Casual;Free to Play;Indie;Strategy,Free to Play;Clicker;Casual,35,1000,151,213,253,200000-500000,0.0,1151,0.8688097306689835,1000.0,6.90875477931522,7.049254841255837,5.365976015021851
612050,VRIQ,2017-05-03,1,3DIQ,3DIQ,windows,0,Single-player,Free to Play;Simulation,Free to Play;Simulation;VR,0,16,5,0,0,0-20000,0.0,21,0.7619047619047619,16.0,2.833213344056216,3.091042453358316,0.0
612440,The Cable Center - Virtual Archive,2017-04-06,1,The Cable Center,The Cable Center,windows,0,Single-player,Casual;Free to Play,Free to Play;Casual;VR,0,6,2,0,0,20000-50000,0.0,8,0.75,6.0,1.9459101490553128,2.19722457733622,0.0
612590,Mouse Playhouse,2017-03-31,1,Tinkertainment,SMU Guildhall,windows,0,Single-player;Steam Achievements,Casual;Free to Play;Indie,Free to Play;Casual;Indie,15,30,5,3,3,20000-50000,0.0,35,0.8571428571428571,30.0,3.4339872044851463,3.58351893845611,1.3862943611198906
612610,Bombinator,2017-05-05,1,Solid Patterns,Solid Patterns,windows;mac,0,Online Multi-Player;Online Co-op;Cross-Platform Multiplayer;Steam Achievements;Partial Controller Support,Action;Free to Play;Indie;Early Access,Early Access;Free to Play;Action,44,33,64,7,7,20000-50000,0.0,97,0.3402061855670103,33.0,3.5263605246161616,4.584967478670572,2.079441541679836
612620,Detective Butler: Maiden Voyage Murder,2017-05-26,1,Goldbar Games,Goldbar Games,windows,0,Single-player;Steam Achievements;Steam Cloud,Adventure;Casual;Free to Play;Indie,Free to Play;Visual Novel;Indie,14,132,35,0,0,20000-50000,0.0,167,0.7904191616766467,132.0,4.890349128221754,5.123963979403259,0.0
612790,INFINITI VR,2017-03-28,1,The Pulse,The Pulse,windows,0,Single-player,Free to Play,Free to Play;VR,0,36,18,0,0,20000-50000,0.0,54,0.6666666666666666,36.0,3.610917912644224,4.007333185232471,0.0
613590,Dungeon Of Zaar - Open Beta,2018-04-16,1,KURB,KURB;Plug In Digital,windows,0,Single-player;Multi-player;Online Multi-Player;Local Multi-Player;Cross-Platform Multiplayer;In-App Purchases;Stats,Free to Play;Indie;Strategy;Early Access,Early Access;Strategy;Indie,0,79,34,0,0,20000-50000,0.0,113,0.6991150442477876,79.0,4.382026634673881,4.736198448394496,0.0
613620,Hoverloop,2018-01-29,1,Not A Company,Cronos Interactive,windows,0,Single-player;Multi-player;Online Multi-Player;Local Multi-Player;Co-op;Online Co-op;Local Co-op;Shared/Split Screen;Full controller support,Action;Indie;Early Access,Early Access;Action;Indie,0,8,2,0,0,0-20000,0.0,10,0.8,8.0,2.19722457733622,2.3978952727983707,0.0
614100,Heroes of Paragon,2017-07-05,1,EVERYDAYiPLAY,Plug In Digital,windows;mac;linux,0,Single-player;Multi-player;Online Multi-Player;In-App Purchases,Free to Play;Indie;Strategy,Free to Play;Strategy;Indie,0,43,45,0,0,50000-100000,0.0,88,0.4886363636363636,43.0,3.784189633918261,4.48863636973214,0.0
614250,Carrier,2017-08-31,1,Cuirass Entertainment Ltd.,Cuirass Entertainment Ltd.,windows,0,Single-player,Casual;Free to Play,Free to Play;Casual;Puzzle,0,28,5,0,0,20000-50000,0.0,33,0.8484848484848485,28.0,3.367295829986474,3.5263605246161616,0.0
614710,Seance: The Unquiet (Demo 1),2017-05-02,1,Holospark,Holospark,windows,0,Single-player;Partial Controller Support,Indie,Indie;Horror;VR,0,39,2,0,0,0-20000,0.0,41,0.951219512195122,39.0,3.688879454113936,3.737669618283368,0.0
614890,Cuit,2017-04-24,1,Class-X Games,Class-X Games,windows,0,Single-player;Steam Achievements;Steam Workshop;Includes level editor,Casual;Indie;Strategy,Casual;Indie;Strategy,6,37,9,0,0,0-20000,0.0,46,0.8043478260869565,37.0,3.6375861597263857,3.8501476017100575,0.0
614940,The Misfits,2018-08-20,1,"PigDogGames,LLC","PigDogGames,LLC",windows;mac,0,Multi-player;Online Multi-Player;Cross-Platform Multiplayer,Action;Free to Play;Indie;Early Access,Early Access;Free to Play;Multiplayer,0,180,134,0,0,100000-200000,0.0,314,0.5732484076433121,180.0,5.198497031265826,5.752572638825633,0.0
615020,King of the World,2018-10-22,1,Contec Games,Contec Games,windows,0,Single-player;Multi-player;Online Multi-Player;Co-op;Online Co-op;Steam Achievements;Steam Trading Cards;Includes level editor,Free to Play;Indie;Strategy,Strategy;Indie;Free to Play,12,52,8,0,0,0-20000,0.0,60,0.8666666666666667,52.0,3.970291913552122,4.110873864173311,0.0
615160,The Adventures of Alvis,2017-04-03,1,Sunshine Games,Sunshine Games,windows,0,Single-player,Adventure;Indie;RPG,Adventure;Indie;RPG,1,3,2,0,0,0-20000,0.0,5,0.6,3.0,1.3862943611198906,1.791759469228055,0.0
615340,Mystic Journey: Tri Peaks Solitaire,2017-05-11,1,FIVE-BN GAMES,FIVE-BN GAMES,windows;mac,0,Single-player;Steam Achievements;Steam Trading Cards;In-App Purchases;Steam Cloud,Adventure;Casual;Free to Play,Free to Play;Adventure;Casual,12,37,43,0,0,20000-50000,0.0,80,0.4625,37.0,3.6375861597263857,4.394449154672439,0.0
615400,Make It Rain: Love of Money,2018-05-25,1,Game Troopers,Game Troopers,windows,0,Single-player;Steam Achievements;In-App Purchases;Steam Cloud,Action;Casual;Free to Play;Simulation;Strategy,Free to Play;Casual;Strategy,14,45,71,3,3,20000-50000,0.0,116,0.3879310344827586,45.0,3.828641396489095,4.762173934797756,1.3862943611198906
615460,Bitcoin VR,2017-03-31,1,Indiesquare;Mandelduck,Indiesquare,windows,0,Single-player,Simulation,Simulation;VR,0,6,3,0,0,0-20000,0.0,9,0.6666666666666666,6.0,1.9459101490553128,2.302585092994046,0.0
615650,The Professor Presents: #GotHandles,2017-04-13,1,The Secret Location,Mountain Dew,windows,0,Single-player,Free to Play;Simulation;Sports,Free to Play;Sports;Simulation,0,13,2,0,0,0-20000,0.0,15,0.8666666666666667,13.0,2.6390573296152584,2.772588722239781,0.0
616220,Hide vs. Seek,2017-08-07,1,Brave Little Studios,Brave Little Studios,windows,0,Online Multi-Player,Action;Free to Play;Indie,Free to Play;Multiplayer;Action,0,165,372,16,31,200000-500000,0.0,537,0.3072625698324022,165.0,5.111987788356544,6.2878585601617845,2.833213344056216
617600,VR Interior Designer Pro,2017-04-04,1,Edgehill CGI,Edgehill CGI,windows,0,Single-player,Free to Play;Indie;Simulation,Free to Play;Indie;Simulation,0,6,3,0,0,0-20000,0.0,9,0.6666666666666666,6.0,1.9459101490553128,2.302585092994046,0.0
618080,Martial Arts Brutality,2018-01-31,1,Cold Beam Games,Cold Beam Games,windows,0,Single-player;Online Multi-Player;Online Co-op;Cross-Platform Multiplayer;In-App Purchases,Violent;Free to Play;Indie;Strategy,Free to Play;Violent;Strategy,48,424,81,97,116,50000-100000,0.0,505,0.8396039603960396,424.0,6.052089168924417,6.226536669287466,4.584967478670572
619140,Station 21 - Space Station Simulator,2018-02-16,1,Robert Ferry,Robert Ferry,windows,0,Single-player;Steam Achievements,Casual;Indie;Simulation;Strategy,Casual;Indie;Simulation,15,4,10,0,0,0-20000,0.0,14,0.2857142857142857,4.0,1.6094379124341005,2.70805020110221,0.0
619310,Ways of History,2017-09-01,1,Glyph Worlds,Glyph Worlds,windows,0,Multi-player;Online Multi-Player;MMO;Co-op;Online Co-op;Cross-Platform Multiplayer;Steam Trading Cards;In-App Purchases;Steam Cloud,Free to Play;Indie;Massively Multiplayer;Strategy,Free to Play;Strategy;Massively Multiplayer,0,82,89,0,0,50000-100000,0.0,171,0.47953216374269,82.0,4.418840607796598,5.147494476813453,0.0
619550,Vision,2018-03-06,1,Valynx Studio,Valynx Studio,windows,0,Single-player;Full controller support,Casual;Indie;Simulation,Indie;Casual;Simulation,0,20,5,2,2,0-20000,0.0,25,0.8,20.0,3.044522437723423,3.258096538021482,1.0986122886681098
619600,Wrecked: Get Your Ship Together,2017-04-13,1,Business Mouse Studios,Business Mouse Studios,windows,0,Single-player;Multi-player;Local Multi-Player;Co-op;Local Co-op;Cross-Platform Multiplayer,Action;Free to Play,Free to Play;Action;VR,21,23,11,0,0,0-20000,0.0,34,0.6764705882352942,23.0,3.1780538303479458,3.555348061489413,0.0
619910,Just Cause™ 3: Multiplayer Mod,2017-07-20,1,nanos GbR,nanos GbR;Square Enix,windows,18,Multi-player;Online Multi-Player;Partial Controller Support,Violent;Action;Massively Multiplayer,Action;Massively Multiplayer;Violent,0,865,345,74,70,200000-500000,0.0,1210,0.7148760330578512,864.9999999999999,6.763884908562435,7.099201743553092,4.31748811353631
620070,Vroom Kaboom,2018-08-13,1,Ratloop Games Canada,Ratloop Games Canada,windows,0,Single-player;Multi-player;Online Multi-Player;Steam Achievements;Full controller support,Action;Free to Play;Indie;Racing;Strategy,Free to Play;Racing;Action,12,45,39,0,0,50000-100000,0.0,84,0.5357142857142857,45.0,3.828641396489095,4.442651256490317,0.0
621880,Phoenix Dynasty 2,2018-06-08,1,Ntroy LTD,Ntroy LTD,windows,0,MMO;Steam Achievements;Steam Trading Cards;In-App Purchases,Action;Free to Play;Massively Multiplayer;RPG,Massively Multiplayer;Free to Play;MMORPG,10,137,199,73,73,50000-100000,0.0,336,0.4077380952380952,137.0,4.927253685157205,5.820082930352362,4.30406509320417
622060,XOXO Droplets,2017-08-31,1,GB Patch Games,GB Patch Games,windows;mac,0,Single-player;Steam Achievements,Casual;Indie;Simulation,Casual;Indie;Simulation,36,96,27,0,0,20000-50000,0.0,123,0.7804878048780488,96.0,4.574710978503383,4.820281565605037,0.0
622270,Show It 2 Me,2017-12-14,1,Titmouse,Titmouse,windows,0,Single-player,Casual;Indie,Indie;Casual;VR,0,62,1,0,0,0-20000,0.0,63,0.984126984126984,62.0,4.143134726391533,4.158883083359672,0.0
622300,theViewer,2019-02-07,1,theConstructVR,theConstruct,windows,0,Single-player;Multi-player;Online Multi-Player,Free to Play;Simulation,Free to Play;Simulation;VR,0,2,2,0,0,0-20000,0.0,4,0.5,2.0,1.0986122886681098,1.6094379124341005,0.0
622310,Amigo VR,2017-04-13,1,Amigo VR Studio,Amigo VR Studio,windows,0,Online Multi-Player,Casual;Free to Play;Massively Multiplayer;Simulation;Strategy,Strategy;Free to Play;Massively Multiplayer,0,16,17,0,0,0-20000,0.0,33,0.4848484848484848,16.0,2.833213344056216,3.5263605246161616,0.0
622380,RETNE,2017-08-02,1,VRNI Ltd;Kainos,VRNI Ltd;Kainos,windows,0,Single-player,Adventure;Casual;Free to Play;RPG,Free to Play;Adventure;Casual,0,25,6,0,0,20000-50000,0.0,31,0.8064516129032258,25.0,3.258096538021482,3.4657359027997265,0.0
622470,Road Dogs,2017-09-26,1,Teletower Studios,Teletower Studios,windows;mac;linux,0,Single-player;Multi-player;Online Multi-Player;MMO;Co-op;Online Co-op;Cross-Platform Multiplayer,Action;Adventure;Free to Play;Indie;Massively Multiplayer;Racing;RPG;Strategy;Early Access,Early Access;Free to Play;Massively Multiplayer,0,60,59,0,0,20000-50000,0.0,119,0.5042016806722689,60.0,4.110873864173311,4.787491742782046,0.0
623310,Arcfall,2017-05-16,1,Neojac Entertainment inc.,Neojac Entertainment Inc.,windows,0,MMO,Massively Multiplayer;RPG;Early Access,Early Access;Massively Multiplayer;RPG,0,122,96,16,16,0-20000,0.0,218,0.5596330275229358,122.0,4.812184355372417,5.389071729816501,2.833213344056216
623840,Ambre - a heartbreaking kinetic novel,2017-06-09,1,Träumendes Mädchen,Träumendes Mädchen,windows;mac;linux,0,Single-player;Steam Achievements,Casual;Free to Play;Indie,Free to Play;Casual;Indie,6,358,114,12,12,50000-100000,0.0,472,0.7584745762711864,358.0,5.883322388488279,6.159095388491933,2.5649493574615367
624050,Lazer Cops,2017-06-15,1,Foolish Mortals Games,Foolish Mortals Games,windows;mac;linux,0,Single-player;Multi-player;Local Multi-Player;Co-op;Local Co-op;Shared/Split Screen;Steam Achievements;Full controller support,Action;Indie,Action;Indie;Bullet Hell,13,7,1,0,0,0-20000,0.0,8,0.875,7.0,2.079441541679836,2.19722457733622,0.0
624460,Fantasynth: Chez Nous,2017-04-20,1,HelloEnjoy,HelloEnjoy,windows,0,Single-player,Indie;Audio Production,Audio Production;Indie;VR,0,296,12,8,8,50000-100000,0.0,308,0.961038961038961,296.0,5.6937321388027,5.733341276897746,2.19722457733622
624920,Trapped With the Dolls VR,2017-04-23,1,Designated Play Space,Designated Play Space,windows,0,Single-player,Adventure;Free to Play;Indie,Free to Play;Adventure;Indie,0,30,8,0,0,0-20000,0.0,38,0.7894736842105263,30.0,3.4339872044851463,3.6635616461296463,0.0
625080,FlatOut 4: Total Insanity Workshop Tool,2017-06-22,1,Kylotonn,Strategy First,windows,0,Steam Workshop,Design & Illustration,Design & Illustration,0,5,2,0,0,0-20000,0.0,7,0.7142857142857143,5.0,1.791759469228055,2.079441541679836,0.0
625430,Doodle God Blitz,2017-09-01,1,JoyBits Ltd.,JoyBits Ltd.,windows;mac;linux,0,Single-player;Steam Achievements;Full controller support;Steam Trading Cards;In-App Purchases;Steam Cloud,Casual;Free to Play;Indie;Simulation,Free to Play;Casual;Simulation,24,341,178,49,91,100000-200000,0.0,519,0.6570327552986512,341.0,5.834810737062605,6.253828811575473,3.912023005428146
625470,The Red Stare,2017-07-31,1,Play:D,Play:D;NHTV Breda University of Applied Sciences,windows,0,Single-player;Steam Achievements,Action;Free to Play;Indie,Free to Play;Action;Indie,17,165,14,17,17,100000-200000,0.0,179,0.9217877094972068,165.0,5.111987788356544,5.19295685089021,2.8903717578961645
625580,The Cleansing - Versus,2017-09-28,1,Grindstone Interactive,Grindstone Interactive,windows,0,Single-player;Multi-player;Online Multi-Player;Online Co-op;Steam Trading Cards,Action;Indie;RPG;Strategy;Early Access,Early Access;Action;Strategy,0,5,3,0,0,0-20000,0.0,8,0.625,5.0,1.791759469228055,2.19722457733622,0.0
625860,God Awe-full Clicker,2018-09-19,1,Mad Labyrinth Studios LLC,Mad Labyrinth Studios LLC,windows,0,Single-player;Steam Achievements;Steam Trading Cards;In-App Purchases,Casual;Free to Play;Indie;RPG,Free to Play;Casual;Indie,80,150,81,0,0,50000-100000,0.0,231,0.6493506493506493,150.0,5.017279836814924,5.44673737166631,0.0
626010,Office Space: Idle Profits,2017-10-18,1,Ultrabit,Kongregate,windows;mac,0,Single-player;Steam Achievements;Steam Trading Cards;In-App Purchases,Free to Play;Simulation,Free to Play;Simulation;Clicker,10,134,77,396,396,50000-100000,0.0,211,0.6350710900473934,134.0,4.90527477843843,5.356586274672012,5.983936280687191
626680,Kreedz Climbing,2017-06-15,1,ObsessionSoft,ObsessionSoft,windows,0,Single-player;Multi-player;Online Multi-Player;Local Multi-Player;Co-op;Online Co-op;Steam Workshop;Steam Cloud;Includes level editor;Includes Source SDK,Free to Play;Indie;Racing;Sports,Free to Play;Racing;Indie,0,564,164,43,43,200000-500000,0.0,728,0.7747252747252747,564.0,6.336825731146441,6.591673732008658,3.784189633918261
626700,Clark | HOOVA VR,2018-01-25,1,The Mill,The Mill,windows,0,Single-player;Full controller support,Casual;Free to Play,Free to Play;Casual;Horror,0,9,5,0,0,0-20000,0.0,14,0.6428571428571429,9.0,2.302585092994046,2.70805020110221,0.0
627530,Strata inStudio VR,2017-05-03,1,"Strata Mixed Reality, Inc.","Strata Mixed Reality, Inc.",windows,0,Single-player;Steam Trading Cards,Casual;Animation & Modeling;Design & Illustration,Design & Illustration;Animation & Modeling;Casual,3,9,0,0,0,20000-50000,0.0,9,1.0,9.0,2.302585092994046,2.302585092994046,0.0
627690,Idle Champions of the Forgotten Realms,2017-09-07,1,Codename Entertainment Inc.,Codename Entertainment Inc.,windows;mac,0,Single-player;Steam Achievements;Steam Trading Cards;In-App Purchases,Action;Adventure;Free to Play;Indie;Strategy;Early Access,Early Access;Clicker;Free to Play,129,2884,675,8508,3648,500000-1000000,0.0,3559,0.8103399831413318,2884.0,7.9672801789422,8.177515823846075,9.048879705849558
628440,Multiplayer FPS Demo,2017-07-06,1,Vitor Pêgas,Oryzhon Studios,windows,0,Single-player;Multi-player;Online Multi-Player;Online Co-op,Action;Casual;Free to Play;Indie,Free to Play;Action;Casual,0,111,92,1,1,50000-100000,0.0,203,0.5467980295566502,111.0,4.718498871295094,5.318119993844216,0.6931471805599453
628530,Blobby Tennis,2017-05-12,1,SlinDev,SlinDev,windows;mac,0,Single-player;Steam Achievements,Indie;Simulation;Sports,Tennis;Indie;Simulation,16,17,6,0,0,0-20000,0.0,23,0.7391304347826086,17.0,2.8903717578961645,3.1780538303479458,0.0
628700,The Flaws of Gravity,2017-05-05,1,Absorbed Studios,Absorbed Studios,windows,0,Single-player,Adventure;Free to Play;Indie,Free to Play;Indie;Adventure,0,136,87,0,0,50000-100000,0.0,223,0.6098654708520179,136.0,4.919980925828125,5.41164605185504,0.0
628730,Adolescent Santa Claus,2018-06-30,1,"TALESSHOP Co., Ltd.","TALESSHOP Co., Ltd.",windows,0,Single-player,Adventure;Casual;Free to Play;Indie,Free to Play;Visual Novel;Anime,0,542,89,0,0,50000-100000,0.0,631,0.8589540412044374,542.0,6.297109319933935,6.448889394146858,0.0
629210,Extra Terrestrial Perception,2017-06-13,1,Try This At Home,Try This At Home,windows;mac;linux,0,Single-player;Partial Controller Support,Action;Adventure;Indie,Action;Adventure;Indie,0,1,6,0,0,0-20000,0.0,7,0.1428571428571428,1.0,0.6931471805599453,2.079441541679836,0.0
629420,Super Perspective,2017-09-14,1,The Dashing Crate,The Dashing Crate,windows;mac,0,Single-player;Steam Achievements;Steam Trading Cards;Partial Controller Support,Indie,Indie;Puzzle;3D Platformer,8,8,0,0,0,0-20000,0.0,8,1.0,8.0,2.19722457733622,2.19722457733622,0.0
630100,SoulWorker - Anime Action MMO,2018-02-26,1,"Lion Games Co., Ltd.",Gameforge 4D GmbH,windows,0,Multi-player;Online Multi-Player;MMO;Online Co-op;Steam Trading Cards;In-App Purchases;Partial Controller Support,Action;Free to Play;Massively Multiplayer;RPG,Anime;Free to Play;MMORPG,0,5953,1904,1492,196,1000000-2000000,0.0,7857,0.7576683212422044,5953.0,8.691818541575723,8.969287400118406,7.30854279753919
630140,Sky Clash: Lords of Clans 3D,2018-09-05,1,AIVIK LLC,Absolutist Ltd.,windows;mac,7,Multi-player;Online Multi-Player;MMO;Cross-Platform Multiplayer;Steam Achievements;Steam Trading Cards;In-App Purchases;Steam Leaderboards,Free to Play;Massively Multiplayer;Strategy,Free to Play;Strategy;Massively Multiplayer,18,44,20,0,0,0-20000,0.0,64,0.6875,44.0,3.80666248977032,4.174387269895637,0.0
631660,Immersion Chess,2017-05-15,1,Immersion,Immersion,windows,0,Single-player;Multi-player;Online Multi-Player;Cross-Platform Multiplayer,Casual;Free to Play;Sports;Strategy,Free to Play;Strategy;Casual,29,72,27,0,0,50000-100000,0.0,99,0.7272727272727273,72.0,4.290459441148391,4.605170185988092,0.0
632080,Kinese,2018-03-16,1,Six Sided Square,Six Sided Square,windows,0,Single-player,Casual;Indie;Simulation,Indie;Casual;Simulation,6,7,0,0,0,0-20000,0.0,7,1.0,7.0,2.079441541679836,2.079441541679836,0.0
633320,Spirit Realm,2017-07-21,1,Matthew Reed;James Raymond,Magic House Creative,windows,0,Single-player,Casual;Free to Play;Indie;Simulation,Free to Play;Casual;Simulation,0,16,11,0,0,20000-50000,0.0,27,0.5925925925925926,16.0,2.833213344056216,3.332204510175204,0.0
634060,ObserVRtarium,2017-06-08,1,NSC Creative,NSC Creative,windows,0,Single-player,Simulation;Early Access,Early Access;Simulation;VR,0,7,2,0,0,0-20000,0.0,9,0.7777777777777778,7.0,2.079441541679836,2.302585092994046,0.0
634070,Murnatan,2018-03-24,1,AAAGAMES,AAAGAMES,windows;linux,0,Online Multi-Player,Action;Free to Play;Indie;Early Access,Early Access;Free to Play;Action,0,62,47,0,0,50000-100000,0.0,109,0.5688073394495413,62.0,4.143134726391533,4.700480365792417,0.0
634090,Suncore Chronicles: The Tower,2018-04-10,1,Inner World Games,Inner World Games,windows,0,Single-player;Multi-player;Online Multi-Player;Local Multi-Player;Co-op;Online Co-op;Local Co-op;Steam Achievements;Partial Controller Support;Steam Cloud,Action;Adventure;Indie;RPG,Action;RPG;Indie,40,15,13,0,0,0-20000,0.0,28,0.5357142857142857,15.0,2.772588722239781,3.367295829986474,0.0
636040,Pixel Worlds: MMO Sandbox,2017-06-08,1,Kukouri Mobile Entertainment,Kukouri Mobile Entertainment,windows;mac,0,Online Multi-Player;MMO;Cross-Platform Multiplayer;Steam Trading Cards;In-App Purchases,Adventure;Free to Play;Indie;Massively Multiplayer,Free to Play;Adventure;Sandbox,0,1043,674,232,136,200000-500000,0.0,1717,0.6074548631333722,1043.0,6.950814768442584,7.4489161025442,5.4510384535657
636560,Runewards: Strategy Card Game,2018-02-13,1,ReaverGames Ltd.,FredBear Games;PlayPlayFun,windows,0,Single-player;Online Multi-Player;Cross-Platform Multiplayer;In-App Purchases,Free to Play;RPG;Strategy,Free to Play;Strategy;RPG,0,26,23,0,0,20000-50000,0.0,49,0.5306122448979592,26.0,3.295836866004329,3.912023005428146,0.0
636580,Primal Reign,2017-05-29,1,Immersive VR Limited,Immersive VR Limited,windows,0,Single-player,Violent;Gore;Action;Free to Play;Indie,Free to Play;Action;Gore,0,26,14,0,0,50000-100000,0.0,40,0.65,26.0,3.295836866004329,3.713572066704308,0.0
636930,Soundscape VR,2017-05-16,1,Groove Science Studios,Groove Science Studios,windows,0,Single-player;Multi-player;Online Multi-Player;Online Co-op,Adventure;Casual;Free to Play;Simulation,Free to Play;Casual;Simulation,0,45,10,0,0,20000-50000,0.0,55,0.8181818181818182,45.0,3.828641396489095,4.02535169073515,0.0
637850,Confess My Love,2017-05-27,1,LR Studio,LR Studio,windows,0,Single-player;Steam Achievements;Partial Controller Support,Adventure;Free to Play;Indie;RPG,Free to Play;RPG;Anime,21,3357,209,308,308,200000-500000,0.0,3566,0.941390914189568,3357.0,8.119100837637486,8.17948018535889,5.733341276897746
637960,ProjectM : Dream,2017-09-04,1,EVR Studio,EVR Studio,windows,0,Single-player,Simulation,Simulation;VR,0,42,4,0,0,20000-50000,0.0,46,0.9130434782608696,42.0,3.7612001156935615,3.8501476017100575,0.0
638110,Desert Bus VR,2017-11-27,1,Dinosaur Games,"Gearbox Software, LLC",windows,0,Single-player;Multi-player;Online Multi-Player;Steam Achievements;Partial Controller Support,Casual;Free to Play;Simulation,Free to Play;Psychological Horror;Simulation,15,433,60,11,14,100000-200000,0.0,493,0.8782961460446247,433.0,6.073044534100405,6.202535517187923,2.4849066497880004
638920,BeanVR—The Social VR APP,2017-05-31,1,Shenzhen BeanVR Technology Co.Ltd,Shenzhen BeanVR Technology Co.Ltd,windows,0,Single-player;Multi-player;Online Multi-Player;Co-op;Online Co-op;Cross-Platform Multiplayer,Casual;Free to Play;Massively Multiplayer;Education,Free to Play;Massively Multiplayer;Casual,0,17,18,0,0,50000-100000,0.0,35,0.4857142857142857,17.0,2.8903717578961645,3.58351893845611,0.0
639230,Rival Books of Aster,2017-06-20,1,Stitch Media,Stitch Media,windows;mac,0,Online Multi-Player;Cross-Platform Multiplayer,Casual;Indie;Strategy;Early Access,Early Access;Strategy;Indie,0,37,14,0,0,20000-50000,0.0,51,0.7254901960784313,37.0,3.6375861597263857,3.951243718581428,0.0
639960,OzGrind Virtual Reality Showroom,2017-07-20,1,Viewport Studios,Viewport Studios,windows,0,Single-player,Simulation,Simulation;VR,0,2,1,0,0,0-20000,0.0,3,0.6666666666666666,2.0,1.0986122886681098,1.3862943611198906,0.0
640150,Tale of Toast,2018-02-23,1,Toasty Leaf AB,Toasty Leaf AB,windows;mac;linux,0,MMO;Steam Achievements;Steam Trading Cards;Captions available;In-App Purchases;Steam Cloud,Adventure;Free to Play;Indie;RPG;Early Access,Early Access;Free to Play;Multiplayer,14,334,313,45,45,100000-200000,0.0,647,0.5162287480680062,334.00000000000006,5.814130531825066,6.473890696352274,3.828641396489095
641860,Trenches of War,2017-07-06,1,Vashta Entertainment,Vashta Entertainment,windows;mac;linux,0,Single-player;Steam Cloud,Action;Casual;Indie;Strategy,Strategy;Action;Indie,0,23,3,0,0,0-20000,0.0,26,0.8846153846153846,23.0,3.1780538303479458,3.295836866004329,0.0
642000,Regenesis Arcade Lite,2017-11-20,1,Hyperbook Studio,Blue Technology Sp. z o.o.,windows,0,Single-player,Action;Adventure;Casual,Action;Adventure;Casual,10,27,12,0,0,20000-50000,0.0,39,0.6923076923076923,27.0,3.332204510175204,3.688879454113936,0.0
642390,Blocksworld,2017-09-25,1,Linden Lab,Linden Lab,windows;mac,0,Single-player;In-App Purchases;Partial Controller Support,Casual;Free to Play;Indie;Simulation;Early Access,Early Access;Free to Play;Multiplayer,0,233,153,0,0,100000-200000,0.0,386,0.6036269430051814,233.0,5.455321115357702,5.958424693029782,0.0
642840,Red Bull Doodle Art - Global VR Gallery,2017-06-30,1,Red Bull Media House;Red Bull;Koffeecup,Red Bull Media House,windows,0,Single-player,Adventure;Casual;Simulation;Design & Illustration,Adventure;Design & Illustration;Casual,0,5,0,0,0,0-20000,0.0,5,1.0,5.0,1.791759469228055,1.791759469228055,0.0
643270,OLDTV,2017-07-15,1,Creability,Creability,windows;mac,0,Single-player;Steam Achievements,Free to Play;Indie,Free to Play;Great Soundtrack;Indie,48,4293,219,25,10,200000-500000,0.0,4512,0.9514627659574468,4293.0,8.364973978438726,8.414717399827001,3.258096538021482
643870,Kitten Adventures in City Park,2017-09-08,1,Lokator Studio,Lokator Studio,windows;mac;linux,0,Single-player;Steam Achievements,Adventure;Indie,Adventure;Indie;Singleplayer,4,306,26,0,0,0-20000,0.0,332,0.9216867469879518,306.0,5.726847747587197,5.808142489980444,0.0
643980,Ironbound,2018-01-04,1,Secret Level SRL,"Making Fun, Inc.",windows;mac,0,Single-player;Multi-player;Online Multi-Player;Cross-Platform Multiplayer;Steam Achievements;Steam Trading Cards;In-App Purchases,Free to Play;Indie;RPG;Strategy,Free to Play;RPG;Strategy,26,143,65,6,6,20000-50000,0.0,208,0.6875,143.0,4.969813299576001,5.342334251964811,1.9459101490553128
644540,Dies irae ~Amantes amentes~,2017-06-02,1,light,"views Co., Ltd",windows,0,Single-player,Adventure,Visual Novel;Anime;Violent,0,262,51,244,244,50000-100000,0.0,313,0.8370607028753994,262.0,5.572154032177765,5.749392985908253,5.501258210544727
644660,Lathe Safety Simulator,2017-06-06,1,Arli Tuominen;Amelie Berthome;Joël Cancela Vaz;Kallan Dautriche;Malo Hilliard;Corentin Lheriaud;Bastien Ollivo;Arthur Pernot;Maxime Pointet;Fabien Quibreteau;Arttu Tuovinen;Augusto Gómez Eguíluz;Niall McShane;Michael Callaghan;Alan Bourhis,Michael Callaghan,windows,0,Single-player,Indie;Simulation,Indie;Simulation;VR,0,17,4,0,0,0-20000,0.0,21,0.8095238095238095,17.0,2.8903717578961645,3.091042453358316,0.0
645260,Trophy Fishing 2,2017-07-13,1,Overgroup,Overgroup,windows,0,Online Multi-Player;Steam Achievements;In-App Purchases,Free to Play;Simulation;Sports,Free to Play;Fishing;Simulation,225,405,198,34,35,200000-500000,0.0,603,0.6716417910447762,405.00000000000006,6.0063531596017325,6.403574197934815,3.555348061489413
645480,Spider-Man: Homecoming - Virtual Reality Experience,2017-06-30,1,CreateVR,Sony Pictures Virtual Reality,windows,0,Single-player,Action;Adventure,Action;Adventure;VR,0,196,126,9,9,100000-200000,0.0,322,0.6086956521739131,196.0,5.2832037287379885,5.777652323222656,2.302585092994046
645830,Son Korsan,2017-06-27,1,Consala Games,Consala Games,windows,0,Multi-player;Cross-Platform Multiplayer;Steam Trading Cards;In-App Purchases,Action;Free to Play;Massively Multiplayer;Strategy,Free to Play;Strategy;Massively Multiplayer,0,26,67,0,0,50000-100000,0.0,93,0.2795698924731182,26.0,3.295836866004329,4.543294782270004,0.0
646360,El Ministerio del Tiempo VR: El tiempo en tus manos,2017-09-29,0,Future Lighthouse,RTVE,windows,0,Single-player,Adventure,Adventure;VR,0,10,1,0,0,20000-50000,0.0,11,0.9090909090909092,10.0,2.3978952727983707,2.4849066497880004,0.0
646440,Redfoot Bluefoot Dancing,2017-06-20,1,Rebuff Reality,Rebuff Reality,windows,0,Single-player,Action;Indie;Simulation;Sports,Action;Indie;Simulation,0,1,5,0,0,0-20000,0.0,6,0.1666666666666666,1.0,0.6931471805599453,1.9459101490553128,0.0
646820,Might & Mayhem,2017-06-05,1,Kiz Studios,"You42, Inc.",windows,0,Single-player;Online Multi-Player;MMO;Cross-Platform Multiplayer;In-App Purchases,Free to Play;Massively Multiplayer;RPG;Strategy,Free to Play;RPG;Massively Multiplayer,0,46,36,0,0,20000-50000,0.0,82,0.5609756097560976,46.00000000000001,3.850147601710059,4.418840607796598,0.0
646960,Three Twenty One,2017-06-30,1,MWC;David J. Franco,MWC,windows;mac,0,Single-player;Steam Achievements;Steam Cloud,Adventure;Indie,Adventure;Indie;Free to Play,20,21,19,0,0,0-20000,0.0,40,0.525,21.0,3.091042453358316,3.713572066704308,0.0
647000,RoBros,2017-06-14,1,Team B.R.O.S.,Team B.R.O.S.,windows,0,Single-player,Action;Free to Play;Indie;Strategy,Free to Play;Strategy;Action,0,36,42,0,0,50000-100000,0.0,78,0.4615384615384615,36.0,3.610917912644224,4.3694478524670215,0.0
647430,Game of Emperors,2017-07-13,1,Imperia Online LTD,Imperia Online LTD,windows,0,MMO;In-App Purchases,Strategy,Strategy,0,4,5,0,0,0-20000,0.0,9,0.4444444444444444,4.0,1.6094379124341005,2.302585092994046,0.0
648390,Marie's Room,2018-04-13,1,like Charlie,like Charlie,windows,0,Single-player;Steam Achievements,Adventure;Casual;Free to Play;Indie,Free to Play;Story Rich;Indie,7,3763,206,30,36,200000-500000,0.0,3969,0.9480977576215672,3763.0,8.23323750070527,8.286521373681236,3.4339872044851463
648430,Hand of the Gods,2018-02-20,1,Hi-Rez Studios,Hi-Rez Studios,windows,0,Single-player;Online Multi-Player;Steam Achievements;Steam Trading Cards;In-App Purchases,Free to Play;Strategy,Free to Play;Card Game;Strategy,43,738,537,378,473,200000-500000,0.0,1275,0.5788235294117647,738.0,6.6052979209482015,7.151485463904735,5.937536205082426
648600,FINAL FANTASY XV WINDOWS EDITION MOD ORGANIZER,2018-06-07,1,Square Enix,Square Enix,windows,16,Single-player;Steam Workshop,Free to Play,Free to Play,0,12,14,0,0,20000-50000,0.0,26,0.4615384615384615,12.0,2.5649493574615367,3.295836866004329,0.0
649890,Caliban Below,2018-06-19,1,"Blackthorn Media, Inc.","Blackthorn Media, Inc.",windows;mac,0,Single-player,Adventure;Casual;Free to Play;Indie,Free to Play;Adventure;Indie,0,105,6,0,0,50000-100000,0.0,111,0.945945945945946,105.0,4.663439094112067,4.718498871295094,0.0
649900,Mini Guns - Omega Wars,2017-11-02,1,"Riposte Games & Co, Inc","Riposte Games & Co, Inc",windows,0,Single-player;Multi-player;Online Multi-Player;Cross-Platform Multiplayer;In-App Purchases,Action;Free to Play;Strategy;Early Access,Early Access;Free to Play;Strategy,97,208,135,11,11,100000-200000,0.0,343,0.6064139941690962,208.0,5.342334251964811,5.840641657373398,2.4849066497880004
650700,Yume Nikki,2018-01-09,1,kikiyama,AGM PLAYISM,windows,0,Single-player;Partial Controller Support,Adventure;Casual;Free to Play;Indie,Indie;Surreal;Free to Play,0,1779,166,8,8,200000-500000,0.0,1945,0.9146529562982004,1779.0,7.484368643286131,7.57353126274595,2.19722457733622
651080,Moon Landing VR,2018-11-07,1,Lindero Edutainment,Lindero Edutainment,windows,0,Single-player,Casual;Simulation,Casual;Simulation;VR,0,2,1,0,0,0-20000,0.0,3,0.6666666666666666,2.0,1.0986122886681098,1.3862943611198906,0.0
651090,Aces High III,2017-08-23,1,HiTech Creations Inc.,HiTech Creations Inc.,windows,0,Single-player;Multi-player;Online Multi-Player;MMO;In-App Purchases;Partial Controller Support,Free to Play;Massively Multiplayer;Simulation,Free to Play;Simulation;Massively Multiplayer,0,92,91,1,1,50000-100000,0.0,183,0.5027322404371585,92.0,4.532599493153256,5.214935757608986,0.6931471805599453
651320,VRTGO,2017-06-26,1,VRLive,VRLive,windows,0,In-App Purchases,Video Production,Video Production,0,3,1,0,0,0-20000,0.0,4,0.75,3.0,1.3862943611198906,1.6094379124341005,0.0
651470,Onirim - Solitaire Card Game,2017-07-26,1,Asmodee Digital;Playsoft;Z-Man Games,Asmodee Digital,windows,0,Single-player;Steam Achievements;In-App Purchases;Steam Leaderboards,Casual;Free to Play;Strategy,Free to Play;Casual;Strategy,58,88,26,0,0,50000-100000,0.0,114,0.7719298245614035,88.0,4.48863636973214,4.74493212836325,0.0
652150,Oats Studios - Volume 1 Assets,2017-06-14,1,Oats Studios,Oats Studios,windows;mac;linux,0,Single-player,Violent;Gore;Action;Adventure;Casual;Indie;Simulation;Strategy;Video Production,Action;Short;Thriller,0,146,7,0,0,20000-50000,0.0,153,0.954248366013072,146.0,4.990432586778736,5.0369526024136295,0.0
652330,HereAfter,2017-10-26,1,Brown Studios,Brown Studios,windows,0,Single-player;Partial Controller Support,Action;Adventure;Free to Play;Indie;Early Access,Early Access;Free to Play;Adventure,0,25,4,0,0,0-20000,0.0,29,0.8620689655172413,25.0,3.258096538021482,3.4011973816621555,0.0
652480,Killbox,2017-08-24,1,Biome Collective,Biome Collective,windows;mac,0,Single-player;Multi-player;Online Multi-Player;Cross-Platform Multiplayer,Action;Indie;Simulation,Indie;Action;Simulation,0,25,15,0,0,0-20000,0.0,40,0.625,25.0,3.258096538021482,3.713572066704308,0.0
652750,Polygon Hero,2017-07-01,1,Endwise,Endwise,windows;mac,0,Single-player;Full controller support;Stats,Violent;Gore;Action;Adventure;Strategy,Strategy;Action;Adventure,0,12,8,0,0,0-20000,0.0,20,0.6,12.0,2.5649493574615367,3.044522437723423,0.0
652980,Loading Screen Simulator,2017-07-13,1,CakeEaterGames,CakeEaterGames,windows,0,Single-player;Steam Achievements;Steam Leaderboards,Casual;Free to Play;Indie;Simulation,Free to Play;Memes;Clicker,19,5783,936,26,42,200000-500000,0.0,6719,0.8606935555886293,5783.0,8.6628507638386,8.812843433517195,3.295836866004329
653220,Chroma Blast,2017-07-07,1,William Cheek,William Cheek,windows;mac;linux,0,Single-player;Steam Achievements;Full controller support;Steam Leaderboards,Action;Casual;Free to Play;Indie,Free to Play;Casual;Action,31,187,43,0,0,50000-100000,0.0,230,0.8130434782608695,187.0,5.236441962829949,5.442417710521793,0.0
654680,Ziggurat 3D Chess,2017-07-30,1,Michael Lampel,Lampel Enterprises,windows,0,Single-player;Multi-player;Online Multi-Player;Local Multi-Player;Shared/Split Screen,Free to Play;Indie;Strategy,Free to Play;Strategy;Indie,0,12,8,0,0,0-20000,0.0,20,0.6,12.0,2.5649493574615367,3.044522437723423,0.0
655160,welcome to heaven,2017-06-22,1,vextro,vextro,windows;mac;linux,0,Single-player,Adventure;Free to Play;Indie;Simulation,Free to Play;Adventure;Indie,0,322,145,1,1,50000-100000,0.0,467,0.6895074946466809,322.0,5.777652323222656,6.148468295917647,0.6931471805599453
655170,Telepathy Zero,2017-07-21,1,Creashock Studios,Creashock Studios,windows;mac,0,Single-player;Steam Achievements;Steam Leaderboards,Casual;Indie,Indie;Casual;Free to Play,9,16,16,0,0,0-20000,0.0,32,0.5,16.0,2.833213344056216,3.49650756146648,0.0
655550,NOKBAK,2017-08-29,1,BYU Animation -  Class of 2017,Brigham Young University,windows,0,Online Multi-Player,Action;Free to Play;Sports,Free to Play;Action;Sports,0,189,84,3,3,100000-200000,0.0,273,0.6923076923076923,189.0,5.247024072160486,5.613128106388071,1.3862943611198906
655620,Krieg,2017-09-22,1,Evan Davis;Bryce Davis;Gehrig Gosselin,Castle Steps LLC,windows,0,Online Multi-Player,Action;Indie;Early Access,Early Access;Action;Indie,0,21,4,1,1,0-20000,0.0,25,0.84,21.0,3.091042453358316,3.258096538021482,0.6931471805599453
656020,Beta Runner,2017-07-25,1,Lightsoutgames,Lightsoutgames,windows,0,Single-player;Steam Achievements;Stats,Adventure;Casual;Indie;Simulation,Indie;Casual;Adventure,12,4,0,0,0,0-20000,0.0,4,1.0,4.0,1.6094379124341005,1.6094379124341005,0.0
656620,Circuit Warz,2017-07-04,1,Arttu Tuovinen;Alan Bourhis;Michael Callaghan,Michael Callaghan,windows,0,Single-player,Action;Indie,Action;Indie,0,7,6,0,0,0-20000,0.0,13,0.5384615384615384,7.0,2.079441541679836,2.6390573296152584,0.0
657010,Lucky Night: Texas Hold'em VR,2017-07-26,1,ATC Games,ATC Games,windows,0,Online Multi-Player;In-App Purchases;Stats,Casual;Free to Play,Free to Play;Casual;VR,0,139,24,0,0,20000-50000,0.0,163,0.852760736196319,139.0,4.941642422609304,5.099866427824199,0.0
657050,Humanity Must Perish,2017-09-25,1,Zetsubou,Zetsubou,windows;mac;linux,0,Single-player;Steam Achievements;Full controller support,Casual;Indie;Simulation,Indie;Casual;Simulation,8,107,21,0,0,0-20000,0.0,128,0.8359375,107.0,4.68213122712422,4.859812404361672,0.0
657180,The Adliberum Engine (ADLENGINE),2017-06-23,1,Liam Twose,Liam Twose,windows,0,Single-player;Multi-player;Online Multi-Player;MMO;Co-op;Online Co-op;Includes level editor,Massively Multiplayer;RPG;Utilities;Early Access,Early Access;Massively Multiplayer;Utilities,0,6,1,0,0,0-20000,0.0,7,0.8571428571428571,6.0,1.9459101490553128,2.079441541679836,0.0
657410,Electronics Circuits Simulator,2017-07-06,1,Arttu Tuovinen;Alan Bourhis;Michael Callaghan,Michael Callaghan,windows,0,Single-player,Indie;Simulation,Simulation;Indie,0,9,6,0,0,0-20000,0.0,15,0.6,9.0,2.302585092994046,2.772588722239781,0.0
658420,Agents of Aggro City Online,2018-01-05,1,Starlight Studios,U Game Me,windows;mac;linux,0,Single-player;Online Multi-Player;MMO;Steam Achievements,Adventure;Casual;Indie;Massively Multiplayer;RPG;Strategy,Massively Multiplayer;Casual;RPG,35,3,6,0,0,0-20000,0.0,9,0.3333333333333333,3.0,1.3862943611198906,2.302585092994046,0.0
658470,Mini Battlegrounds,2018-08-20,1,IOA Games,IOA Games,windows,0,Multi-player;Online Multi-Player;MMO;Online Co-op,Action;Casual;Indie;Massively Multiplayer;Strategy,Action;Strategy;Casual,0,328,162,4,4,20000-50000,0.0,490,0.6693877551020408,328.0,5.796057750765372,6.19644412779452,1.6094379124341005
658510,Dark Eden Origin,2017-08-17,1,SOFTON ENTERTAINMENT,SOFTON ENTERTAINMENT,windows,0,Online Multi-Player;MMO,Free to Play;Massively Multiplayer;RPG,Free to Play;Massively Multiplayer;RPG,0,22,42,0,0,20000-50000,0.0,64,0.34375,22.0,3.1354942159291497,4.174387269895637,0.0
658970,CasinoRPG,2018-01-16,1,GoldFire Studios,GoldFire Studios,windows;mac,0,Multi-player;Online Multi-Player;MMO;Online Co-op;Cross-Platform Multiplayer;Steam Achievements;In-App Purchases,Casual;Free to Play;Indie;Massively Multiplayer;RPG;Simulation,Free to Play;RPG;Massively Multiplayer,191,62,47,0,0,20000-50000,0.0,109,0.5688073394495413,62.0,4.143134726391533,4.700480365792417,0.0
659000,Meta Star,2017-08-23,1,Lost-Ride Studios,Lost-Ride Studios,windows,0,Single-player;Partial Controller Support,Action;Indie;RPG;Early Access,Early Access;Action;RPG,0,8,3,0,0,0-20000,0.0,11,0.7272727272727273,8.0,2.19722457733622,2.4849066497880004,0.0
659630,Tiny Toyfare,2017-10-18,1,Super Suite Studios,Super Suite Studios,windows,0,Single-player;Full controller support,Action;Free to Play;Indie;Strategy,Free to Play;Indie;Strategy,0,22,8,0,0,20000-50000,0.0,30,0.7333333333333333,22.0,3.1354942159291497,3.4339872044851463,0.0
659900,Aetherspace,2017-07-03,1,Munchkin's Lair,Munchkin's Lair,windows,0,Single-player;Online Multi-Player;Cross-Platform Multiplayer,Free to Play;Indie;Strategy,Free to Play;Strategy;Indie,0,38,29,0,0,50000-100000,0.0,67,0.5671641791044776,38.0,3.6635616461296463,4.219507705176107,0.0
660070,Chromatic,2017-07-17,1,Marc-Antoine Jacob,MAJ Studio,windows,0,Single-player;Co-op;Local Co-op;Shared/Split Screen;Steam Achievements;Full controller support;Steam Leaderboards,Action;Indie,Indie;Action;Arcade,46,18,1,0,0,0-20000,0.0,19,0.9473684210526316,18.0,2.9444389791664403,2.995732273553991,0.0
660340,Robot King Part I: Rebooted and Ready,2017-10-14,1,Steven Taylor,Steven Taylor,windows,0,Single-player;Steam Achievements,Action;Free to Play;Indie,Free to Play;Action;Indie,17,16,23,0,0,0-20000,0.0,39,0.4102564102564102,16.0,2.833213344056216,3.688879454113936,0.0
660520,The IOTA Project,2017-09-07,1,DreamSail Games,DreamSail Games,windows,0,Single-player,Action;Free to Play;Indie;Simulation,Simulation;Free to Play;Action,0,40,21,0,0,50000-100000,0.0,61,0.6557377049180327,40.0,3.713572066704308,4.127134385045092,0.0
660830,Tanks2.DE,2019-03-22,1,Hannes Trebbin,Hannes Trebbin,windows;linux,0,Multi-player;Online Multi-Player;MMO;Steam Achievements;In-App Purchases,Action;Free to Play;Massively Multiplayer;Strategy;Early Access,Early Access;Action;Free to Play,8,19,10,0,0,0-20000,0.0,29,0.6551724137931034,19.0,2.995732273553991,3.4011973816621555,0.0
660880,b,2017-06-26,1,u&i,u&i,windows,0,Single-player;Partial Controller Support,Casual;Free to Play;Indie,Anime;Story Rich;Memes,0,2848,331,7,7,100000-200000,0.0,3179,0.8958792072978924,2848.0,7.954723334497908,8.064636475774222,2.079441541679836
661260,Bad Thoughts,2017-09-15,1,Burak Yücel,Burak Yücel,windows,0,Single-player,Violent;Action;Adventure;Indie,Action;Adventure;Indie,0,6,4,0,0,0-20000,0.0,10,0.6,6.0,1.9459101490553128,2.3978952727983707,0.0
661460,Thin Judgment,2017-07-10,1,James Roll,James Roll,windows,0,Single-player;Steam Achievements,Casual;Free to Play;Indie,Indie;Casual;Free to Play,8,7,8,0,0,0-20000,0.0,15,0.4666666666666667,7.0,2.079441541679836,2.772588722239781,0.0
661700,心の闇の先に Trial VersionⅡ,2018-01-15,0,It's a Wonderful Life,It's a Wonderful Life,windows,0,Single-player,Adventure;Free to Play,Free to Play;Adventure,0,11,9,0,0,0-20000,0.0,20,0.55,11.0,2.4849066497880004,3.044522437723423,0.0
661830,Lunarsea,2017-10-20,1,"Live in the Game, LLC Self","Live in the Game, LLC  Self",windows;mac,0,Single-player;Steam Achievements;In-App Purchases;Steam Cloud;Stats;Steam Leaderboards,Action;Casual;Free to Play;Indie,Free to Play;Action;Indie,33,34,10,0,0,0-20000,0.0,44,0.7727272727272727,34.0,3.555348061489413,3.80666248977032,0.0
661950,FlyingRock: Arena,2017-06-22,1,Edo Create,Edo Create,windows,0,Single-player;Commentary available,Free to Play;Indie,Free to Play;Indie,0,24,19,0,0,20000-50000,0.0,43,0.5581395348837209,24.0,3.218875824868201,3.784189633918261,0.0
661960,Dragon Lords: 3D Strategy,2017-09-11,1,FX Games,FX Games,windows;mac,0,Online Multi-Player;Cross-Platform Multiplayer;Steam Achievements;In-App Purchases;Steam Leaderboards;Steam Turn Notifications,Free to Play;Massively Multiplayer;Strategy,Free to Play;Strategy;Massively Multiplayer,145,57,27,0,0,20000-50000,0.0,84,0.6785714285714286,57.0,4.060443010546419,4.442651256490317,0.0
662470,SoundLites,2017-07-16,1,ICON Interactive,ICON Interactive,windows,0,Single-player;Steam Achievements,Casual;Free to Play;Indie,Free to Play;Indie;Casual,1,11,3,0,0,20000-50000,0.0,14,0.7857142857142857,11.0,2.4849066497880004,2.70805020110221,0.0
662700,Chop and Drop VR,2017-08-21,1,"Designing Digitally, Inc.","Designing Digitally, Inc.",windows,0,Single-player,Casual;Free to Play;Indie;Simulation,Free to Play;Simulation;Casual,0,25,10,0,0,20000-50000,0.0,35,0.7142857142857143,25.0,3.258096538021482,3.58351893845611,0.0
662830,Bombix,2018-03-02,1,Pragmatix Ltd,Pragmatix Ltd,windows;mac,0,Single-player;Multi-player;Online Multi-Player;Local Multi-Player;Co-op;Online Co-op;Local Co-op;Shared/Split Screen;In-App Purchases,Action;RPG;Strategy,Strategy;Action;RPG,0,567,263,0,0,100000-200000,0.0,830,0.6831325301204819,567.0,6.342121418721152,6.7226297948554485,0.0
662870,The Cerberus Project: Horde Arena FPS,2017-10-04,1,Ilya Gorodetskov,Ilya Gorodetskov,windows,0,Single-player,Action;Indie,Action;Indie;Swordplay,0,2,1,0,0,0-20000,0.0,3,0.6666666666666666,2.0,1.0986122886681098,1.3862943611198906,0.0
663090,Granado Espada,2017-10-15,1,"IMCGAMES Co.,Ltd.","IMCGAMES Co.,Ltd.",windows,0,Online Multi-Player;MMO;Steam Trading Cards;In-App Purchases,Free to Play;Massively Multiplayer;RPG,Free to Play;RPG;Massively Multiplayer,0,181,124,44,44,100000-200000,0.0,305,0.5934426229508196,181.0,5.204006687076795,5.723585101952381,3.80666248977032
663170,Prime Shift,2017-08-04,1,David Mulder,David Mulder,windows,0,Online Multi-Player;Stats;Steam Leaderboards,Strategy,Strategy,0,2,1,0,0,0-20000,0.0,3,0.6666666666666666,2.0,1.0986122886681098,1.3862943611198906,0.0
663690,Rival Rampage,2017-11-07,1,2-Volt Games,2-Volt Games,windows;mac,0,Online Multi-Player,Action;Indie;Early Access,Early Access;Action;Indie,0,18,5,0,0,0-20000,0.0,23,0.782608695652174,18.0,2.9444389791664403,3.1780538303479458,0.0
665040,Visual Novel Engine,2017-07-07,1,qberty,The Local Group,windows;mac;linux,0,Captions available;Steam Cloud;Includes level editor,Design & Illustration;Utilities;Web Publishing;Early Access,Early Access;Utilities;Web Publishing,0,45,18,0,0,0-20000,0.0,63,0.7142857142857143,45.0,3.828641396489095,4.158883083359672,0.0
665490,The Monster Inside,2017-08-01,1,Random Seed Games,Random Seed Games,windows;mac;linux,0,Single-player;Steam Achievements,Free to Play;Indie,Free to Play;Indie;Visual Novel,7,983,143,2,2,100000-200000,0.0,1126,0.8730017761989343,983.0,6.891625897052253,7.027314514039777,1.0986122886681098
665740,Book Of Potentia 2,2017-07-22,1,SolarByte,SolarByte,windows,0,Single-player;Shared/Split Screen;Full controller support,Free to Play;Indie,Free to Play;Indie;Rogue-like,0,75,29,0,0,20000-50000,0.0,104,0.7211538461538461,75.0,4.330733340286331,4.653960350157523,0.0
666220,CS2D,2017-11-15,1,Unreal Software,Unreal Software,windows;mac;linux,0,Single-player;Online Multi-Player;Cross-Platform Multiplayer;Steam Achievements;Includes level editor,Action;Casual;Free to Play;Indie,Free to Play;Multiplayer;Action,66,4875,579,41,10,500000-1000000,0.0,5454,0.8938393839383938,4875.0,8.492080490601163,8.604287898267172,3.737669618283368
666310,Space of Darkness,2018-07-10,1,PilotLumpa Gaming,PilotLumpa Gaming,windows,0,Single-player;Steam Achievements,Violent;Gore;Action;Adventure;Casual;Indie,Adventure;Action;Indie,10,31,32,0,0,0-20000,0.0,63,0.492063492063492,31.0,3.4657359027997265,4.158883083359672,0.0
666860,Bit Heroes,2017-12-13,1,Juppiomenz,Kongregate,windows,0,Single-player;MMO;Online Co-op;Cross-Platform Multiplayer;Steam Achievements;Steam Trading Cards;In-App Purchases,Adventure;Free to Play;Massively Multiplayer;RPG,Free to Play;RPG;Adventure,21,672,216,2991,4069,200000-500000,0.0,888,0.7567567567567568,672.0,6.511745329644728,6.790097235513905,8.003697339094368
667120,iTownGamePlay UNIVERSE,2017-07-19,0,UnderMax Games,UnderMax Games,windows,0,Single-player;Steam Achievements,Adventure;Free to Play;Indie;RPG,Free to Play;Adventure;Indie,13,15,29,0,0,20000-50000,0.0,44,0.3409090909090909,14.999999999999998,2.772588722239781,3.80666248977032,0.0
667160,Sphere Frustration,2017-07-14,1,GreatherGames,GreatherGames,windows,0,Single-player;Shared/Split Screen;Steam Achievements;Partial Controller Support,Casual;Free to Play;Indie,Indie;Casual;Free to Play,9,14,3,0,0,0-20000,0.0,17,0.8235294117647058,14.0,2.70805020110221,2.8903717578961645,0.0
667530,Drunken Wrestlers 2,2019-04-01,1,Oleg Skutte,Oleg Skutte,windows,0,Multi-player;Online Multi-Player;Shared/Split Screen;Steam Achievements;Steam Workshop;Steam Cloud;Includes level editor,Action;Casual;Free to Play;Indie;Simulation;Sports,Free to Play;Multiplayer;Simulation,1,385,86,0,0,100000-200000,0.0,471,0.8174097664543525,385.0,5.955837369464831,6.156978985585555,0.0
667870,MINDNIGHT,2017-08-04,1,No Moon,No Moon,windows;mac;linux,0,Multi-player;Online Multi-Player;Steam Achievements;In-App Purchases;Stats,Free to Play;Indie;RPG;Strategy,Free to Play;RPG;Strategy,87,962,197,513,919,100000-200000,0.0,1159,0.8300258843830889,962.0,6.870053411798126,7.05617528410041,6.2422232654551655
667890,Dead Maze,2018-02-13,1,Atelier 801,Atelier 801,windows;mac;linux,0,Multi-player;Online Multi-Player;MMO;Co-op;Online Co-op;Steam Achievements;Steam Trading Cards;In-App Purchases,Action;Free to Play;Massively Multiplayer,Free to Play;Survival;Massively Multiplayer,26,1897,746,130,80,500000-1000000,0.0,2643,0.7177449867574726,1897.0,7.5485559791698735,7.880048200971577,4.875197323201151
668170,Incline,2017-10-09,1,Homewreckers Studio,Homewreckers Studio,windows,0,Single-player;Multi-player;Online Multi-Player;Cross-Platform Multiplayer;Steam Workshop;In-App Purchases;Partial Controller Support,Action;Free to Play;Indie;Racing;Simulation;Sports;Early Access,Early Access;Racing;Free to Play,0,170,186,15,15,100000-200000,0.0,356,0.4775280898876404,170.0,5.14166355650266,5.877735781779639,2.772588722239781
668190,Wordabeasts,2017-12-20,1,Logiraffe,Logiraffe,windows;mac,0,Multi-player;Local Multi-Player;Shared/Split Screen;Steam Achievements,Casual;Indie,Indie;Casual;Local Multiplayer,11,3,2,0,0,0-20000,0.0,5,0.6,3.0,1.3862943611198906,1.791759469228055,0.0
668610,Wars of Seignior,2018-12-26,1,WeMakeApp Studio,Eyougame,windows,0,Single-player;Multi-player;Online Multi-Player;In-App Purchases,Action;Indie;Strategy,Action;Strategy;Indie,0,24,9,0,0,0-20000,0.0,33,0.7272727272727273,24.0,3.218875824868201,3.5263605246161616,0.0
668770,Solarium,2017-07-27,1,Sunfleck Software,Sunfleck Software,windows,0,Single-player,Adventure;Free to Play;Simulation,Free to Play;Adventure;Simulation,0,76,44,0,0,50000-100000,0.0,120,0.6333333333333333,76.0,4.343805421853684,4.795790545596741,0.0
668850,The Istrys,2017-09-01,1,Hohng LLC,Hohng LLC,windows,0,Single-player;Local Multi-Player;Local Co-op;Shared/Split Screen;Steam Achievements;Steam Leaderboards,Casual,Casual,51,4,2,0,0,0-20000,0.0,6,0.6666666666666666,4.0,1.6094379124341005,1.9459101490553128,0.0
669440,IKAROS,2017-09-02,1,Studio Mori,Studio Mori,windows,0,Single-player,Adventure;Free to Play;Indie,Free to Play;Adventure;Indie,0,22,4,0,0,20000-50000,0.0,26,0.8461538461538461,22.0,3.1354942159291497,3.295836866004329,0.0
669580,The Ultimatest Battle,2017-09-12,1,Ediogames,Ediogames,windows;mac,0,Multi-player;Online Multi-Player;Cross-Platform Multiplayer;In-App Purchases,Action;Free to Play;Indie;Massively Multiplayer,Free to Play;Action;Indie,0,378,110,35,61,100000-200000,0.0,488,0.7745901639344263,378.0,5.937536205082426,6.192362489474872,3.58351893845611
669630,Hollowed,2017-11-02,1,Project Polish Productions,Project Polish Productions,windows,0,Single-player;Steam Achievements;Full controller support,Action;Adventure;Indie,Indie;Action;Adventure,18,92,21,0,0,20000-50000,0.0,113,0.8141592920353983,92.0,4.532599493153256,4.736198448394496,0.0
670290,Real Pool 3D - Poolians,2018-01-04,1,Poolians.com,ThankGame.com,windows,0,Single-player;Multi-player;Online Multi-Player;In-App Purchases;Stats,Casual;Free to Play;Indie;Simulation;Sports,Free to Play;Simulation;Sports,0,612,236,106,187,200000-500000,0.0,848,0.7216981132075472,612.0,6.418364935936212,6.744059186311348,4.672828834461906
670500,RC Plane 3,2017-08-07,1,FrozenPepper S.R.L,FrozenPepper S.R.L.,windows;mac,0,Single-player;Online Multi-Player;Cross-Platform Multiplayer;Steam Achievements;Partial Controller Support;Steam Leaderboards,Racing;Simulation;Sports,Simulation;Racing;Sports,38,47,27,0,0,20000-50000,0.0,74,0.6351351351351351,47.0,3.871201010907891,4.31748811353631,0.0
670830,VR Trivia Battle,2018-10-23,1,RLTY CHK,RLTY CHK,windows,0,Multi-player;Online Multi-Player;Cross-Platform Multiplayer;In-App Purchases,Casual;Free to Play,Free to Play;Casual;VR,0,7,2,0,0,0-20000,0.0,9,0.7777777777777778,7.0,2.079441541679836,2.302585092994046,0.0
671310,Pararea--Social VR for Everyone (Beta),2017-09-15,1,Metaverse,Metaverse,windows,0,Multi-player;Online Multi-Player;MMO;Co-op;Online Co-op;Cross-Platform Multiplayer,Casual;Free to Play;Massively Multiplayer;RPG;Sports;Early Access,Early Access;Free to Play;Casual,0,19,9,0,0,20000-50000,0.0,28,0.6785714285714286,19.0,2.995732273553991,3.367295829986474,0.0
671690,[MARS] Total Warfare,2018-12-01,1,TCR,TCR,windows,0,Online Multi-Player;MMO,Action;Free to Play;Massively Multiplayer;Strategy,Free to Play;Strategy;Action,0,40,16,0,0,0-20000,0.0,56,0.7142857142857143,40.0,3.713572066704308,4.04305126783455,0.0
671700,Dead Horizon,2017-08-11,1,14 Hours Productions,14 Hours Productions,windows;mac;linux,0,Single-player,Action;Adventure;Indie,Indie;Action;Pixel Graphics,0,221,11,0,0,0-20000,0.0,232,0.9525862068965516,221.0,5.402677381872279,5.4510384535657,0.0
671720,Robin,2018-02-08,1,Isabelle Dela Torre;José Fernando Gracia;Annaliese Bevan;Poppy de Raad,Group Pug,windows,0,Single-player;Steam Achievements;Captions available,Casual;Free to Play;Indie;Simulation,Free to Play;Simulation;Indie,6,317,56,0,0,50000-100000,0.0,373,0.8498659517426274,317.0,5.762051382780177,5.924255797414532,0.0
672000,System Goose Overload,2017-08-04,1,Joseph Calabro,Joseph Calabro,windows,0,Single-player;Partial Controller Support,Adventure;Indie;RPG,Adventure;RPG;Indie,0,40,3,0,0,0-20000,0.0,43,0.9302325581395348,40.0,3.713572066704308,3.784189633918261,0.0
672640,War Robots VR: The Skirmish,2017-08-10,1,Pixonic,Pixonic,windows,0,Single-player;Full controller support;VR Support,Action;Free to Play;Simulation,Free to Play;Action;Robots,0,422,84,0,0,200000-500000,0.0,506,0.83399209486166,422.0,6.0473721790462776,6.228511003591184,0.0
672650,MONITOR: The Game,2017-09-15,1,DNT Games,DNT Games,windows,0,Single-player;Steam Achievements;Commentary available,Sexual Content;Violent;Free to Play,Free to Play;Violent;Sexual Content,53,43,5,0,0,20000-50000,0.0,48,0.8958333333333334,43.0,3.784189633918261,3.8918202981106265,0.0
672680,Call of War,2017-10-21,1,Bytro Labs GmbH,Bytro Labs GmbH,windows;mac,0,Multi-player;Online Multi-Player;MMO;Cross-Platform Multiplayer;Steam Achievements;Steam Trading Cards;In-App Purchases,Free to Play;Massively Multiplayer;Simulation;Strategy,Free to Play;Strategy;World War II,147,693,682,219,219,200000-500000,0.0,1375,0.504,693.0,6.542471960506805,7.226936018493289,5.393627546352362
672730,Find You,2017-09-04,1,Byting Games,Byting Games,windows,0,Single-player;Steam Achievements;Full controller support;Steam Cloud;Includes level editor,Free to Play;Indie,Indie;Free to Play;Platformer,7,301,17,612,612,50000-100000,0.0,318,0.9465408805031448,301.0,5.71042701737487,5.765191102784844,6.418364935936212
673070,The Ranger: Lost Tribe,2017-08-01,1,Leiting Interactive,Leiting Interactive,windows,0,Single-player;Captions available;Steam Cloud,Violent;Action;Adventure;Free to Play;RPG;Simulation,Free to Play;VR;Adventure,0,225,47,4,5,100000-200000,0.0,272,0.8272058823529411,225.0,5.420534999272286,5.60947179518496,1.6094379124341005
673430,Mahjong Magic Islands,2017-10-24,1,Rainbow Games,Rainbow Games,windows,0,Single-player;In-App Purchases,Casual;Free to Play,Free to Play;Casual,0,30,13,28,28,20000-50000,0.0,43,0.6976744186046512,30.0,3.4339872044851463,3.784189633918261,3.367295829986474
673560,IOSoccer,2018-06-08,1,IOSoccer Team,IOSoccer Team,windows,0,Multi-player;Online Multi-Player;Co-op;Online Co-op,Free to Play;Indie;Sports;Early Access,Early Access;Free to Play;Sports,0,368,131,9,9,100000-200000,0.0,499,0.7374749498997996,368.0,5.910796644040527,6.214608098422191,2.302585092994046
673590,Amazing Thailand VR Experience,2017-11-13,1,"F.U.U.M. Co., Ltd.","F.U.U.M. Co., Ltd.",windows,0,Single-player,Casual,Casual;VR,0,3,4,0,0,0-20000,0.0,7,0.4285714285714285,3.0,1.3862943611198906,2.079441541679836,0.0
673620,Slizer Battle Management System,2018-05-07,1,slizer88,slizer88,windows,0,Single-player;Captions available,Free to Play;Indie;Simulation;Strategy,Free to Play;Strategy;Simulation,0,36,10,0,0,20000-50000,0.0,46,0.782608695652174,36.0,3.610917912644224,3.8501476017100575,0.0
673900,Avem33,2017-08-04,1,WaVR,WaVR,windows,0,Single-player,Casual;Free to Play;Indie;Racing,Free to Play;Racing;Casual,0,17,13,0,0,20000-50000,0.0,30,0.5666666666666667,17.0,2.8903717578961645,3.4339872044851463,0.0
673940,Dragon Glory,2017-10-10,1,TeamTop Games,101XP,windows,0,Online Multi-Player;MMO;Steam Trading Cards;In-App Purchases,Nudity;Action;Adventure;Free to Play;Massively Multiplayer;RPG,Free to Play;Nudity;RPG,0,26,33,0,0,20000-50000,0.0,59,0.4406779661016949,26.0,3.295836866004329,4.0943445622221,0.0
674130,Bare Metal,2017-12-01,1,Michael McCartney,Michael McCartney,windows;mac,0,Single-player;Online Multi-Player;Shared/Split Screen;Cross-Platform Multiplayer;Full controller support,Free to Play;Indie;Simulation;Strategy,Free to Play;Indie;Strategy,0,57,10,0,0,0-20000,0.0,67,0.8507462686567164,57.0,4.060443010546419,4.219507705176107,0.0
674400,Einar,2017-07-20,1,DreamPunks,DreamPunks,windows,0,Single-player;Full controller support,Violent;Action;Casual;Free to Play;Indie;Strategy,Free to Play;Action;Survival,0,852,533,21,21,200000-500000,0.0,1385,0.6151624548736462,852.0,6.748759547491679,7.234177179749849,3.091042453358316
674580,Fare Thee Well,2018-04-06,1,Watercress Studios,Watercress Studios,windows;mac;linux,0,Single-player,Free to Play,Free to Play;Visual Novel;Anime,0,75,2,0,0,0-20000,0.0,77,0.974025974025974,75.0,4.330733340286331,4.356708826689592,0.0
675230,Secondhand Lands,2017-12-01,1,"Callipygian Games, LLC","Callipygian Games, LLC",windows,0,Online Multi-Player;MMO;Online Co-op;Steam Achievements;In-App Purchases;Steam Cloud,Adventure;Casual;Free to Play;Massively Multiplayer;RPG,Free to Play;Massively Multiplayer;Adventure,18,39,23,0,0,0-20000,0.0,62,0.6290322580645161,39.0,3.688879454113936,4.143134726391533,0.0
675560,NAVYFIELD,2017-09-26,1,SDEnterNET,Naiadgames,windows,0,Multi-player;Online Multi-Player;MMO;In-App Purchases,Free to Play;Massively Multiplayer;RPG;Simulation;Strategy,Strategy;Massively Multiplayer;Free to Play,0,207,100,0,0,50000-100000,0.0,307,0.6742671009771987,207.0,5.337538079701318,5.730099782973574,0.0
675630,Super POTUS Trump,2017-08-08,1,"Emerson Design, Inc.","Emerson Design, Inc.",windows,0,Single-player;Steam Achievements;Steam Leaderboards,Casual;Free to Play;Indie,Free to Play;Casual;Indie,12,216,170,10,10,50000-100000,0.0,386,0.5595854922279793,216.0,5.37989735354046,5.958424693029782,2.3978952727983707
676070,an Orc's Tale: Kriegsruf,2017-08-15,0,Deydrihm,Deydrihm,windows,0,Single-player;Partial Controller Support;Commentary available,Violent;Adventure;Free to Play;Indie;RPG;Early Access,Early Access;Free to Play;Adventure,0,14,6,0,0,0-20000,0.0,20,0.7,14.0,2.70805020110221,3.044522437723423,0.0
676470,Sommad,2017-08-07,1,Rovango Studio,Rovango Studio,windows,0,Single-player;Local Multi-Player;Local Co-op;Shared/Split Screen,Adventure;Casual;Indie,Adventure;Indie;Casual,0,18,0,0,0,0-20000,0.0,18,1.0,18.0,2.9444389791664403,2.9444389791664403,0.0
676490,Heroes of Civilizations,2017-08-11,1,Heroes Dev Team,Heroes Dev Team,windows,0,Single-player;Multi-player;Online Multi-Player;Local Multi-Player;Steam Achievements;Includes level editor,Free to Play;Indie;Strategy,Free to Play;Strategy;Indie,20,12,31,0,0,20000-50000,0.0,43,0.2790697674418604,12.0,2.5649493574615367,3.784189633918261,0.0
676770,Island Dash,2017-08-30,1,Flo Knödl;Johannes Fischer;Michael Hütter;Christoph Müller;Simon Eberl;Thomas Kern;Lukas Schönwiese,Flo Knödl,windows,0,Single-player,Adventure;Casual;Free to Play;Indie,Free to Play;Adventure;Indie,1,388,77,52,52,50000-100000,0.0,465,0.8344086021505376,388.0,5.963579343618446,6.144185634125646,3.970291913552122
676800,Dark Descent: The Blue Rose,2017-07-20,1,Steve Antoniadis,Minibrute Games,windows,0,Single-player,Adventure;Casual;Indie;RPG,Adventure;Indie;Casual,0,10,3,0,0,0-20000,0.0,13,0.7692307692307693,10.0,2.3978952727983707,2.6390573296152584,0.0
678090,Symploke: Legend of Gustavo Bueno (Chapter 1),2017-09-30,1,Videojuegos Fermín,Videojuegos Fermín,windows,0,Single-player,Adventure;Free to Play;Indie,Free to Play;Adventure;Indie,0,37,10,0,0,0-20000,0.0,47,0.7872340425531915,37.0,3.6375861597263857,3.871201010907891,0.0
678450,Full-On Paintball,2018-03-12,1,Gamepainters,Gamepainters,windows,0,Single-player;Multi-player;Online Multi-Player;Local Multi-Player;Steam Achievements,Action;Casual;Indie;Massively Multiplayer;Simulation;Sports,Action;Massively Multiplayer;Indie,88,6,10,0,0,0-20000,0.0,16,0.375,6.0,1.9459101490553128,2.833213344056216,0.0
678800,SAS: Zombie Assault 4,2017-10-16,1,Ninja Kiwi,Ninja Kiwi,windows;mac,0,Single-player;Online Multi-Player;Online Co-op;Cross-Platform Multiplayer;Steam Achievements;Full controller support;In-App Purchases;Steam Leaderboards,Action;Free to Play;RPG,Free to Play;Multiplayer;Zombies,59,2086,501,40,41,500000-1000000,0.0,2587,0.8063393892539621,2086.0,7.643482907077201,7.858640655620791,3.713572066704308
678940,Nox Dei,2017-12-01,0,Binary Souls,Binary Souls,windows,0,Single-player,RPG,RPG;RPGMaker,0,12,1,0,0,0-20000,0.0,13,0.9230769230769232,12.0,2.5649493574615367,2.6390573296152584,0.0
679400,Relik,2017-10-18,1,Iron 27,Iron 27,windows;mac,0,Single-player;Multi-player;Online Multi-Player;Steam Trading Cards;In-App Purchases,Free to Play;Indie;Strategy;Early Access,Early Access;Free to Play;Indie,0,128,17,0,0,20000-50000,0.0,145,0.8827586206896552,128.0,4.859812404361672,4.983606621708336,0.0
679470,Solenars Edge Rebirth,2017-08-01,1,Team Syukino,Team Syukino,windows,0,Single-player;Steam Achievements;Partial Controller Support;Steam Cloud,Indie;RPG,RPG;Indie;Anime,5,21,6,0,0,0-20000,0.0,27,0.7777777777777778,21.0,3.091042453358316,3.332204510175204,0.0
680040,Kukui,2017-08-09,1,Sijawa Production,Sijawa Production,windows,0,Single-player,Adventure;Casual;Indie;RPG,Adventure;Indie;Casual,3,2,3,0,0,0-20000,0.0,5,0.4,2.0,1.0986122886681098,1.791759469228055,0.0
680170,VR Triber,2017-10-26,1,VR Triber,VR Triber,windows,0,Multi-player;Online Multi-Player;Online Co-op,Action;Adventure;Casual;Free to Play;Indie;Massively Multiplayer;Racing;Simulation;Sports;Early Access,Early Access;Free to Play;Massively Multiplayer,0,6,8,0,0,0-20000,0.0,14,0.4285714285714285,6.0,1.9459101490553128,2.70805020110221,0.0
680310,Poker World - Single Player,2017-08-27,1,Azerion;Youda Games Holding B.V.,Azerion,windows,0,Single-player;Steam Achievements;Steam Trading Cards;In-App Purchases;Steam Leaderboards,Casual;Free to Play;Simulation,Free to Play;Simulation;Casual,50,69,84,0,0,50000-100000,0.0,153,0.4509803921568627,69.0,4.248495242049359,5.0369526024136295,0.0
680730,Plight,2018-02-02,1,NewFort Studios,Castle Production Services,windows,0,Single-player,Adventure;Free to Play;Indie,Free to Play;Indie;Adventure,0,19,6,0,0,0-20000,0.0,25,0.76,19.0,2.995732273553991,3.258096538021482,0.0
681500,Lumber King,2017-08-16,1,WnMStudio,WnMStudio,windows,0,Single-player;Steam Achievements;Steam Cloud,Free to Play,Free to Play;Clicker,8,46,76,0,0,20000-50000,0.0,122,0.3770491803278688,46.0,3.8501476017100575,4.812184355372417,0.0
681660,Bless Online,2018-10-23,1,NEOWIZ BLESS STUDIO,NEOWIZ,windows,0,Single-player;Multi-player;Online Multi-Player;MMO;Co-op;Online Co-op;Steam Achievements;Steam Trading Cards;In-App Purchases,Action;Adventure;Free to Play;Massively Multiplayer;RPG,MMORPG;Open World;Massively Multiplayer,55,3960,5806,5598,8392,200000-500000,0.0,9766,0.405488429244317,3960.0,8.284251797621916,9.186764635447478,8.630343289348893
682290,Zeus' Battlegrounds,2018-09-28,1,Industry Games,Industry Games,windows,0,Online Multi-Player;Online Co-op;Cross-Platform Multiplayer;Steam Achievements;In-App Purchases;Stats,Action;Free to Play;Massively Multiplayer;Early Access,Early Access;Free to Play;Action,22,474,398,0,0,200000-500000,0.0,872,0.5435779816513762,474.0,6.163314804034641,6.771935555839602,0.0
682420,DimensionsVS,2018-08-20,1,TeePee Studios,TeePee Studios,windows,0,Single-player;Multi-player;Online Multi-Player;Local Multi-Player;Shared/Split Screen;Partial Controller Support,Action;Free to Play;Indie;Early Access,Early Access;Free to Play;Action,0,68,39,0,0,20000-50000,0.0,107,0.6355140186915887,68.0,4.23410650459726,4.68213122712422,0.0
682620,Cosmos Invictus,2018-06-27,1,Pegnio Ltd,Pegnio Ltd,windows,0,Single-player;Online Multi-Player;Steam Achievements;In-App Purchases,Free to Play;Massively Multiplayer;Strategy;Early Access,Early Access;Free to Play;Massively Multiplayer,10,23,26,0,0,0-20000,0.0,49,0.4693877551020408,23.0,3.1780538303479458,3.912023005428146,0.0
682740,Data Thief,2018-04-10,1,"Ottercopter Studios, LLC","Ottercopter Studios, LLC",windows,0,Single-player;Steam Achievements;Steam Leaderboards,Indie,Indie;VR,13,5,2,0,0,0-20000,0.0,7,0.7142857142857143,5.0,1.791759469228055,2.079441541679836,0.0
682960,Purgation,2017-10-06,1,Arttu Tuovinen;Paul Georgeon;Corentin Jezequel;Eddine Omar;Alexandre Petrault;Johan Rendy,Michael Callaghan,windows,0,Single-player;Steam Achievements;Steam Cloud,Violent;Gore;Indie,Indie;Gore;Violent,6,5,4,0,0,0-20000,0.0,9,0.5555555555555556,5.0,1.791759469228055,2.302585092994046,0.0
682970,MineFight,2017-09-23,1,Talpel Games,Talpel Games,windows,0,Local Multi-Player;Shared/Split Screen,Action;Free to Play;Indie,Free to Play;Action;Indie,0,27,99,0,0,50000-100000,0.0,126,0.2142857142857142,27.0,3.332204510175204,4.844187086458591,0.0
683670,BLOKDODGE,2017-09-19,1,Maxwell Volz;David Zeiser,David Zeiser,windows,0,Single-player;Steam Achievements;Full controller support;Stats;Steam Leaderboards,Casual;Free to Play;Indie,Free to Play;Indie;Casual,13,26,3,0,0,0-20000,0.0,29,0.896551724137931,26.0,3.295836866004329,3.4011973816621555,0.0
683730,CrownFall,2017-08-17,1,EnchantedLands;Oddeyefish,PsychoFlux Entertainment,windows,0,Single-player;Steam Achievements;Partial Controller Support,Action;Indie,Action;Indie;Shooter,105,8,9,0,0,0-20000,0.0,17,0.4705882352941176,8.0,2.19722457733622,2.8903717578961645,0.0
683930,A Wonder,2017-11-13,1,Class of  2016-2017,Campus ADN,windows,0,Single-player;Full controller support;Commentary available,Adventure;Casual;Free to Play;Indie,Free to Play;Adventure;Casual,0,44,41,0,0,50000-100000,0.0,85,0.5176470588235295,44.00000000000001,3.80666248977032,4.454347296253507,0.0
684210,7,2018-01-26,1,Zac,Zac,windows,0,Single-player;Partial Controller Support,Adventure;Free to Play;Indie,Free to Play;Indie;Adventure,10,86,22,0,0,20000-50000,0.0,108,0.7962962962962963,86.0,4.465908118654584,4.691347882229144,0.0
684250,月之暗面 The Dark Side Of The Moon,2017-08-21,0,一杯烟雨游戏工作室,一杯烟雨游戏工作室,windows,0,Single-player;Online Multi-Player,Casual;Free to Play;Indie;Strategy,Free to Play;Casual;Strategy,0,30,19,0,0,20000-50000,0.0,49,0.6122448979591837,30.0,3.4339872044851463,3.912023005428146,0.0
684380,MermaidVR Video Player,2017-08-15,1,Mermaid VR Inc.,Mermaid VR Inc.,windows,0,Partial Controller Support,Utilities;Video Production,Utilities;Video Production;VR,0,67,14,0,0,50000-100000,0.0,81,0.8271604938271605,67.0,4.219507705176107,4.406719247264253,0.0
684400,Power War:The First Men,2018-03-22,1,Andrea Mancuso;Graziano Ferraro,Ferman Studio,windows,0,Multi-player;Online Multi-Player,Violent;Action;Indie;Massively Multiplayer,Indie;Action;Massively Multiplayer,0,3,1,0,0,0-20000,0.0,4,0.75,3.0,1.3862943611198906,1.6094379124341005,0.0
685200,Seconds to Square,2017-08-23,1,Fast Fall Studios,Fast Fall Studios,windows;mac,0,Single-player,Action;Free to Play;Indie;Early Access,Early Access;Free to Play;Action,0,41,15,0,0,0-20000,0.0,56,0.7321428571428571,41.0,3.737669618283368,4.04305126783455,0.0
685310,Transport Defender,2017-09-11,1,Coconut Shavers,Coconut Shavers,windows,0,Single-player;Steam Achievements;In-App Purchases;Steam Cloud;Stats,Casual;Free to Play;Strategy,Free to Play;Clicker;Casual,362,192,58,104,104,50000-100000,0.0,250,0.768,192.0,5.262690188904886,5.525452939131784,4.653960350157523
685420,Grace of Zordan,2017-10-25,1,Cybergrotex,Cybergrotex,windows,0,Multi-player;Online Multi-Player;Steam Achievements;Steam Trading Cards;In-App Purchases;Steam Cloud;Stats;Steam Leaderboards,Free to Play;Indie;Strategy;Early Access,Early Access;Free to Play;Indie,15,82,64,0,0,20000-50000,0.0,146,0.5616438356164384,82.0,4.418840607796598,4.990432586778736,0.0
685450,Cobos,2017-10-17,1,Anton Shatalov,Anton Shatalov,windows,0,Single-player,Action;Early Access,Early Access;Action,0,6,0,0,0,0-20000,0.0,6,1.0,6.0,1.9459101490553128,1.9459101490553128,0.0
686010,The Hunt - Rebuilt,2017-09-12,1,Peddler Games,Peddler Games,windows,0,Single-player,Indie;RPG,Indie;Violent;RPG,0,12,1,0,0,0-20000,0.0,13,0.9230769230769232,12.0,2.5649493574615367,2.6390573296152584,0.0
686340,Insanity VR: Last Score,2017-08-15,1,Threevol,Threevol,windows,0,Single-player,Violent;Gore;Adventure;Free to Play;Indie,Free to Play;Adventure;Horror,0,109,16,1,1,20000-50000,0.0,125,0.872,109.0,4.700480365792417,4.836281906951478,0.6931471805599453
686870,Lost Items,2017-08-03,1,ZoR Dev,ZoR Dev,windows,0,Single-player,Free to Play;Indie;Early Access,Early Access;Free to Play;Indie,0,20,8,0,0,0-20000,0.0,28,0.7142857142857143,20.0,3.044522437723423,3.367295829986474,0.0
686940,Captivus,2017-10-03,1,Christopher Howard,Christopher Howard,windows,0,Online Multi-Player;Steam Leaderboards,Casual;Strategy;Early Access,Early Access;Strategy;Casual,0,4,3,0,0,0-20000,0.0,7,0.5714285714285714,4.0,1.6094379124341005,2.079441541679836,0.0
686950,AESCULAP® OrthoPilot®Elite VR Palpation,2017-09-18,1,NMY Mixed-Reality Communication GmbH,B. Braun,windows,0,Single-player;Steam Leaderboards,Casual;Free to Play;Simulation,Free to Play;Simulation;Casual,0,6,2,0,0,0-20000,0.0,8,0.75,6.0,1.9459101490553128,2.19722457733622,0.0
687280,The Awakening,2017-09-21,1,Dark Polygon Ltda.;Jalomot Ltda.,Dark Polygon Ltda.,windows;mac,0,Online Multi-Player;Cross-Platform Multiplayer;In-App Purchases,Free to Play;Strategy,Free to Play;Strategy;Card Game,0,29,25,1,1,50000-100000,0.0,54,0.5370370370370371,29.000000000000004,3.4011973816621555,4.007333185232471,0.6931471805599453
687320,MINE!,2017-09-05,1,Tantrum Lab,Tantrum North America,windows,0,Single-player,Action,Action;VR,0,8,4,0,0,0-20000,0.0,12,0.6666666666666666,8.0,2.19722457733622,2.5649493574615367,0.0
687590,Juniper's Knot,2017-08-29,1,Dischan Media,Dischan Media,windows;mac;linux,0,Single-player;Partial Controller Support,Casual;Indie,Indie;Casual;Visual Novel,0,142,5,0,0,0-20000,0.0,147,0.9659863945578232,142.0,4.962844630259907,4.997212273764115,0.0
687630,Epic Cards Battle 2 (TCG),2018-09-07,1,momoStorm Entertainment,momoStorm Entertainment,windows,0,Single-player;Online Multi-Player;Cross-Platform Multiplayer;In-App Purchases,Adventure;Casual;Free to Play;Strategy,Free to Play;Strategy;Adventure,0,53,33,0,0,20000-50000,0.0,86,0.6162790697674418,53.0,3.9889840465642745,4.465908118654584,0.0
687730,My Way VR,2017-11-20,1,Destinations VR,Destinations VR,windows,0,Single-player,Casual;Simulation,Casual;Simulation;VR,0,1,3,0,0,0-20000,0.0,4,0.25,1.0,0.6931471805599453,1.6094379124341005,0.0
687850,Head Goal: Soccer Online,2017-08-18,1,Unusualsoft,Unusualsoft,windows;mac,0,Multi-player;Online Multi-Player;Co-op;Online Co-op;Cross-Platform Multiplayer;In-App Purchases,Action;Free to Play;Sports,Free to Play;Action;Sports,0,272,81,58,58,50000-100000,0.0,353,0.7705382436260623,272.0,5.60947179518496,5.869296913133774,4.07753744390572
687870,CINEVR - The Movie Theater,2017-08-28,1,CINEMUR,CINEMUR,windows,0,Full controller support;In-App Purchases,Utilities,Utilities;VR;Simulation,0,13,16,0,0,0-20000,0.0,29,0.4482758620689655,13.0,2.6390573296152584,3.4011973816621555,0.0
687980,Mothlight,2017-08-25,1,Samu,Samu,windows,0,Single-player;Partial Controller Support,Free to Play;Indie;RPG,Free to Play;RPG;Indie,0,242,12,0,0,20000-50000,0.0,254,0.952755905511811,242.0,5.493061443340548,5.541263545158426,0.0
688500,Rise of One,2017-09-07,1,Patriot Game Studio,Patriot Game Studio,windows,0,Multi-player;Online Multi-Player;Co-op;Online Co-op;In-App Purchases,Action;Free to Play;Indie;Strategy;Early Access,Early Access;Strategy;Free to Play,0,54,26,0,0,0-20000,0.0,80,0.675,54.0,4.007333185232471,4.394449154672439,0.0
688650,You Doesn't Exist,2017-09-26,1,Yo252yo,Yo252yo,windows;linux,0,Single-player,Free to Play;RPG,Free to Play;RPG;Psychedelic,0,31,23,0,0,0-20000,0.0,54,0.5740740740740741,31.0,3.4657359027997265,4.007333185232471,0.0
688940,Steve's Pub - Soda on tap,2018-09-20,1,gitcare,gitcare,windows,0,Single-player,Action;Casual;Free to Play;Indie,Free to Play;Action;Indie,0,2,2,0,0,0-20000,0.0,4,0.5,2.0,1.0986122886681098,1.6094379124341005,0.0
689090,Microtransaction Simulator,2017-09-14,1,chlsea,chlsea,windows;mac,0,Single-player;Steam Achievements,Free to Play;Simulation,Free to Play;Simulation;Memes,34,653,93,54,66,20000-50000,0.0,746,0.8753351206434317,653.0,6.483107351457199,6.616065185132817,4.007333185232471
689400,Madu Maths,2017-09-01,1,Tzar Leonardi,Tzar Leonardi,windows;mac,0,Single-player,Casual;Free to Play;Indie,Free to Play;Casual;Indie,15,94,18,0,0,0-20000,0.0,112,0.8392857142857143,94.0,4.553876891600541,4.727387818712341,0.0
689580,TurnSignal,2017-08-28,1,Ben Otter,Otter-Co,windows,0,Steam Cloud,Software Training;Utilities,Utilities;Software Training;VR,0,138,5,0,0,20000-50000,0.0,143,0.965034965034965,138.0,4.934473933130692,4.969813299576001,0.0
689830,DUELEUM,2017-09-15,1,nohoho (Individual),nohoho,windows,0,Single-player,Action;Free to Play;Early Access,Early Access;Free to Play;Action,0,8,4,0,0,0-20000,0.0,12,0.6666666666666666,8.0,2.19722457733622,2.5649493574615367,0.0
690060,SORE,2017-10-05,1,Bazitov Mikhail,Bazitov Mikhail,windows,0,Single-player;Steam Achievements;Full controller support,Free to Play;Indie,Free to Play;Indie;Puzzle,8,149,89,40,40,20000-50000,0.0,238,0.6260504201680672,149.0,5.010635294096256,5.476463551931511,3.713572066704308
690200,Capsular,2018-04-27,1,Gunschlinger,Gunschlinger,windows,0,Multi-player;Online Multi-Player;Local Multi-Player;Steam Achievements,Action;Indie;Early Access,Early Access;Action;Indie,22,27,0,0,0,0-20000,0.0,27,1.0,27.0,3.332204510175204,3.332204510175204,0.0
690220,Call Me Skyfish,2017-08-15,1,Gerald David Becker,Gerald David Becker,windows,0,Single-player,Action,Action,0,3,5,0,0,0-20000,0.0,8,0.375,3.0,1.3862943611198906,2.19722457733622,0.0
690510,Black Survival / 黑色幸存者,2019-03-19,1,O'olBlue Inc.,O'olBlue Inc.,windows,0,Multi-player;Online Multi-Player;Cross-Platform Multiplayer;In-App Purchases;Partial Controller Support,Free to Play;Indie;Strategy,Free to Play;Survival;Anime,0,1097,349,617,1003,200000-500000,0.0,1446,0.7586445366528354,1097.0,7.001245622069476,7.277247726631484,6.42648845745769
690610,MagiCats Builder (Crazy Dreamz),2018-07-10,1,Dreamz Studio,Dreamz Studio,windows;mac,0,Single-player;Local Multi-Player;Co-op;Local Co-op;Steam Achievements;In-App Purchases;Partial Controller Support;Includes level editor,Adventure;Free to Play;Indie,Free to Play;Indie;Puzzle-Platformer,83,123,58,61,61,50000-100000,0.0,181,0.6795580110497238,123.0,4.820281565605037,5.204006687076795,4.127134385045092
690930,Evening Surprise,2017-09-15,1,Aleksandr Soldatov;Leonid Kozhushko,Aleksandr Soldatov,windows;mac;linux,0,Single-player;Steam Achievements;Partial Controller Support,Free to Play;Indie,Free to Play;Indie;Visual Novel,4,440,52,0,0,20000-50000,0.0,492,0.8943089430894309,440.0,6.089044875446846,6.20050917404269,0.0
691020,Fog Of War - Free Edition,2018-02-22,1,Monkeys Lab.,Monkeys Lab.,windows,0,Multi-player,Violent;Gore;Action;Free to Play;Indie;Massively Multiplayer,Free to Play;World War II;Multiplayer,0,548,655,91,10,200000-500000,0.0,1203,0.455527847049044,548.0,6.3080984415095305,7.093404625868766,4.5217885770490405
691540,Space Fighter,2017-09-14,1,Roger Barton,Roger Barton,windows;mac;linux,0,Single-player;Multi-player;Shared/Split Screen;Steam Achievements;Full controller support;Steam Cloud;Stats,Action;Free to Play,Free to Play;Action;Space,21,53,34,0,0,50000-100000,0.0,87,0.6091954022988506,53.0,3.9889840465642745,4.477336814478207,0.0
691730,FPV Drone Simulator,2017-09-09,1,DreamEscape,DreamEscape,windows,0,Single-player;Multi-player;Online Multi-Player;Full controller support,Free to Play;Racing;Simulation;Early Access,Early Access;Racing;Simulation,0,104,53,95,95,50000-100000,0.0,157,0.6624203821656051,104.0,4.653960350157523,5.062595033026967,4.564348191467836
691930,MSI Electric City: Core Assault,2017-09-08,1,HyperBot Studio,MSI,windows,0,Single-player,Action;Adventure;Casual;Free to Play;Indie,Free to Play;Action;Adventure,0,45,6,0,0,20000-50000,0.0,51,0.8823529411764706,45.0,3.828641396489095,3.951243718581428,0.0
692270,Over The Moonlight,2017-09-27,1,IronEqual,IronEqual,windows,0,Single-player,Adventure;Free to Play,Free to Play;Adventure;Singleplayer,0,72,31,0,0,50000-100000,0.0,103,0.6990291262135923,72.0,4.290459441148391,4.6443908991413725,0.0
692920,XXZ,2017-09-29,1,L. Stotch,L. Stotch ,windows,0,Single-player;Steam Achievements;Steam Cloud,Sexual Content;Nudity;Casual;Free to Play;Indie;RPG,Sexual Content;Nudity;Free to Play,12,399,146,48,48,50000-100000,0.0,545,0.7321100917431193,399.0,5.991464547107982,6.302618975744905,3.8918202981106265
693330,Fake World VR,2017-08-25,1,@peoplepersonpro,@peoplepersonpro,windows,0,Single-player,Action;Adventure;Indie,Action;Adventure;Indie,0,5,0,0,0,0-20000,0.0,5,1.0,5.0,1.791759469228055,1.791759469228055,0.0
693810,Treasure At The Top,2017-09-15,1,ADB,ADB,windows,0,Single-player,Action;Adventure;Free to Play;Indie;Simulation;Strategy,Free to Play;Adventure;Simulation,0,9,5,0,0,0-20000,0.0,14,0.6428571428571429,9.0,2.302585092994046,2.70805020110221,0.0
693830,Containment Corps,2017-09-20,1,Nimbus Interactive,Nimbus Interactive,windows,0,Single-player;Multi-player;Online Multi-Player;Co-op;Online Co-op;Steam Achievements,Action;Adventure;Indie;Early Access,Early Access;Action;Adventure,7,15,3,0,0,0-20000,0.0,18,0.8333333333333334,15.0,2.772588722239781,2.9444389791664403,0.0
693990,STYLY,2017-09-28,1,"Psychic VR Lab Co., Ltd.","Psychic VR Lab Co., Ltd.",windows,0,Partial Controller Support,Design & Illustration;Early Access,Early Access;Design & Illustration;VR,0,4,0,0,0,0-20000,0.0,4,1.0,4.0,1.6094379124341005,1.6094379124341005,0.0
694130,My Free Zoo,2017-11-28,1,upjers,upjers,windows,0,Single-player;Online Co-op;Steam Trading Cards;In-App Purchases,Casual;Free to Play;Simulation,Casual;Free to Play;Simulation,20,79,98,0,0,50000-100000,0.0,177,0.4463276836158192,79.0,4.382026634673881,5.181783550292085,0.0
694180,MobileZombie,2017-10-13,1,YIMING ZHANG,YIMING ZHANG,mac,0,Single-player;Partial Controller Support,Adventure;Casual;Free to Play;Indie,Free to Play;Adventure;Indie,0,14,11,0,0,0-20000,0.0,25,0.56,14.000000000000002,2.70805020110221,3.258096538021482,0.0
694550,Audio Forager,2018-03-02,1,Cabbibo,Cabbibo,windows,0,Single-player,Casual;Free to Play;Indie;Simulation,Free to Play;Indie;Casual,0,9,0,0,0,0-20000,0.0,9,1.0,9.0,2.302585092994046,2.302585092994046,0.0
694720,notmycar,2019-04-05,1,NMC Studios,Skybound Games,windows,0,Online Multi-Player;MMO;In-App Purchases;Partial Controller Support,Action;Massively Multiplayer;Early Access,Early Access;Battle Royale;Action,0,444,584,0,0,50000-100000,0.0,1028,0.4319066147859922,444.0,6.09807428216624,6.9363427358340495,0.0
695360,Veritex,2018-03-15,1,Veritex Studios LLC,Veritex Studios LLC,windows,0,Multi-player;Online Multi-Player;Steam Achievements,Action;Adventure;Indie;RPG;Early Access,Early Access;Indie;Action,12,49,60,0,0,0-20000,0.0,109,0.4495412844036697,49.0,3.912023005428146,4.700480365792417,0.0
695720,Matchville - Match 3 Puzzle,2018-11-19,1,Creobit,8Floor,windows,0,Single-player;In-App Purchases,Adventure;Casual;Free to Play;Early Access,Early Access;Free to Play;Casual,0,21,16,0,0,0-20000,0.0,37,0.5675675675675675,21.0,3.091042453358316,3.6375861597263857,0.0
696160,Necromancer Accountant,2017-10-31,1,Artyom Laletin,Artyom Design,windows,0,Single-player;Stats,Casual;Free to Play;Indie;Simulation;Strategy,Free to Play;Simulation;Strategy,0,29,14,0,0,0-20000,0.0,43,0.6744186046511628,29.0,3.4011973816621555,3.784189633918261,0.0
696430,Progetto Ustica,2018-09-06,1,IV Productions;Game-S,IV Productions,windows;mac,0,Single-player,Indie;Simulation,Simulation;Indie,0,5,8,0,0,0-20000,0.0,13,0.3846153846153846,5.0,1.791759469228055,2.6390573296152584,0.0
696990,Fear For Freedom,2017-08-31,1,Grey Gods,Grey Gods,windows,0,Single-player,Adventure;Casual;Free to Play;Indie,Free to Play;Indie;Adventure,0,68,73,0,0,20000-50000,0.0,141,0.4822695035460992,68.0,4.23410650459726,4.955827057601261,0.0
697370,Linx Battle Arena,2018-01-29,1,Blueshift Media,Blueshift Media,windows,0,Single-player;Multi-player;Online Multi-Player;Steam Achievements;In-App Purchases;Stats;Steam Leaderboards;Steam Turn Notifications,Action;Casual;Indie,Action;Indie;Casual,27,22,11,0,0,0-20000,0.0,33,0.6666666666666666,22.0,3.1354942159291497,3.5263605246161616,0.0
697610,Idle Bouncer,2017-09-27,1,Upturn Games,Upturn Games,windows,0,Single-player;Steam Achievements;In-App Purchases;Steam Cloud;Stats,Casual;Free to Play,Free to Play;Casual;Clicker,22,149,21,0,0,200000-500000,0.0,170,0.8764705882352941,149.0,5.010635294096256,5.14166355650266,0.0
697960,Cute Monsters Battle Arena,2017-08-25,1,Play Spirit Limited,Play Spirit Limited,windows,0,Single-player;Steam Workshop;Stats,Casual;Indie;Strategy,Casual;Strategy;Indie,0,10,8,0,0,0-20000,0.0,18,0.5555555555555556,10.0,2.3978952727983707,2.9444389791664403,0.0
697970,Pyramaze: The Game,2017-09-13,1,Impawsible Games,Impawsible Games,windows,0,Single-player,Action;Casual;Free to Play;Indie,Free to Play;Action;Indie,0,16,5,0,0,0-20000,0.0,21,0.7619047619047619,16.0,2.833213344056216,3.091042453358316,0.0
698050,All Our Asias,2018-02-07,1,Sean Han Tani,Analgesic Productions,windows;mac;linux,0,Single-player;Steam Achievements;Partial Controller Support;Steam Cloud,Adventure;Indie,Indie;Adventure;Surreal,5,62,14,0,0,0-20000,0.0,76,0.8157894736842105,62.0,4.143134726391533,4.343805421853684,0.0
698740,Loot'N Shoot,2017-09-18,1,hishapes,hishapes,windows,0,Multi-player;Online Multi-Player;Steam Achievements;Steam Cloud,Sexual Content;Violent;Gore;Action;Casual;Free to Play;Indie,Action;Casual;Indie,2,66,34,0,0,0-20000,0.0,100,0.66,66.0,4.204692619390966,4.61512051684126,0.0
698780,Doki Doki Literature Club!,2017-10-06,1,Team Salvato,Team Salvato,windows;mac,0,Single-player,Casual;Free to Play;Indie,Psychological Horror;Anime;Visual Novel,0,108556,3588,162,99,2000000-5000000,0.0,112144,0.9680054216007988,108556.0,11.59503065963907,11.627547955806929,5.093750200806762
699040,Millidor,2018-03-16,0,Smart Online Games,Smart Online Games,windows,0,Multi-player;Online Multi-Player;MMO,Free to Play;Massively Multiplayer;Strategy;Early Access,Early Access;Free to Play;Massively Multiplayer,0,65,37,0,0,20000-50000,0.0,102,0.6372549019607843,65.0,4.189654742026425,4.634728988229636,0.0
699720,Timension,2017-11-03,1,Team Full Sail,Team Full Sail,windows,0,Single-player;Steam Workshop,Adventure;Strategy;Early Access,Early Access;Strategy;Adventure,0,20,2,0,0,0-20000,0.0,22,0.9090909090909092,20.0,3.044522437723423,3.1354942159291497,0.0
700030,Life is Feudal: MMO,2018-01-12,1,Bitbox Ltd.,Bitbox Ltd.,windows,0,Online Multi-Player;MMO;In-App Purchases,Action;Adventure;Massively Multiplayer;RPG;Simulation;Early Access,Early Access;Massively Multiplayer;Medieval,0,1524,2223,77,77,50000-100000,0.0,3747,0.4067253803042434,1524.0,7.329749689041512,8.228977643358313,4.356708826689592
700170,Deserving Life,2017-10-13,1,"Lukas Paul, Gabriel Mittermair",Deserving Life,windows,0,Single-player;Steam Achievements,Free to Play,Free to Play;Horror;VR,8,64,10,0,0,20000-50000,0.0,74,0.8648648648648649,64.0,4.174387269895637,4.31748811353631,0.0
700330,SCP: Secret Laboratory,2017-12-29,1,Northwood Studios,Northwood Studios,windows,0,Online Multi-Player;Steam Achievements;Steam Cloud,Action;Free to Play,Free to Play;Multiplayer;Horror,29,19534,3621,216,46,2000000-5000000,0.0,23155,0.8436190887497301,19534.0,9.87996300748917,10.050009205198895,5.37989735354046
700480,Microsoft Allegiance,2017-09-29,1,Microsoft Game Studios,ZapHop Games,windows,0,Online Multi-Player;Steam Achievements;Partial Controller Support;Steam Leaderboards,Action;Free to Play;Simulation;Strategy,Free to Play;Strategy;Simulation,20,82,26,0,0,50000-100000,0.0,108,0.7592592592592593,82.0,4.418840607796598,4.691347882229144,0.0
700570,Beyond the Void,2018-10-24,1,B2Expand,B2Expand,windows;mac,0,Multi-player;Online Multi-Player,Free to Play;Indie;Strategy,Free to Play;Strategy;Indie,34,72,41,0,0,20000-50000,0.0,113,0.6371681415929203,72.0,4.290459441148391,4.736198448394496,0.0
700590,Ghostly Horizon,2018-04-03,1,Bit Nurse,Bit Nurse,windows;mac,0,Single-player;Multi-player;Online Multi-Player;Local Multi-Player;Co-op;Online Co-op;Local Co-op;Partial Controller Support,Action;Adventure;Indie;Early Access,Early Access;Action;Adventure,0,10,2,0,0,0-20000,0.0,12,0.8333333333333334,10.0,2.3978952727983707,2.5649493574615367,0.0
701010,Gurugedara,2017-09-27,1,Osmium,Osmium,windows,0,Online Multi-Player;Cross-Platform Multiplayer,Free to Play;Massively Multiplayer,Massively Multiplayer;Free to Play;VR,0,4,1,0,0,0-20000,0.0,5,0.8,4.0,1.6094379124341005,1.791759469228055,0.0
701100,Amoreon NightClub,2017-09-06,1,Citor3 Entertainment Studio,Citor3 Entertainment Studio,windows,0,Single-player,Nudity;Free to Play;Simulation,Nudity;Free to Play;Simulation,0,32,11,0,0,0-20000,0.0,43,0.7441860465116279,32.0,3.49650756146648,3.784189633918261,0.0
701440,Phantom Jump,2017-12-08,1,Phantom Pine Studios,Phantom Pine Studios,windows,0,Single-player;Online Multi-Player;Steam Achievements;Full controller support;Steam Cloud;Steam Leaderboards,Indie,Indie;Platformer;2D,37,26,1,0,0,0-20000,0.0,27,0.9629629629629628,26.0,3.295836866004329,3.332204510175204,0.0
701900,Splat the Blob,2017-10-05,1,Simple Blue,Simple Blue,windows;mac;linux,0,Single-player;Partial Controller Support,Adventure,Adventure;3D Platformer,0,28,3,0,0,50000-100000,0.0,31,0.9032258064516128,28.0,3.367295829986474,3.4657359027997265,0.0
702160,Rocketboat - Pilot,2018-04-25,1,"Present Day Media, LLC","Present Day Media, LLC",windows;mac,0,Single-player;Full controller support,Action;Adventure;Free to Play;Indie;RPG,Free to Play;Action;Adventure,0,34,12,0,0,0-20000,0.0,46,0.7391304347826086,34.0,3.555348061489413,3.8501476017100575,0.0
702320,March of Empires,2017-12-11,1,Gameloft,Gameloft,windows,0,Online Multi-Player;Steam Achievements;In-App Purchases,Free to Play;Massively Multiplayer;RPG;Strategy,Free to Play;Strategy;RPG,87,163,135,3,3,50000-100000,0.0,298,0.5469798657718121,163.0,5.099866427824199,5.700443573390687,1.3862943611198906
702810,Shooty Skies,2018-03-06,1,Mighty Games,Mighty Games,windows;mac;linux,0,Single-player;Steam Achievements;Full controller support;Steam Trading Cards;In-App Purchases;Steam Cloud;Stats;Steam Leaderboards,Action;Free to Play;Indie,Free to Play;Action;Indie,29,919,86,7,12,200000-500000,0.0,1005,0.9144278606965174,919.0,6.824373670043086,6.913737350659685,2.079441541679836
703030,NewTypes,2018-02-19,1,Masahiro Suzuki,Masahiro Suzuki,windows,0,Single-player,Simulation;Early Access,Early Access;Simulation,0,7,1,0,0,0-20000,0.0,8,0.875,7.0,2.079441541679836,2.19722457733622,0.0
703060,connect - Virtual Home (3D or VR),2018-12-25,1,e.com,e.com,windows,0,Partial Controller Support,Utilities,Utilities;Free to Play;Design & Illustration,0,22,13,0,0,0-20000,0.0,35,0.6285714285714286,22.0,3.1354942159291497,3.58351893845611,0.0
703090,冒险之路(Adventure Road),2017-09-08,1,WangJianWei;KuangXiang,WangJianWei,windows,0,Multi-player;Online Multi-Player;Cross-Platform Multiplayer;In-App Purchases,Free to Play;Indie;Massively Multiplayer;Strategy,Free to Play;Indie;Strategy,0,13,13,0,0,0-20000,0.0,26,0.5,13.0,2.6390573296152584,3.295836866004329,0.0
703280,Zeal,2018-09-24,1,Lycanic Studios,Lycanic Studios,windows,0,Single-player;Online Multi-Player;Online Co-op,Action;Free to Play;Indie;RPG;Strategy;Early Access,Early Access;PvP;Competitive,0,297,119,0,0,50000-100000,0.0,416,0.7139423076923077,297.0,5.697093486505405,6.0330862217988015,0.0
703430,Star Rangers VR - Free Demo,2017-09-15,1,Project Whitecard Studios Inc.;Xefier Games Inc.,Awestruck Games;EvolVR Games Ltd.,windows,0,Single-player,Free to Play;Simulation,Free to Play;Simulation;VR,0,11,7,0,0,20000-50000,0.0,18,0.6111111111111112,11.0,2.4849066497880004,2.9444389791664403,0.0
703760,Chopper: Attack helicopters,2017-09-15,1,gtscom,gtscom,windows;linux,0,Single-player;Steam Achievements;Partial Controller Support;Stats,Action;Casual;Indie;Simulation,Simulation;Action;Indie,16,10,8,0,0,0-20000,0.0,18,0.5555555555555556,10.0,2.3978952727983707,2.9444389791664403,0.0
703940,Ball 2D: Soccer Online,2017-09-08,1,Unusualsoft,Unusualsoft,windows;mac,0,Multi-player;Online Multi-Player;Co-op;Online Co-op;Cross-Platform Multiplayer,Action;Free to Play;Sports,Free to Play;Action;Sports,0,83,29,2,2,50000-100000,0.0,112,0.7410714285714286,83.0,4.430816798843313,4.727387818712341,1.0986122886681098
703950,Just Fishing,2017-12-15,1,Just Fishing LLC,Just Fishing LLC,windows;mac,0,Single-player;Multi-player;Online Multi-Player;Cross-Platform Multiplayer;Steam Achievements;In-App Purchases;Steam Leaderboards,Action;Adventure;Casual;Free to Play;Massively Multiplayer;Simulation;Sports,Free to Play;Simulation;Fishing,46,458,153,14,14,100000-200000,0.0,611,0.7495908346972177,458.0,6.129050210060545,6.416732282512326,2.70805020110221
703980,Star Wars: Imperial Assault - Legends of the Alliance,2017-12-04,1,Fantasy Flight Games,Fantasy Flight Games,windows;mac,0,Single-player;Co-op;Shared/Split Screen;Steam Cloud,Adventure;RPG,Adventure;RPG;Board Game,0,55,20,0,0,20000-50000,0.0,75,0.7333333333333333,54.99999999999999,4.025351690735149,4.330733340286331,0.0
704040,Castle Clicker : Building Tycoon,2017-10-02,1,Autotelic Games LLC,Autotelic Games LLC,windows,0,Single-player;Steam Achievements;Steam Trading Cards;In-App Purchases,Casual;Free to Play;Indie;Simulation;Strategy,Free to Play;Indie;Casual,17,197,123,3,3,50000-100000,0.0,320,0.615625,197.0,5.288267030694535,5.771441123130016,1.3862943611198906
704140,Edge Of Existence,2017-12-15,1,RealFire Interactive,RealFire Interactive,windows,7,Single-player;Multi-player,Action;Casual;Strategy;Early Access,Early Access;Strategy;Action,0,3,3,0,0,0-20000,0.0,6,0.5,3.0,1.3862943611198906,1.9459101490553128,0.0
705210,Cube Racer,2017-10-30,1,Simon Blasen,Simon Blasen,windows;linux,0,Single-player;Multi-player;Online Multi-Player;Local Multi-Player;Cross-Platform Multiplayer;Steam Achievements;Steam Workshop;Partial Controller Support;Steam Cloud;Stats;Steam Leaderboards;Includes level editor,Action;Casual;Indie;Racing,Action;Indie;Casual,19,9,2,0,0,0-20000,0.0,11,0.8181818181818182,9.0,2.302585092994046,2.4849066497880004,0.0
705220,Tactical Monsters Rumble Arena,2018-01-31,1,Camex Games,Camex Games,windows;mac,0,Single-player;Multi-player;Online Multi-Player;In-App Purchases,Adventure;Free to Play;Indie;RPG;Strategy,Free to Play;Strategy;Multiplayer,0,3480,387,229,243,200000-500000,0.0,3867,0.899922420480993,3480.0,8.15507488781144,8.260492856573185,5.438079308923196
705370,The Cursed Tower,2018-02-05,1,Mohsin Rizvi,Mohsin Rizvi,windows;mac;linux,0,Single-player,Action;Adventure;Casual;Free to Play;Indie,Free to Play;Indie;Adventure,0,49,32,0,0,0-20000,0.0,81,0.6049382716049383,49.0,3.912023005428146,4.406719247264253,0.0
705410,World War Party: Game Of Trump,2017-11-04,1,bad monkee,bad monkee,windows;mac,0,Single-player;Multi-player;Online Multi-Player;Local Multi-Player;Co-op;Online Co-op;Local Co-op;Shared/Split Screen;Cross-Platform Multiplayer;Partial Controller Support,Violent;Gore;Action;Indie;Sports;Strategy,Action;Violent;Strategy,0,20,11,0,0,0-20000,0.0,31,0.6451612903225806,20.0,3.044522437723423,3.4657359027997265,0.0
705800,Astroe,2017-09-29,1,Superstruct,Superstruct,windows;linux,0,Multi-player;Online Multi-Player;Online Co-op;Cross-Platform Multiplayer,Action;Indie,Action;Indie,0,5,3,0,0,0-20000,0.0,8,0.625,5.0,1.791759469228055,2.19722457733622,0.0
705810,Wuxing Master(CCG),2018-01-08,0,"Chengdu Touch Times Technology Co., Ltd","Chengdu Touch Times Technology Co., Ltd",windows,0,Online Multi-Player;Steam Trading Cards;In-App Purchases,Free to Play;Indie;Massively Multiplayer;Strategy,Strategy;Free to Play;Massively Multiplayer,0,123,46,437,437,20000-50000,0.0,169,0.727810650887574,123.0,4.820281565605037,5.135798437050262,6.082218910376446
705860,SpaceWalker,2018-01-03,1,TM xR Lab,TM xR Lab,windows,0,Single-player,Casual;Early Access,Early Access;Casual;VR,0,9,3,0,0,0-20000,0.0,12,0.75,9.0,2.302585092994046,2.5649493574615367,0.0
706990,BLOCKPOST,2019-04-25,1,Skullcap Studios,Skullcap Studios,windows,0,Online Multi-Player;In-App Purchases,Action;Free to Play;Indie,Free to Play;FPS;Action,0,2703,1084,0,0,500000-1000000,0.0,3787,0.7137575917612886,2703.0,7.902487437162855,8.239593454305968,0.0
707590,Defense Clicker,2017-10-31,1,Albatros Softworks,Albatros Softworks,windows,0,Single-player;Steam Achievements;Steam Cloud;Steam Leaderboards,Casual;Strategy;Early Access,Early Access;Casual;Strategy,315,58,21,0,0,0-20000,0.0,79,0.7341772151898734,58.0,4.07753744390572,4.382026634673881,0.0
707680,Slapshot,2019-03-08,1,Glacier Labs,Glacier Labs,windows;mac,0,Multi-player;Online Multi-Player,Free to Play;Indie;Sports,Free to Play;Sports;Indie,0,517,138,17,19,100000-200000,0.0,655,0.7893129770992366,517.0,6.249975242259483,6.486160788944089,2.8903717578961645
708100,A Boy and His Beard,2018-02-09,1,Pixel Island,Pixel Island,windows,0,Single-player;Partial Controller Support,Action;Casual;Free to Play;Indie,Free to Play;Action;Indie,0,36,15,0,0,0-20000,0.0,51,0.7058823529411765,36.0,3.610917912644224,3.951243718581428,0.0
708340,Shark Simulator,2017-11-22,1,Aerilon Studios,Aerilon Studios,windows,0,Single-player;Steam Achievements;Full controller support,Action;Casual;Indie;Simulation,Action;Indie;Simulation,17,108,28,300,300,20000-50000,0.0,136,0.7941176470588235,108.0,4.691347882229144,4.919980925828125,5.707110264748875
708680,Octopus Bar,2017-09-22,1,Thomas Meduri,VRNOVO,windows,0,Single-player;Steam Achievements,Action;Adventure;Casual;Free to Play;Indie;Early Access,Early Access;Free to Play;Indie,4,54,3,0,0,20000-50000,0.0,57,0.9473684210526316,54.0,4.007333185232471,4.060443010546419,0.0
709080,The Bears And The Bees,2018-01-23,1,Damsel Stone,Damsel Stone,windows,0,Single-player;Partial Controller Support,Adventure;Free to Play;Indie,Free to Play;Adventure;Indie,0,14,0,0,0,0-20000,0.0,14,1.0,14.0,2.70805020110221,2.70805020110221,0.0
709240,Ingnomia,2018-08-23,1,Roest,Roest,windows,0,Single-player;Steam Workshop,Indie;Simulation;Strategy;Early Access,Early Access;Strategy;Indie,0,63,7,0,0,0-20000,0.0,70,0.9,63.0,4.158883083359672,4.262679877041316,0.0
709450,Towards The Pantheon: Escaping Eternity,2017-10-25,1,Connor O.R.T. Linning,Connor O.R.T. Linning,windows,0,Single-player;Partial Controller Support,Adventure;Casual;Free to Play;Indie;RPG,Free to Play;Adventure;RPG,0,89,10,0,0,20000-50000,0.0,99,0.898989898989899,89.0,4.499809670330265,4.605170185988092,0.0
709850,AMBUSH tactics,2017-09-26,1,Gerald David Becker,Gerald David Becker,windows,0,Single-player,Sexual Content;Nudity;Violent;Gore;RPG;Early Access,Early Access;Nudity;Sexual Content,0,4,3,0,0,0-20000,0.0,7,0.5714285714285714,4.0,1.6094379124341005,2.079441541679836,0.0
710090,Annual,2018-07-05,1,Blake Pierce,Pierced Games,windows,0,Single-player;Partial Controller Support,Violent;Action;Free to Play;Indie,Free to Play;Action;Indie,0,8,21,0,0,0-20000,0.0,29,0.2758620689655172,8.0,2.19722457733622,3.4011973816621555,0.0
710550,Cubion,2017-11-05,1,BBit,BBit,windows,0,Single-player;Steam Achievements,Indie,Indie,9,2,1,0,0,0-20000,0.0,3,0.6666666666666666,2.0,1.0986122886681098,1.3862943611198906,0.0
711390,Anti Gravity Warriors VR,2017-10-23,1,Niket Patel,Niket Patel,windows,0,Single-player,Action;Adventure;Free to Play;Indie,Free to Play;Action;Adventure,0,4,8,0,0,0-20000,0.0,12,0.3333333333333333,4.0,1.6094379124341005,2.5649493574615367,0.0
711690,Cognizer,2018-05-30,1,Maniac Games,Maniac Games,windows;mac;linux,0,Single-player;Steam Achievements;Steam Leaderboards,Casual;Free to Play;Indie,Free to Play;Indie;Casual,21,31,1,0,0,0-20000,0.0,32,0.96875,31.0,3.4657359027997265,3.49650756146648,0.0
711810,Never Split the Party,2018-09-14,1,Legend Studio,Legend Studio,windows;mac;linux,0,Multi-player;Online Multi-Player;Co-op;Online Co-op;Cross-Platform Multiplayer;Steam Achievements;Captions available;Partial Controller Support;Steam Cloud;Includes level editor,Action;Adventure;Free to Play;Indie;RPG;Simulation;Early Access,Early Access;Free to Play;Multiplayer,52,792,281,39,43,200000-500000,0.0,1073,0.7381174277726001,792.0,6.675823221634848,6.97914527506881,3.688879454113936
712090,Don't Feed,2017-10-10,1,Endwise,Endwise,windows;mac,0,Single-player;Steam Achievements,Violent;Gore;Action;Casual;Indie;Strategy;Early Access,Early Access;Action;Strategy,10,22,8,0,0,0-20000,0.0,30,0.7333333333333333,22.0,3.1354942159291497,3.4339872044851463,0.0
712150,TankVR,2017-10-09,1,Daniel Bedrich,dochengmedia,windows,0,Single-player;Steam Achievements;Stats,Action;Casual;Indie;Simulation;Strategy;Early Access,Early Access;Strategy;Action,26,12,7,0,0,0-20000,0.0,19,0.631578947368421,12.0,2.5649493574615367,2.995732273553991,0.0
712390,Team Four Star RPG,2017-11-08,1,Shadow Blade Productions,Shadow Blade Productions,windows,18,Single-player,Sexual Content;Free to Play;Indie;RPG,Free to Play;Indie;RPG,0,54,11,0,0,20000-50000,0.0,65,0.8307692307692308,54.0,4.007333185232471,4.189654742026425,0.0
712410,Cirque du Soleil,2017-09-01,1,Felix & Paul Studios,Felix & Paul Studios,windows,0,Single-player,Casual,Casual;VR,0,18,21,0,0,0-20000,0.0,39,0.4615384615384615,18.0,2.9444389791664403,3.688879454113936,0.0
712770,Just A Dream,2017-10-31,1,The Hyper Carries!,The Hyper Carries!,windows,0,Single-player,Action;Free to Play;Indie,Action;Indie;Free to Play,25,46,10,0,0,0-20000,0.0,56,0.8214285714285714,46.0,3.8501476017100575,4.04305126783455,0.0
713060,The Beanstalk,2018-01-25,1,Beanstalk VR Team (BYU),Grant Hansen,windows,0,Single-player,Adventure;Casual;Free to Play,Free to Play;Adventure;Casual,0,8,3,0,0,0-20000,0.0,11,0.7272727272727273,8.0,2.19722457733622,2.4849066497880004,0.0
713320,Google Spotlight Stories: Sonaria,2017-11-17,1,Google Inc.,Google Inc.,windows,0,Single-player,Adventure,Adventure;VR,0,14,3,0,0,0-20000,0.0,17,0.8235294117647058,14.0,2.70805020110221,2.8903717578961645,0.0
713380,Mr. Barrel,2017-10-06,1,Fürst,Fürst,windows,0,Single-player;Steam Achievements;Steam Cloud;Steam Leaderboards,Action;Adventure;Casual;Indie;Early Access,Early Access;Action;Adventure,25,8,1,0,0,0-20000,0.0,9,0.8888888888888888,8.0,2.19722457733622,2.302585092994046,0.0
713650,Sevgilim Olur musun ?,2017-09-25,0,Proximity Games,Proximity Games,windows,0,Single-player;Steam Achievements,Sexual Content;Adventure;Free to Play;Indie,Sexual Content;Free to Play;Indie,40,322,175,0,0,50000-100000,0.0,497,0.647887323943662,322.0,5.777652323222656,6.210600077024653,0.0
714010,Aim Lab,2018-02-07,1,Statespace,Statespace,windows,0,Single-player;Steam Achievements;Stats;Steam Leaderboards,Action;Adventure;Casual;Free to Play;Indie;Simulation;Early Access,Early Access;Free to Play;Action,100,1039,247,40,54,200000-500000,0.0,1286,0.8079315707620529,1039.0,6.946975992135418,7.160069207596127,3.713572066704308
714020,Idle Adventure,2018-04-13,1,zha7;Phaedruns;Yingke Wu,zha7,windows,0,Online Multi-Player;Steam Achievements;In-App Purchases,Adventure;Free to Play;Indie;RPG;Early Access,Early Access;Free to Play;Adventure,29,237,97,5185,5185,50000-100000,0.0,334,0.7095808383233533,237.0,5.472270673671475,5.814130531825066,8.55371796609861
714580,Google Spotlight Stories: Son of Jaguar,2017-10-30,1,Google Inc.,Google Inc.,windows,0,Single-player,Adventure;Free to Play,Free to Play;Adventure;VR,0,47,11,0,0,20000-50000,0.0,58,0.8103448275862069,47.0,3.871201010907891,4.07753744390572,0.0
714610,Google Spotlight Stories: Rain or Shine,2018-03-20,1,Google Inc.,Google Inc.,windows,0,Single-player,Adventure;Free to Play,Free to Play;Adventure;VR,0,30,2,0,0,0-20000,0.0,32,0.9375,30.0,3.4339872044851463,3.49650756146648,0.0
714780,Google Spotlight Stories: Special Delivery,2017-12-14,1,Google Inc.,Google Inc.,windows,0,Single-player,Adventure;Free to Play,Free to Play;Adventure;VR,0,20,3,0,0,0-20000,0.0,23,0.8695652173913043,20.0,3.044522437723423,3.1780538303479458,0.0
714970,Metonymy,2017-10-25,1,Joseph Bramlett,Joseph Bramlett,windows,0,Single-player,Violent;Adventure;Free to Play;Indie,Free to Play;Indie;Violent,0,25,22,0,0,0-20000,0.0,47,0.5319148936170213,25.0,3.258096538021482,3.871201010907891,0.0
715310,Urban Rivals,2017-10-18,1,Acute Games,Acute Games,windows;mac;linux,0,Single-player;Online Multi-Player;Cross-Platform Multiplayer;Steam Achievements;In-App Purchases,Action;Free to Play;Massively Multiplayer;Strategy,Strategy;Free to Play;Card Game,49,142,103,0,0,20000-50000,0.0,245,0.5795918367346938,142.0,4.962844630259907,5.5053315359323625,0.0
715510,Run Zeus Run,2017-10-11,1,GamerzDan,GamerzDan,windows;mac;linux,0,Single-player;Steam Achievements;Stats;Steam Leaderboards,Adventure;Casual;Free to Play;Indie,Indie;Casual;Adventure,170,68,23,0,0,0-20000,0.0,91,0.7472527472527473,68.0,4.23410650459726,4.5217885770490405,0.0
715670,DashPanel,2018-01-05,1,PyrofrogStudos,PyrofrogStudos,windows,0,In-App Purchases;Includes level editor,Utilities,Utilities,0,32,10,0,0,20000-50000,0.0,42,0.7619047619047619,32.0,3.49650756146648,3.7612001156935615,0.0
716040,Hide and go boom,2018-02-17,1,Partial Reality,Partial Reality,windows;mac;linux,0,Multi-player;Online Multi-Player;Local Multi-Player;Shared/Split Screen;Cross-Platform Multiplayer;Full controller support,Action;Casual;Indie;Early Access,Early Access;Action;Indie,0,17,6,0,0,0-20000,0.0,23,0.7391304347826086,17.0,2.8903717578961645,3.1780538303479458,0.0
716260,Guns'n'Stories: Preface VR,2017-10-26,1,MIROWIN,MIROWIN,windows,0,Single-player,Action;Adventure;Free to Play;Indie,Free to Play;Adventure;Indie,0,134,18,0,0,50000-100000,0.0,152,0.881578947368421,134.0,4.90527477843843,5.030437921392435,0.0
716900,El Ministerio del Tiempo VR: Salva el tiempo,2017-10-09,1,Future Lighthouse,RTVE,windows,0,Single-player,Adventure,Adventure;VR,0,5,4,0,0,0-20000,0.0,9,0.5555555555555556,5.0,1.791759469228055,2.302585092994046,0.0
716950,Dino Scourge,2017-12-18,1,Scourgey Works,Scourgey Works,windows,0,Single-player,Action;Adventure;Free to Play;RPG;Early Access,Early Access;Action;Adventure,0,12,2,0,0,0-20000,0.0,14,0.8571428571428571,12.0,2.5649493574615367,2.70805020110221,0.0
717050,Thirdmage,2018-04-30,1,Aristotelis Giannakopoulos,Aristotelis Giannakopoulos,windows,0,Multi-player;Online Multi-Player,Action;Free to Play,Free to Play;Action;Magic,0,14,13,0,0,0-20000,0.0,27,0.5185185185185185,14.0,2.70805020110221,3.332204510175204,0.0
717190,Super Dungeon Master Ace: The Classic Fantasy Adventure RPG,2017-10-14,1,Dave Gumble,Dave Gumble,windows,0,Single-player;Steam Achievements;Full controller support,Action;Adventure;Casual;Free to Play;Indie;RPG;Simulation;Strategy,Free to Play;RPG;Action,60,20,6,0,0,0-20000,0.0,26,0.7692307692307693,20.0,3.044522437723423,3.295836866004329,0.0
717990,Bloodworks,2017-12-31,1,Engin Mercan,Engin Mercan,windows,0,Single-player;Steam Achievements;Steam Workshop;Partial Controller Support,Action;Casual;Free to Play;Indie,Free to Play;Indie;Casual,22,64,30,0,0,0-20000,0.0,94,0.6808510638297872,64.0,4.174387269895637,4.553876891600541,0.0
718270,ZombieThon,2018-05-18,1,GreenThumbStudios,GreenThumbStudios,windows,0,Single-player;Multi-player;Online Multi-Player;Co-op;Online Co-op;Steam Achievements;Stats;Steam Leaderboards,Action;Casual;Indie,Casual;Action;Indie,17,10,16,0,0,0-20000,0.0,26,0.3846153846153846,10.0,2.3978952727983707,3.295836866004329,0.0
718310,Diaspora : Mass Exodus,2018-12-21,1,Angry Rabbit Studios,Angry Rabbit Studios,windows,0,Online Multi-Player;MMO;Online Co-op;In-App Purchases,Free to Play;Indie;Massively Multiplayer;RPG;Strategy,Strategy;Free to Play;Massively Multiplayer,0,100,37,0,0,20000-50000,0.0,137,0.7299270072992701,100.0,4.61512051684126,4.927253685157205,0.0
718500,Derpy Dinos,2017-11-02,1,Derpy Dinos,Derpy Dinos,windows,0,Single-player;Steam Achievements;Full controller support;Steam Leaderboards,Action;Casual;Free to Play;Indie,Free to Play;Action;Indie,26,38,9,0,0,0-20000,0.0,47,0.8085106382978723,38.0,3.6635616461296463,3.871201010907891,0.0
718810,Teleporter,2018-09-25,1,"Teleporter Realities, Inc.","Teleporter Realities, Inc.",windows,0,Single-player;Online Multi-Player;MMO;Cross-Platform Multiplayer,Free to Play;Massively Multiplayer;Early Access,Early Access;Free to Play;Massively Multiplayer,0,9,2,0,0,0-20000,0.0,11,0.8181818181818182,9.0,2.302585092994046,2.4849066497880004,0.0
718940,Prey with Gun 带枪的猎物,2017-11-23,1,兔子放映部,兔子放映,windows,0,Single-player,Casual;Free to Play;RPG,Free to Play;RPG;Casual,0,126,9,0,0,20000-50000,0.0,135,0.9333333333333332,126.0,4.844187086458591,4.912654885736052,0.0
719280,Bullseye,2018-05-17,1,Endwise,Endwise,windows;mac,0,Single-player;Steam Achievements;Full controller support;Steam Leaderboards,Action;Casual;Indie,Action;Indie;Casual,0,11,2,0,0,0-20000,0.0,13,0.8461538461538461,11.0,2.4849066497880004,2.6390573296152584,0.0
719640,War Planet Online: Global Conquest,2017-12-19,1,Gameloft,Gameloft,windows,0,MMO;Cross-Platform Multiplayer;Steam Achievements;In-App Purchases;Steam Cloud,Free to Play;Massively Multiplayer;Strategy,Free to Play;Strategy;Massively Multiplayer,12,118,125,1,1,50000-100000,0.0,243,0.48559670781893,118.0,4.77912349311153,5.497168225293202,0.6931471805599453
719720,League of Pirates,2018-03-13,1,upjers,upjers,windows,0,Online Multi-Player;In-App Purchases,Action;Casual;Free to Play,Free to Play;Action;Casual,0,22,24,1,1,20000-50000,0.0,46,0.4782608695652174,22.0,3.1354942159291497,3.8501476017100575,0.6931471805599453
719730,Uptasia,2018-01-10,1,upjers,upjers,windows,0,Single-player;Online Multi-Player;Online Co-op;Steam Achievements;Steam Trading Cards;In-App Purchases,Casual;Free to Play,Casual;Free to Play;Hidden Object,55,37,36,223,223,20000-50000,0.0,73,0.5068493150684932,37.0,3.6375861597263857,4.30406509320417,5.41164605185504
720300,Toran,2019-04-18,1,Really Interactive,Really Interactive,windows,0,Single-player,Adventure;Free to Play;Indie,Indie;Adventure;Free to Play,0,26,0,0,0,0-20000,0.0,26,1.0,26.0,3.295836866004329,3.295836866004329,0.0
720670,Cats Make You Smarter!,2017-10-19,1,SandorHQ,SandorHQ,windows,0,Single-player;Steam Achievements,Casual,Casual;Free to Play,50,78,6,0,0,0-20000,0.0,84,0.9285714285714286,78.0,4.3694478524670215,4.442651256490317,0.0
721030,La Tale - Evolved,2017-11-29,1,Actoz Soft,Papaya Play,windows,0,Single-player;Multi-player;Online Multi-Player;MMO;Online Co-op;In-App Purchases;Partial Controller Support,Action;Adventure;Casual;Free to Play;Massively Multiplayer;RPG,Free to Play;RPG;Massively Multiplayer,0,112,105,528,528,50000-100000,0.0,217,0.5161290322580645,112.0,4.727387818712341,5.384495062789089,6.270988431858299
721090,SKYBOX VR Video Player,2017-10-24,1,"Source Technology Co., Ltd.","Source Technology Co., Ltd.",windows,0,Partial Controller Support,Video Production,Video Production;VR;VR Only,0,110,21,0,0,50000-100000,0.0,131,0.8396946564885496,110.0,4.709530201312334,4.882801922586371,0.0
721510,Renters Revenge,2017-12-07,1,Hyperbolic,Hyperbolic,windows,0,Single-player,Violent;Action,Action;Violent;VR,0,12,3,0,0,0-20000,0.0,15,0.8,12.0,2.5649493574615367,2.772588722239781,0.0
722590,Audio Factory,2017-11-05,1,Google,Google,windows,0,Single-player,Adventure;Casual,Casual;Adventure;VR,0,24,6,0,0,0-20000,0.0,30,0.8,24.0,3.218875824868201,3.4339872044851463,0.0
722620,Fatal Velocity: Physics Combat,2018-03-29,1,Range Plus One Inc.,Range Plus One Inc.,windows,0,Multi-player;Online Multi-Player;Local Multi-Player,Action;Indie;Early Access,Early Access;Action;Indie,0,33,4,0,0,0-20000,0.0,37,0.8918918918918919,33.0,3.5263605246161616,3.6375861597263857,0.0
722750,The Killbox: Arena Combat,2017-10-22,1,Ugamehome,Ugamehome,windows,0,Multi-player;Online Multi-Player;Co-op;Online Co-op;In-App Purchases,Violent;Gore,Gore;Violent;FPS,12,34,26,0,0,0-20000,0.0,60,0.5666666666666667,34.0,3.555348061489413,4.110873864173311,0.0
723420,创世-修真录,2017-11-07,0,GY Games,GY Games,windows,0,Single-player,Action;Adventure;Free to Play;RPG;Simulation;Early Access,Early Access;Adventure;Action,0,24,6,0,0,0-20000,0.0,30,0.8,24.0,3.218875824868201,3.4339872044851463,0.0
723610,Dream Golf VR,2017-11-03,1,Isaac Stearns,Isaac Stearns,windows,0,Single-player;Steam Achievements;Steam Cloud;Stats;Steam Leaderboards,Casual;Free to Play;Indie;Sports,Free to Play;Casual;Sports,108,51,10,0,0,20000-50000,0.0,61,0.8360655737704918,51.0,3.951243718581428,4.127134385045092,0.0
723780,Modern Combat Versus,2017-12-19,1,Gameloft,Gameloft,windows,0,Single-player;Multi-player;Online Multi-Player;Cross-Platform Multiplayer;Steam Achievements;Full controller support;In-App Purchases,Action;Adventure;Free to Play,Free to Play;Multiplayer;FPS,21,2012,1610,556,206,500000-1000000,0.0,3622,0.5554942020982883,2012.0,7.607381425639791,8.195057690895077,6.322565239927284
723790,The Pirate: Plague of the Dead,2017-10-13,1,Home Net Games,Home Net Games,windows;mac;linux,0,Single-player;In-App Purchases;Steam Cloud,Action;Adventure;Free to Play;Indie;Simulation;Strategy,Free to Play;Action;Pirates,0,225,89,11,11,100000-200000,0.0,314,0.7165605095541401,225.0,5.420534999272285,5.752572638825633,2.4849066497880004
724110,PlayUSA,2018-03-20,1,Sebastian Havens;Papɛя,Gavisus Games;Gavisus,windows,0,Online Multi-Player;Steam Achievements;Full controller support,Indie;Strategy,Indie;Strategy;Board Game,4,5,5,0,0,0-20000,0.0,10,0.5,5.0,1.791759469228055,2.3978952727983707,0.0
724180,Morgan lives in a Rocket House in VR,2017-11-03,1,Fold Up Studios,Fold Up Studios,windows,0,Single-player,Casual;Free to Play;Indie,Free to Play;Indie;Casual,0,30,0,0,0,0-20000,0.0,30,1.0,30.0,3.4339872044851463,3.4339872044851463,0.0
724280,Crankies Workshop: Freebot Assembly,2017-10-10,1,Crankies Smartworks,VT Publishing,windows,0,Single-player;Steam Achievements,Action;Casual;Free to Play;Indie;Simulation;Strategy,Free to Play;Indie;Casual,1,28,15,0,0,0-20000,0.0,43,0.6511627906976745,28.000000000000004,3.367295829986474,3.784189633918261,0.0
724340,Scavenger,2017-10-12,1,Hail Mary Games,Peter Skogvold,windows,0,Single-player,Casual;Indie;Strategy,Strategy;Indie;Casual,0,2,0,0,0,0-20000,0.0,2,1.0,2.0,1.0986122886681098,1.0986122886681098,0.0
724350,King of the Couch: Zoovival,2017-11-21,1,Loophole Interactive,Loophole Interactive,windows,0,Multi-player;Online Multi-Player;Local Multi-Player;Shared/Split Screen;Partial Controller Support,Action;Casual;Indie,Action;Indie;Casual,14,98,37,0,0,0-20000,0.0,135,0.725925925925926,98.0,4.59511985013459,4.912654885736052,0.0
724520,Magilore,2017-11-26,1,Cole Kitroser,Cole Fusion Studios,windows,0,Single-player,RPG,RPG;RPGMaker,0,2,4,0,0,0-20000,0.0,6,0.3333333333333333,2.0,1.0986122886681098,1.9459101490553128,0.0
724870,Glorious Noon,2017-11-14,1,Jehan Kobe Chang,Jehan Kobe Chang,windows,0,Single-player;Steam Workshop,Action;Free to Play;Indie,Free to Play;Action;Indie,0,22,6,0,0,0-20000,0.0,28,0.7857142857142857,22.0,3.1354942159291497,3.367295829986474,0.0
724910,Icarus Six Sixty Six,2018-01-04,1,Titmouse,Titmouse,windows,0,Single-player,Casual,Casual;VR,0,9,1,0,0,0-20000,0.0,10,0.9,9.0,2.302585092994046,2.3978952727983707,0.0
725340,Lines X Free,2017-10-31,1,Konstructors Entertainment,Konstructors Entertainment,windows;mac;linux,0,Single-player;Steam Achievements;Steam Cloud,Casual;Free to Play;Indie;Strategy,Indie;Casual;Strategy,317,679,73,0,0,50000-100000,0.0,752,0.9029255319148936,679.0,6.522092798170152,6.6240652277998935,0.0
725510,Merper VR,2017-11-02,1,Federico Schliemann,Federico Schliemann,windows,0,Single-player,Casual;Free to Play;Indie;Simulation,Free to Play;Indie;Casual,0,23,2,0,0,20000-50000,0.0,25,0.92,23.0,3.1780538303479458,3.258096538021482,0.0
725920,If Only...,2017-10-22,1,RMIT VX Lab,RMIT VX Lab,windows,0,Single-player,Simulation,Simulation;VR,0,2,1,0,0,0-20000,0.0,3,0.6666666666666666,2.0,1.0986122886681098,1.3862943611198906,0.0
725980,Path Out,2017-11-02,1,Causa Creations,Causa Creations,windows;mac,0,Single-player;Partial Controller Support,Adventure;Free to Play,Free to Play;Pixel Graphics;Adventure,0,117,5,0,0,0-20000,0.0,122,0.9590163934426228,117.0,4.770684624465665,4.812184355372417,0.0
726390,Scream Collector,2017-10-26,1,PuzzleRoo,PuzzleRoo,windows,0,Single-player;Steam Achievements;In-App Purchases,Casual;Free to Play,Free to Play;Casual;Clicker,68,313,55,93,93,50000-100000,0.0,368,0.8505434782608695,313.0,5.749392985908253,5.910796644040527,4.543294782270004
726910,Star Wars: Droid Repair Bay,2017-12-06,1,ILMxLAB,"Disney Platform Distribution, Inc.",windows,0,Single-player;Steam Achievements,Adventure;Casual;Free to Play,Free to Play;Adventure;Casual,22,221,32,54,54,100000-200000,0.0,253,0.8735177865612648,221.0,5.402677381872279,5.537334267018537,4.007333185232471
727280,Scrap,2017-10-18,1,Top Shelf Studios,,windows,0,Single-player;Local Multi-Player;Local Co-op;Shared/Split Screen;Full controller support,Action;Free to Play;Indie,Free to Play;Action;Indie,0,24,22,0,0,50000-100000,0.0,46,0.5217391304347826,24.0,3.218875824868201,3.8501476017100575,0.0
727310,Major League Gladiators,2017-12-18,1,Team Major League Gladiators,Team Major League Gladiators,windows,0,Single-player;Online Co-op,Action;Free to Play;Indie,Free to Play;Action;Indie,3,19,5,0,0,20000-50000,0.0,24,0.7916666666666666,19.0,2.995732273553991,3.218875824868201,0.0
728110,Board Games VR,2017-11-15,1,artArmin,artArmin,windows,0,Single-player,Casual;Free to Play;Indie;Early Access,Early Access;Free to Play;Indie,0,9,1,0,0,0-20000,0.0,10,0.9,9.0,2.302585092994046,2.3978952727983707,0.0
728540,Islands of Nyne: Battle Royale,2018-07-12,1,Define Human Studios,Define Human Studios,windows,0,Online Multi-Player;In-App Purchases;Partial Controller Support;Stats,Action;Indie;Early Access,Early Access;Battle Royale;Multiplayer,0,3562,3042,80,114,200000-500000,0.0,6604,0.5393700787401575,3562.0000000000005,8.178358165605836,8.795582216956426,4.394449154672439
728730,Holyday City: Reloaded,2018-04-23,1,Holyday Studios,Holyday Studios,windows;mac,0,Single-player;Steam Achievements;Steam Trading Cards;In-App Purchases;Steam Cloud;Steam Leaderboards,Casual;Free to Play;Indie;Simulation;Strategy,Free to Play;Clicker;Casual,42,815,164,970,970,200000-500000,0.0,979,0.832482124616956,815.0,6.704414354964107,6.887552571664617,6.878326468291325
729180,Turtle: Voidrunner,2017-10-26,1,Grey Gods,Grey Gods,windows,0,Single-player,Action;Casual;Indie,Action;Indie;Casual,0,5,2,0,0,0-20000,0.0,7,0.7142857142857143,5.0,1.791759469228055,2.079441541679836,0.0
729580,Malzbie's Pinball Collection,2017-10-27,1,Malzbie Games,Malzbie Games,windows,0,Single-player;Steam Achievements;Full controller support;Steam Leaderboards,Casual;Free to Play;Indie;Simulation;Sports,Free to Play;Indie;Casual,40,41,20,0,0,20000-50000,0.0,61,0.6721311475409836,41.0,3.737669618283368,4.127134385045092,0.0
729820,Wheelbarrow Warrior,2019-01-22,1,"Flight 115, LLC","Flight 115, LLC",windows,0,Single-player;Local Co-op;Shared/Split Screen,Adventure;Indie,Indie;Adventure,0,5,0,0,0,0-20000,0.0,5,1.0,5.0,1.791759469228055,1.791759469228055,0.0
730090,Travel VR,2017-11-02,1,Little Maxima LLC,Little Maxima LLC,windows,0,Single-player,Casual;Free to Play,Free to Play;Casual;VR,0,12,13,0,0,20000-50000,0.0,25,0.48,12.0,2.5649493574615367,3.258096538021482,0.0
730310,DYNASTY WARRIORS 9 真・三國無双８,2018-02-13,1,"KOEI TECMO GAMES CO., LTD.","KOEI TECMO GAMES CO., LTD.",windows,0,Single-player;Multi-player;Online Multi-Player;Local Multi-Player;Co-op;Online Co-op;Local Co-op;Steam Achievements;Full controller support;Steam Trading Cards;Steam Cloud,Action,Action;Open World;Hack and Slash,44,1487,4620,188,193,1000000-2000000,0.0,6107,0.2434910758146389,1487.0,7.305188215393037,8.717354666338522,5.241747015059643
731180,Coffee Run,2017-10-30,1,Andrew Rodenhiser,Andrew Rodenhiser,windows,0,Single-player,Action;Casual;Free to Play;Indie,Free to Play;Indie;Action,0,65,24,0,0,0-20000,0.0,89,0.7303370786516854,65.0,4.189654742026425,4.499809670330265,0.0
731770,Flightless,2017-10-27,1,Bristol Street Studios,Bristol Street Publishing,windows,0,Single-player,Adventure;Free to Play;Indie,Free to Play;Adventure;Indie,0,288,23,6,6,20000-50000,0.0,311,0.9260450160771704,288.0,5.666426688112432,5.7430031878094825,1.9459101490553128
731790,Fly Destroyer,2017-10-27,1,DillyFrame,DillyFrame,windows,0,Single-player;Steam Achievements,Casual;Simulation,Casual;Simulation;VR,8,3,4,0,0,0-20000,0.0,7,0.4285714285714285,3.0,1.3862943611198906,2.079441541679836,0.0
732360,Mercury Blue: Mini Episode,2018-06-28,1,Turbo Chimp,Turbo Chimp,windows,0,Single-player;Steam Achievements,Action;Adventure;Free to Play;Indie,Adventure;Action;Free to Play,8,75,11,0,0,20000-50000,0.0,86,0.872093023255814,75.0,4.330733340286331,4.465908118654584,0.0
732730,Red Crucible®: Reloaded,2017-11-22,1,"Rocketeer Games Studio, LLC","Rocketeer Games Studio, LLC",windows;mac,0,Online Multi-Player;Cross-Platform Multiplayer;In-App Purchases,Action;Adventure;Free to Play;Indie;Simulation,Free to Play;Action;Multiplayer,0,338,277,190,193,100000-200000,0.0,615,0.5495934959349593,338.0,5.82600010738045,6.423246963533519,5.25227342804663
732950,Pairs,2017-11-20,1,owl.;Jonas Tintenseher;BáiYù;Andrewus;Atomic-Invasion;Butterfly Wisps;Noyemi Karlaitė;Mama J;Shida,Jellyfish Parade,windows;mac;linux,0,Single-player;Captions available,Free to Play;Indie;Simulation,Free to Play;Indie;Simulation,0,17,5,0,0,0-20000,0.0,22,0.7727272727272727,17.0,2.8903717578961645,3.1354942159291497,0.0
733420,Fragments,2017-11-09,0,Pulsarium,Pulsarium,windows,0,Single-player;Shared/Split Screen;Partial Controller Support,Adventure;Indie,Adventure;Indie;VR,0,1,1,0,0,0-20000,0.0,2,0.5,1.0,0.6931471805599453,1.0986122886681098,0.0
733480,Flora,2017-12-27,1,The Game Bakery,The Game Bakery,windows;mac,0,Single-player,Adventure;Free to Play;Indie;RPG;Strategy,Free to Play;Adventure;RPG,0,128,53,24,24,50000-100000,0.0,181,0.7071823204419889,128.0,4.859812404361672,5.204006687076795,3.218875824868201
734020,Legendary DXP,2018-01-23,1,SkyReacher Entertainment,The Upper Deck Company,windows,0,Single-player;Online Multi-Player;Online Co-op;Cross-Platform Multiplayer;In-App Purchases,Casual,Casual;Card Game,0,32,21,0,0,0-20000,0.0,53,0.6037735849056604,32.0,3.49650756146648,3.9889840465642745,0.0
734290,World Warfare,2018-04-03,1,JoyCrafter,WisJoy,windows;mac,0,Online Multi-Player;Online Co-op;Cross-Platform Multiplayer,Free to Play;Indie;Massively Multiplayer;RPG;Simulation;Strategy;Early Access,Early Access;Strategy;Free to Play,0,83,48,0,0,20000-50000,0.0,131,0.6335877862595419,82.99999999999999,4.430816798843313,4.882801922586371,0.0
734330,Ultimate Coaster X,2019-03-10,1,Phony Game Studios,Phony Game Studios,windows,0,Single-player,Simulation;Early Access,Early Access;Simulation,0,28,5,0,0,0-20000,0.0,33,0.8484848484848485,28.0,3.367295829986474,3.5263605246161616,0.0
734550,Wheel Riders Online OBT,2017-12-27,1,Raum Studio,Raum Studio,windows,0,Multi-player;Online Multi-Player;Online Co-op;Steam Trading Cards;In-App Purchases;Partial Controller Support,Action;Free to Play;Massively Multiplayer;Racing,Free to Play;Racing;Action,0,55,189,0,0,50000-100000,0.0,244,0.2254098360655737,55.0,4.02535169073515,5.501258210544727,0.0
734580,BattleRush,2018-03-27,1,Thunder Devs.,Thunder Devs.,windows,0,Multi-player,Action;Adventure;Free to Play;Indie;Massively Multiplayer,Free to Play;Multiplayer;FPS,0,1411,739,23,35,200000-500000,0.0,2150,0.6562790697674419,1411.0,7.252762418053187,7.67368812926773,3.1780538303479458
734750,PickCrafter,2017-12-14,1,Fiveamp,Fiveamp,windows;mac,0,Single-player;Steam Achievements;Steam Trading Cards;In-App Purchases;Steam Leaderboards,Casual;Free to Play;Simulation,Free to Play;Clicker;Casual,93,1041,268,439,803,200000-500000,0.0,1309,0.7952635599694423,1041.0,6.948897222313312,7.177782416195197,6.0867747269123065
734910,Eternal Hour: Golden Hour,2017-11-27,1,Seventh Heart Studios,Sekai Project,windows;mac;linux,0,Single-player;Steam Achievements;Full controller support;Steam Cloud,Adventure;Casual;Free to Play;Indie,Sexual Content;Free to Play;Nudity,6,564,54,0,0,100000-200000,0.0,618,0.912621359223301,564.0,6.336825731146441,6.428105272684596,0.0
735460,Highway Madness,2018-02-01,1,Game Cooks,Game Cooks,windows,0,Single-player;Multi-player,Casual;Free to Play;Early Access,Early Access;Free to Play;Casual,0,23,10,0,0,20000-50000,0.0,33,0.696969696969697,23.0,3.1780538303479458,3.5263605246161616,0.0
735470,vBuilder,2017-11-08,1,"TSMOUNT, Inc.","TSMOUNT, Inc.",windows,0,Partial Controller Support,Animation & Modeling,Animation & Modeling;VR,0,6,2,0,0,0-20000,0.0,8,0.75,6.0,1.9459101490553128,2.19722457733622,0.0
735520,Time Killers: CatchOut,2017-10-31,1,Space Fractal,Space Fractal,windows,0,Single-player,Action;Casual;Strategy,Strategy;Action;Casual,0,2,1,56,56,0-20000,0.0,3,0.6666666666666666,2.0,1.0986122886681098,1.3862943611198906,4.04305126783455
735530,Time Killers: Spot Race,2017-11-13,1,Space Fractal,Space Fractal,windows,0,Single-player,Casual;Indie;Strategy,Casual;Strategy;Indie,0,5,2,0,0,0-20000,0.0,7,0.7142857142857143,5.0,1.791759469228055,2.079441541679836,0.0
735570,Project Rhombus,2017-12-07,1,SEROSOO,PsychoFlux Entertainment,windows,0,Single-player;Steam Achievements;Full controller support;Steam Cloud,Action;Casual;Free to Play;Indie,Free to Play;Indie;Rhythm,4,809,64,3,3,50000-100000,0.0,873,0.9266895761741124,809.0,6.697034247666484,6.773080375655535,1.3862943611198906
735810,Cyber Surf,2018-02-27,1,Nathan Ralph;Jon (Assan) Bryant;Jonathan Ribarro;Xander Kyle Puckett;Matthew Myers,I.E.D. Studios,windows,0,Single-player;Full controller support,Free to Play;Indie;Racing;Simulation,Free to Play;Indie;Simulation,0,7,3,0,0,0-20000,0.0,10,0.7,7.0,2.079441541679836,2.3978952727983707,0.0
735850,Trailer Park Boys: Greasy Money,2018-04-18,1,East Side Games,East Side Games,windows;mac,0,Single-player;Steam Achievements;Steam Trading Cards;In-App Purchases,Casual;Free to Play;Indie;Simulation,Free to Play;Indie;Casual,21,312,134,131,147,100000-200000,0.0,446,0.6995515695067265,312.0,5.746203190540153,6.102558594613569,4.882801922586371
736400,Soundscape Classic,2017-11-01,1,Groove Science,Groove Science Studios,windows,0,Single-player,Casual;Indie;Simulation,Simulation;Indie;Casual,0,6,5,0,0,0-20000,0.0,11,0.5454545454545454,6.0,1.9459101490553128,2.4849066497880004,0.0
736920,Here & Elsewhere,2019-03-05,1,Object Normal,Object Normal,windows,0,Single-player,Casual;Simulation,Casual;Simulation;VR,0,3,2,0,0,0-20000,0.0,5,0.6,3.0,1.3862943611198906,1.791759469228055,0.0
737280,Moose Invasion,2017-11-12,1,Daniel Meredith,Daniel Meredith,windows,0,Single-player;Steam Achievements;Commentary available,Action,Action,10,6,1,0,0,0-20000,0.0,7,0.8571428571428571,6.0,1.9459101490553128,2.079441541679836,0.0
737490,Journey to Luonto,2017-11-27,1,Daniel Wiitanen,Daniel Wiitanen,windows,0,Single-player;Steam Cloud,Adventure;Free to Play;RPG,Adventure;Free to Play;RPG,0,11,3,0,0,0-20000,0.0,14,0.7857142857142857,11.0,2.4849066497880004,2.70805020110221,0.0
738060,Freddy Fazbear's Pizzeria Simulator,2017-12-04,1,Scott Cawthon,Scott Cawthon,windows,0,Single-player,Free to Play;Indie;Simulation,Free to Play;Horror;Singleplayer,0,7846,580,100,124,1000000-2000000,0.0,8426,0.9311654403038216,7846.0,8.967886572127473,9.039196115772354,4.61512051684126
738470,God Of Thunder,2017-11-14,1,RDavis,RDavis,windows,0,Single-player,Action;Adventure;Indie,Action;Adventure;Indie,0,25,0,0,0,0-20000,0.0,25,1.0,25.0,3.258096538021482,3.258096538021482,0.0
738500,The Parallax Effect,2017-12-31,1,Danstarr13,Danstarr13,windows,0,Single-player;Multi-player;Online Multi-Player;Local Multi-Player;Steam Achievements;Stats,Action;Adventure;Free to Play;Indie;Early Access,Early Access;Free to Play;Multiplayer,20,94,112,0,0,50000-100000,0.0,206,0.4563106796116505,94.0,4.553876891600541,5.332718793265369,0.0
738840,わがままアリスと百日戦争 -Brutal Alice and the Hundred Day's War-,2018-02-05,0,KoromoSoft,KoromoSoft,windows;mac,0,Single-player,Adventure;Free to Play;RPG;Strategy,Free to Play;Adventure;Strategy,0,65,5,0,0,20000-50000,0.0,70,0.9285714285714286,65.0,4.189654742026425,4.262679877041316,0.0
738880,Pain of War,2018-02-02,1,Free Initiative Games,Free Initiative Games,windows,0,Single-player;Steam Achievements;Partial Controller Support,Action;Adventure,Action;Adventure;Horror,20,33,22,0,0,0-20000,0.0,55,0.6,33.0,3.5263605246161616,4.02535169073515,0.0
739260,Golden Hornet,2017-12-22,1,Hijong Park,PsychoFlux Entertainment,windows,0,Single-player;Full controller support,Action;Free to Play;Indie,Free to Play;Action;Indie,0,126,9,0,0,0-20000,0.0,135,0.9333333333333332,126.0,4.844187086458591,4.912654885736052,0.0
739880,アルカナリッター,2017-12-07,0,アスガル騎士団,アスガル騎士団,windows,0,Single-player,RPG,RPG;RPGMaker,0,6,1,0,0,0-20000,0.0,7,0.8571428571428571,6.0,1.9459101490553128,2.079441541679836,0.0
739960,Kokoda VR,2017-10-31,1,Australian Broadcasting Corporation,Australian Broadcasting Corporation,windows,0,Single-player,Free to Play;Simulation,Free to Play;Simulation;VR,0,23,3,1,1,20000-50000,0.0,26,0.8846153846153846,23.0,3.1780538303479458,3.295836866004329,0.6931471805599453
740250,Neos VR,2018-05-04,1,Frooxius;Solirax,Solirax,windows,0,Single-player;Multi-player;Online Multi-Player;Cross-Platform Multiplayer;Includes level editor,Free to Play;Indie;Animation & Modeling;Design & Illustration;Education;Software Training;Utilities;Web Publishing;Early Access,Early Access;Free to Play;Design & Illustration,0,47,5,0,0,0-20000,0.0,52,0.903846153846154,47.0,3.871201010907891,3.970291913552122,0.0
740470,Echoed World,2017-12-04,1,Team DOTS,Team DOTS,windows,0,Single-player;Partial Controller Support,Action;Adventure;Free to Play;Indie,Free to Play;Adventure;Action,0,398,140,0,0,50000-100000,0.0,538,0.7397769516728625,398.0,5.988961416889864,6.289715570908998,0.0
741320,The Song of Terminus  終焉的迴響:護界者之歌,2017-10-26,0,拉貢拉斯找金粒,拉貢拉斯找金粒,windows,0,Single-player;Partial Controller Support,Action;Free to Play;Indie;Early Access,Early Access;Free to Play;Action,0,29,29,0,0,20000-50000,0.0,58,0.5,29.0,3.4011973816621555,4.07753744390572,0.0
741590,Hex Commander: Fantasy Heroes,2017-12-22,1,Home Net Games,Home Net Games,windows;mac;linux,0,Single-player;Online Multi-Player;Online Co-op;Cross-Platform Multiplayer;In-App Purchases;Steam Cloud,Free to Play;Indie;Strategy,Free to Play;Strategy;Indie,0,101,43,0,0,50000-100000,0.0,144,0.7013888888888888,101.0,4.624972813284271,4.976733742420574,0.0
741820,Prey: Typhon Hunter,2018-12-11,1,Arkane Studios,Bethesda Softworks,windows,0,Single-player;Multi-player;Online Multi-Player;Steam Achievements;Partial Controller Support,Action,Action;Multiplayer;VR,10,106,206,0,0,0-20000,0.0,312,0.3397435897435897,106.0,4.672828834461906,5.746203190540153,0.0
742170,Dr. Frank's Build a Boyfriend,2018-05-30,1,Heiden,Visual Wordplay,windows;mac;linux,0,Single-player;Steam Achievements,Nudity;Free to Play;Indie;Simulation,Free to Play;Indie;Nudity,3,117,18,0,0,20000-50000,0.0,135,0.8666666666666667,117.0,4.770684624465665,4.912654885736052,0.0
742470,Chronicles of cyberpunk,2017-12-07,1,Dima Kozyr,Dima Kozyr,windows;linux,0,Single-player,Adventure,Adventure;Cyberpunk;Story Rich,0,12,0,0,0,0-20000,0.0,12,1.0,12.0,2.5649493574615367,2.5649493574615367,0.0
742500,Nonogram - Master's Legacy,2018-11-08,1,Konstructors Entertainment,Konstructors Entertainment,windows,0,Single-player;Steam Achievements;Steam Workshop;Steam Cloud;Includes level editor,Casual;Free to Play;Indie;Strategy,Free to Play;Indie;Casual,6,36,15,0,0,0-20000,0.0,51,0.7058823529411765,36.0,3.610917912644224,3.951243718581428,0.0
742630,Wonky Ship,2017-11-20,1,Kiz Studios,"You42, Inc.",windows;mac,0,Single-player;Online Multi-Player;Cross-Platform Multiplayer;Steam Achievements;In-App Purchases;Steam Cloud,Action;Casual;Free to Play,Free to Play;Action;Casual,12,25,14,0,0,0-20000,0.0,39,0.6410256410256411,25.000000000000004,3.258096538021482,3.688879454113936,0.0
742990,Sanguo: War Under Heaven,2018-12-17,1,Telestic Studios,"Second March, LLC",windows,0,Single-player;Multi-player;Online Multi-Player,Free to Play;Strategy,Free to Play;Strategy,0,4,2,0,0,0-20000,0.0,6,0.6666666666666666,4.0,1.6094379124341005,1.9459101490553128,0.0
743000,Progeny VR,2018-01-16,1,Silverstring Media Inc.,Silverstring Media Inc.,windows,0,Single-player,Indie;RPG;Simulation,Indie;Simulation;RPG,0,6,2,0,0,0-20000,0.0,8,0.75,6.0,1.9459101490553128,2.19722457733622,0.0
743090,Defiance 2050,2018-07-10,1,Trion Worlds,Trion Worlds,windows,18,Online Multi-Player;MMO;Online Co-op;Full controller support,Adventure;Free to Play;Massively Multiplayer,Free to Play;Massively Multiplayer;Adventure,33,636,978,77,37,200000-500000,0.0,1614,0.3940520446096654,636.0,6.456769655572163,7.387090235656757,4.356708826689592
743190,Zap Zap Zombie Cats,2018-05-09,1,Hang Time Studios,Hang Time Studios,windows,0,Single-player;Steam Achievements,Action;Casual;Free to Play;Indie,Free to Play;Action;Indie,15,27,17,0,0,0-20000,0.0,44,0.6136363636363636,27.0,3.332204510175204,3.80666248977032,0.0
743370,Soccer Manager 2018,2017-12-22,1,Soccer Manager Ltd,Soccer Manager Ltd,windows,0,Single-player;In-App Purchases,Sports,Sports;Soccer;Football,55,274,139,664,979,200000-500000,0.0,413,0.6634382566585957,274.0,5.616771097666572,6.025865973825314,6.499787040655854
744400,TRATEL64,2017-11-22,1,UWILMOD,UWILMOD,windows,0,Single-player,Adventure;Free to Play;Indie,Free to Play;Nudity;Adventure,0,71,29,0,0,0-20000,0.0,100,0.71,71.0,4.276666119016055,4.61512051684126,0.0
744660,Dream Channel,2017-11-27,1,Dream Channel,Dream Channel,windows,0,Single-player,Adventure;Casual;Free to Play,Free to Play;Adventure;Casual,0,5,3,0,0,0-20000,0.0,8,0.625,5.0,1.791759469228055,2.19722457733622,0.0
744800,Banyu Lintar Angin - Little Storm -,2018-01-11,1,Mojiken Studio,Toge Productions,windows;mac,0,Single-player,Casual;Free to Play;Indie,Free to Play;Indie;Casual,0,367,13,0,0,20000-50000,0.0,380,0.9657894736842104,367.0,5.908082938168931,5.942799375126701,0.0
744810,A Raven Monologue,2018-01-11,1,Mojiken Studio,Toge Productions,windows;mac,0,Single-player,Casual;Free to Play;Indie,Free to Play;Indie;Casual,0,1405,69,8,8,100000-200000,0.0,1474,0.9531886024423338,1405.0,7.24850407237061,7.29641326877392,2.19722457733622
744900,Dead Frontier 2,2018-09-05,1,Creaky Corpse Ltd,Creaky Corpse Ltd,windows,0,Single-player;Multi-player;Online Multi-Player;MMO;Co-op;Online Co-op;In-App Purchases,Action;Free to Play;Indie;Massively Multiplayer;RPG;Early Access,Early Access;Free to Play;Zombies,0,4814,2179,0,0,1000000-2000000,0.0,6993,0.6884026884026884,4814.0,8.479491324232226,8.852807917623322,0.0
745550,The Valley In My Mind,2017-12-22,1,Generic Game Studios LLC,Generic Game Studios LLC,windows,0,Single-player,Action;Casual;Indie,Action;Indie;Casual,0,5,3,0,0,0-20000,0.0,8,0.625,5.0,1.791759469228055,2.19722457733622,0.0
745560,Overclocked,2018-10-09,1,Magnesium Ninja,Magnesium Ninja,windows;mac,0,Single-player;Steam Achievements;Full controller support;Steam Cloud;Steam Leaderboards,Action;Free to Play;Indie,Action;Free to Play;Indie,36,158,15,0,0,20000-50000,0.0,173,0.9132947976878611,158.0,5.068904202220232,5.159055299214529,0.0
745760,Perceptions of the Dead,2017-10-31,1,Ithaqua Labs,Ithaqua Labs,windows;mac;linux,0,Single-player,Adventure;Casual;Free to Play;Indie,Free to Play;Adventure;Indie,0,243,19,0,0,50000-100000,0.0,262,0.9274809160305344,243.0,5.497168225293202,5.572154032177765,0.0
746010,Rig or Skill: PC Brawl,2018-03-09,1,Don't Bite Devs,Fat Dog Games,windows,0,Single-player;Multi-player;Online Multi-Player;In-App Purchases,Action;Casual;Free to Play;Indie;Early Access,Early Access;Free to Play;Action,24,10,9,3,3,0-20000,0.0,19,0.5263157894736842,10.0,2.3978952727983707,2.995732273553991,1.3862943611198906
746280,Alpha Locus VR,2017-11-27,1,Chris Danelon,Chris Danelon,windows,0,Single-player,Violent;Gore;Action;Free to Play;Indie,Free to Play;Action;Indie,0,17,1,0,0,0-20000,0.0,18,0.9444444444444444,17.0,2.8903717578961645,2.9444389791664403,0.0
746860,Rail Recon,2018-01-23,1,Triggered Studios,Triggered Studios;NHTV Breda University of Applied Sciences,windows,0,Single-player;Partial Controller Support,Action;Adventure;Indie,Indie;Action;Adventure,0,22,1,0,0,0-20000,0.0,23,0.9565217391304348,22.0,3.1354942159291497,3.1780538303479458,0.0
746910,Chicken Farm 2K17,2017-12-05,1,Jakal Studios,Jakal Studios,windows,0,Single-player,Casual;Free to Play;Indie;Simulation;Strategy,Free to Play;Indie;Casual,0,147,62,43,43,50000-100000,0.0,209,0.7033492822966507,147.0,4.997212273764115,5.3471075307174685,3.784189633918261
746920,Rapid Tap,2018-01-22,1,Wolfborg Games,Wolfborg Games,windows;mac;linux,0,Single-player;Multi-player;Online Multi-Player;Cross-Platform Multiplayer;Steam Leaderboards,Casual;Free to Play;Indie,Free to Play;Psychological Horror;Memes,0,294,26,3,3,20000-50000,0.0,320,0.91875,294.0,5.68697535633982,5.771441123130016,1.3862943611198906
747210,Voyage Senki VR 海洋传说 VR,2018-04-15,1,"Shanghai Fengsheng Technology Co.,Ltd.","Shanghai superpoint Co.,Ltd.",windows,0,Online Multi-Player;Cross-Platform Multiplayer,Free to Play;Massively Multiplayer;RPG;Strategy;Early Access,Early Access;Free to Play;RPG,0,14,10,0,0,0-20000,0.0,24,0.5833333333333334,14.0,2.70805020110221,3.218875824868201,0.0
747240,XL1-ClippingPoint,2018-02-21,1,XLGAMES.Inc,XLGAMES.Inc,windows,0,Single-player;Online Multi-Player;Partial Controller Support,Racing;Simulation;Sports,Simulation;Racing;Sports,0,33,21,0,0,20000-50000,0.0,54,0.6111111111111112,33.0,3.5263605246161616,4.007333185232471,0.0
747770,Super Shoot Owl,2017-11-30,1,Shazard G Bansraj,Shazard G Bansraj,windows,0,Single-player;Steam Achievements;Full controller support,Action;Free to Play;Indie,Free to Play;Action;Indie,7,16,10,0,0,0-20000,0.0,26,0.6153846153846154,16.0,2.833213344056216,3.295836866004329,0.0
747920,Hero Plus,2018-01-22,1,MGAME Corporation,Netgame Inc,windows,0,Online Multi-Player;MMO;In-App Purchases,Free to Play;Massively Multiplayer,Massively Multiplayer;Free to Play;MMORPG,0,46,58,0,0,20000-50000,0.0,104,0.4423076923076923,46.0,3.8501476017100575,4.653960350157523,0.0
747970,Scions of Fate,2018-01-29,1,MGAME Corporation,NETGAME Inc,windows,0,Online Multi-Player;In-App Purchases,Free to Play;Massively Multiplayer;RPG,Free to Play;Massively Multiplayer;RPG,0,37,32,0,0,20000-50000,0.0,69,0.5362318840579711,37.0,3.6375861597263857,4.248495242049359,0.0
748420,Beat the Blitz,2018-03-01,1,The Mill,Gatorade,windows,0,Single-player,Action;Free to Play;Simulation;Sports,Free to Play;Simulation;Sports,0,13,2,0,0,0-20000,0.0,15,0.8666666666666667,13.0,2.6390573296152584,2.772588722239781,0.0
748660,Tom's Mansion,2017-12-06,1,RayKingArts,RayKingArts,windows,0,Single-player,Action;Simulation,Action;Simulation,0,5,2,0,0,0-20000,0.0,7,0.7142857142857143,5.0,1.791759469228055,2.079441541679836,0.0
748800,Savage Offroad,2017-12-06,1,Backburner Games,Backburner Games,windows,0,Single-player;Multi-player;Local Multi-Player;Shared/Split Screen;Steam Achievements;Full controller support;Steam Cloud,Racing,Racing;Indie;Arcade,50,9,8,0,0,0-20000,0.0,17,0.5294117647058824,9.0,2.302585092994046,2.8903717578961645,0.0
748880,External Visions,2017-11-15,1,team BitClub,team BitClub,windows;linux,0,Single-player;Steam Achievements;Partial Controller Support,Free to Play;Indie,Free to Play;Indie;Metroidvania,21,12,5,0,0,0-20000,0.0,17,0.7058823529411765,12.0,2.5649493574615367,2.8903717578961645,0.0
748940,Rise of Legions,2019-02-22,1,Broken Games,Crunchy Leaf Games,windows,0,Single-player;Multi-player;Online Multi-Player;Co-op;Online Co-op;In-App Purchases,Casual;Free to Play;Strategy;Early Access,Early Access;Free to Play;Strategy,0,382,124,0,0,100000-200000,0.0,506,0.7549407114624506,382.0,5.948034989180646,6.228511003591184,0.0
749180,Bridge Trek,2018-03-12,1,Another Planet,Another Planet,windows,0,Single-player,Indie;Simulation,Simulation;Indie;VR,0,12,3,0,0,0-20000,0.0,15,0.8,12.0,2.5649493574615367,2.772588722239781,0.0
750350,Google Spotlight Stories: Piggy,2018-06-06,1,Google Inc.,Google Inc.,windows,0,Single-player,Adventure;Free to Play,Free to Play;Adventure;VR,0,15,0,0,0,0-20000,0.0,15,1.0,15.0,2.772588722239781,2.772588722239781,0.0
750360,Google Spotlight Stories: On Ice,2018-06-06,1,Google Inc.,Google Inc.,windows,0,Single-player,Adventure;Free to Play,Free to Play;Adventure;VR,0,18,0,0,0,0-20000,0.0,18,1.0,18.0,2.9444389791664403,2.9444389791664403,0.0
751260,Astrohazard Solutions Ltd.,2017-12-11,1,Bob Games,Bob Games,windows,0,Single-player;Steam Achievements;Steam Cloud;Steam Leaderboards,Action;Adventure;Indie,Action;Adventure;Indie,16,7,0,0,0,0-20000,0.0,7,1.0,7.0,2.079441541679836,2.079441541679836,0.0
751280,Snail Trek - Chapter 1: Intershellar,2017-11-29,1,Phil Fortier,Phil Fortier,windows;mac;linux,0,Single-player;Steam Achievements,Adventure;Indie,Adventure;Indie;Retro,6,82,3,0,0,0-20000,0.0,85,0.9647058823529412,82.0,4.418840607796598,4.454347296253507,0.0
751350,Deadly Contact,2017-12-22,1,Kaan Bukusoglu,Kaan Bukusoglu,windows,0,Single-player,Action;Casual;Free to Play;Indie,Free to Play;Action;Indie,0,18,4,0,0,0-20000,0.0,22,0.8181818181818182,18.0,2.9444389791664403,3.1354942159291497,0.0
751550,The Same Crime,2018-03-19,1,福州沉浸者网络科技有限公司,福州沉浸者网络科技有限公司,windows,0,Single-player,Adventure;Indie;RPG,Adventure;Indie;RPG,0,5,3,0,0,0-20000,0.0,8,0.625,5.0,1.791759469228055,2.19722457733622,0.0
751590,Dinosaurs A Prehistoric Adventure,2017-12-17,1,Arcupion Art,Arcupion Art,windows,0,Single-player,Action;Adventure;Free to Play;Indie;RPG,Free to Play;Indie;Dinosaurs,0,66,94,0,0,50000-100000,0.0,160,0.4125,66.0,4.204692619390966,5.081404364984463,0.0
751690,The Mammoth: A Cave Painting,2017-11-22,1,inbetweengames,inbetweengames,windows;mac;linux,0,Single-player;Steam Achievements;Full controller support,Action;Adventure;Casual;Indie,Adventure;Indie;Action,1,480,52,3,3,20000-50000,0.0,532,0.9022556390977444,480.0,6.175867270105761,6.278521424165844,1.3862943611198906
752180,One Night,2018-02-16,1,Dark Gaia Studios,Dark Gaia Studios,windows,0,Single-player;Full controller support,Adventure;Indie,Adventure;Indie,0,11,1,0,0,0-20000,0.0,12,0.9166666666666666,11.0,2.4849066497880004,2.5649493574615367,0.0
753060,Lucky Night VR,2017-12-06,1,ATC Games,ATC Games,windows,0,Online Multi-Player;In-App Purchases;Stats,Casual;Free to Play;Early Access,Early Access;Free to Play;Casual,18,16,9,0,0,0-20000,0.0,25,0.64,16.0,2.833213344056216,3.258096538021482,0.0
753090,Marius,2018-01-05,1,Granola Studios,Granola Studios,windows,0,Single-player,Free to Play,Free to Play;VR;VR Only,0,9,8,0,0,0-20000,0.0,17,0.5294117647058824,9.0,2.302585092994046,2.8903717578961645,0.0
753610,J.A.W.S,2018-03-08,1,"Corn Fed Games, LLC.","Corn Fed Games, LLC.",windows,0,Single-player,Violent;Gore;Action;Casual;Free to Play;Indie;Strategy;Early Access,Early Access;Free to Play;Multiplayer,0,61,63,14,14,20000-50000,0.0,124,0.4919354838709677,61.0,4.127134385045092,4.8283137373023015,2.70805020110221
754160,Defenders of Tetsoidea Academy,2017-11-29,1,Brewsterland Studios,Brewsterland Studios,windows,0,Single-player;Captions available;Partial Controller Support,Action;Adventure;Casual;Free to Play;Indie;RPG,Action;Free to Play;Adventure,0,32,11,0,0,0-20000,0.0,43,0.7441860465116279,32.0,3.49650756146648,3.784189633918261,0.0
754350,忍者村大战2,2018-01-01,0,杭州分浪网络科技有限公司,杭州分浪网络科技有限公司,windows,0,Online Multi-Player;In-App Purchases,Action;Free to Play;Massively Multiplayer;RPG;Strategy,Free to Play;Strategy;Massively Multiplayer,0,92,112,83,83,50000-100000,0.0,204,0.4509803921568627,92.0,4.532599493153256,5.3230099791384085,4.430816798843313
754540,Gauntlet of IRE,2017-12-15,1,KillerPokeGames,KillerPokeGames,windows,0,Single-player;Steam Achievements;Partial Controller Support,Action;Casual;Indie,Casual;Action;Indie,25,59,7,3,3,0-20000,0.0,66,0.8939393939393939,59.0,4.0943445622221,4.204692619390966,1.3862943611198906
754620,High School Simulator,2018-01-03,1,KUMA GAMES,KUMA GAMES,windows;mac,18,Single-player;Partial Controller Support,Sexual Content;Violent;Gore;Simulation,Simulation;Violent;Gore,0,72,36,0,0,0-20000,0.0,108,0.6666666666666666,72.0,4.290459441148391,4.691347882229144,0.0
754810,Six Days of Snow,2017-12-29,1,ebi-hime,ebi-hime,windows;mac;linux,0,Single-player;Steam Achievements,Free to Play;Simulation,Free to Play;Visual Novel;Anime,7,176,40,0,0,20000-50000,0.0,216,0.8148148148148148,176.0,5.176149732573829,5.37989735354046,0.0
755150,Aurora Trail,2017-12-28,1,Screenhit Studios,Screenhit Studios,windows,0,Single-player;Captions available;Partial Controller Support,Free to Play;Indie;RPG;Strategy,Free to Play;Indie;Strategy,0,65,11,0,0,20000-50000,0.0,76,0.8552631578947368,65.0,4.189654742026425,4.343805421853684,0.0
755540,LIV,2018-02-12,1,LIV Inc,LIV Inc,windows,0,Steam Cloud,Utilities;Video Production;Web Publishing;Early Access,Early Access;Video Production;Utilities,0,113,8,0,0,50000-100000,0.0,121,0.9338842975206612,113.0,4.736198448394496,4.804021044733257,0.0
755770,YouTube VR,2017-12-14,1,Google,Google,windows,0,Single-player;Captions available,Early Access,Early Access;VR,0,124,211,7,9,100000-200000,0.0,335,0.3701492537313433,124.0,4.8283137373023015,5.817111159963204,2.079441541679836
755790,Ring of Elysium,2018-09-19,1,Aurora Studio,TCH Scarlet Limited,windows,0,Online Multi-Player,Action;Free to Play;Massively Multiplayer;Early Access,Early Access;Free to Play;Battle Royale,0,39746,13191,736,124,2000000-5000000,0.0,52937,0.7508170088973686,39746.0,10.590289645536233,10.87687669645016,6.602587892189336
755800,Hades' Star,2019-02-27,1,Parallel Space Inc,Parallel Space Inc,windows;mac,0,Online Multi-Player;MMO;Online Co-op;Cross-Platform Multiplayer;Steam Achievements;In-App Purchases,Free to Play;Massively Multiplayer;Strategy,Free to Play;Massively Multiplayer;Strategy,17,226,92,0,0,50000-100000,0.0,318,0.710691823899371,226.0,5.424950017481403,5.765191102784844,0.0
756220,Whirlpool,2017-12-13,1,Ward Mahadin;Aaram Mahadin;Nehaia Halabeieh,Ward Mahadin,windows,0,Single-player,Adventure;Indie,Indie;Adventure;Free to Play,0,3,5,0,0,0-20000,0.0,8,0.375,3.0,1.3862943611198906,2.19722457733622,0.0
757130,Paintball War,2018-06-01,1,ShadowWolf Games,ShadowWolf Games,windows,0,Multi-player;Online Multi-Player;Steam Achievements;In-App Purchases,Action;Free to Play;Massively Multiplayer;Simulation;Sports,Free to Play;Action;Massively Multiplayer,27,330,510,11,11,100000-200000,0.0,840,0.3928571428571428,330.0,5.802118375377063,6.734591659972948,2.4849066497880004
757240,Aimtastic,2018-01-28,1,Victor Möller,Victor Möller,windows,0,Single-player;Steam Workshop;Stats;Steam Leaderboards,Action;Free to Play;Indie;Early Access,Early Access;Free to Play;Action,0,634,29,26,36,100000-200000,0.0,663,0.9562594268476622,634.0,6.453624998892692,6.498282149476434,3.295836866004329
757380,Ship Ahoy Open BETA,2018-01-16,1,OKAM Studio,OKAM Studio,windows,0,Single-player;Online Multi-Player,Action;Casual;Free to Play;Indie;Massively Multiplayer;Simulation,Free to Play;Action;Massively Multiplayer,0,26,6,0,0,20000-50000,0.0,32,0.8125,26.0,3.295836866004329,3.49650756146648,0.0
757490,Mapas do Horizonte - Um jogo para conhecer BH,2018-04-13,0,LED - UFMG,LED,windows,0,Single-player,Casual;Free to Play;Indie,Free to Play;Indie;Casual,0,5,1,0,0,0-20000,0.0,6,0.8333333333333334,5.0,1.791759469228055,1.9459101490553128,0.0
757810,Mahlone One,2018-01-23,1,VM World Studio,VM World Studio,windows,12,Single-player;Multi-player;Local Multi-Player;Steam Workshop;Steam Cloud,Free to Play;Massively Multiplayer,Free to Play;Massively Multiplayer;Zombies,0,74,83,0,0,50000-100000,0.0,157,0.4713375796178344,74.0,4.31748811353631,5.062595033026967,0.0
757910,Away,2018-10-31,1,Inversion Software,Inversion Software,windows,0,Single-player;Steam Achievements;Captions available,Adventure;Casual,Adventure;Casual;Free to Play,1,105,45,0,0,0-20000,0.0,150,0.7,105.0,4.663439094112067,5.017279836814924,0.0
758210,Escape Room,2017-12-11,1,OneTechAsia,OneTechAsia,windows,0,Single-player,Adventure;Simulation;Early Access,Early Access;Adventure;Simulation,0,5,17,0,0,0-20000,0.0,22,0.2272727272727272,5.0,1.791759469228055,3.1354942159291497,0.0
758280,Drunkenpants,2018-01-05,1,Firetail Games,Firetail Games,windows,18,Single-player;Multi-player;Local Multi-Player;Partial Controller Support,Violent;Gore;Action;Indie;Early Access,Early Access;Action;Indie,0,12,0,0,0,0-20000,0.0,12,1.0,12.0,2.5649493574615367,2.5649493574615367,0.0
758530,Sprout,2018-01-05,1,Jeff Nusz;Mindful Mammoth,Mindful Mammoth,windows;mac,0,Single-player;Steam Achievements;Steam Leaderboards,Adventure;Casual;Free to Play;Indie;Strategy,Free to Play;Casual;Adventure,3,843,36,15,15,50000-100000,0.0,879,0.9590443686006824,843.0,6.738152494595957,6.779921907472252,2.772588722239781
758560,Versus World,2018-01-30,1,Two Zoos,Two Zoos,windows,0,Single-player;Multi-player;Online Multi-Player;Stats,Violent;Gore;Action;Indie;Early Access,Early Access;Indie;Action,0,61,7,0,0,0-20000,0.0,68,0.8970588235294118,61.0,4.127134385045092,4.23410650459726,0.0
758980,Downtown Casino Poker Leagues : Texas Hold'em Poker Tournaments,2018-04-04,1,DYNAMICNEXT,DYNAMICNEXT,windows;mac,0,Single-player;Multi-player;Online Multi-Player;Steam Achievements;In-App Purchases;Stats;Steam Leaderboards,Casual;Free to Play;Indie;Massively Multiplayer;Simulation,Free to Play;Massively Multiplayer;Simulation,25,85,40,44,44,20000-50000,0.0,125,0.68,85.0,4.454347296253507,4.836281906951478,3.80666248977032
759530,Struckd - 3D Game Creator,2018-02-02,1,Struckd AG,Struckd AG,windows,0,Single-player;Online Multi-Player;Online Co-op;Cross-Platform Multiplayer;Includes level editor,Action;Adventure;Casual;Racing;RPG;Early Access,Early Access;Free to Play;Action,0,132,79,0,0,50000-100000,0.0,211,0.6255924170616114,132.0,4.890349128221754,5.356586274672012,0.0
759800,Everyday Lite,2017-12-12,1,Luis Eduardo Guedes Martins,Fables of Laetus,windows,0,Single-player,Free to Play;Indie;Simulation;Strategy,Free to Play;Strategy;Indie,0,17,8,0,0,0-20000,0.0,25,0.68,17.0,2.8903717578961645,3.258096538021482,0.0
759970,HIBIKAKEYIRONOKISEKI / 裂色的奇迹 / ひびかけ色のキセキ,2017-12-14,0,ecoddr,Pujia8 Studio;Gamera Game,windows;mac;linux,0,Single-player;Steam Cloud,Adventure;Free to Play;Indie;RPG,Free to Play;Anime;RPG,0,230,19,0,0,50000-100000,0.0,249,0.923694779116466,230.0,5.442417710521793,5.521460917862246,0.0
760490,Frontier Runner,2017-12-18,1,Leon Aminof,Leon Aminof,windows,0,Single-player;Steam Achievements;Partial Controller Support,Adventure;Free to Play;Indie;RPG,Adventure;Free to Play;RPG,1,14,11,0,0,0-20000,0.0,25,0.56,14.000000000000002,2.70805020110221,3.258096538021482,0.0
760530,Futurejam,2018-08-06,1,2049VR,2049VR,windows,0,Single-player;Steam Cloud;Steam Leaderboards,Casual;Indie;Early Access,Early Access;Indie;Casual,0,3,2,0,0,0-20000,0.0,5,0.6,3.0,1.3862943611198906,1.791759469228055,0.0
761000,Floresia I : Intemporel,2018-01-24,1,Mister-Slam,Mister-Slam,windows,0,Single-player;Partial Controller Support,Action;Adventure;Indie;RPG,Action;Adventure;RPG,0,12,8,0,0,0-20000,0.0,20,0.6,12.0,2.5649493574615367,3.044522437723423,0.0
761070,Garden of Oblivion,2018-03-09,1,Träumendes Mädchen,Träumendes Mädchen,windows;mac;linux,0,Single-player;Steam Achievements,Casual;Free to Play;Indie,Free to Play;Casual;Indie,9,100,13,0,0,20000-50000,0.0,113,0.8849557522123894,100.0,4.61512051684126,4.736198448394496,0.0
761280,White Pearl,2017-12-23,1,Harry Gill,Harry Gill,windows,0,Single-player;Steam Achievements;Partial Controller Support;Steam Cloud,Action;Adventure;Free to Play;Indie;RPG,Free to Play;Indie;Adventure,20,38,12,0,0,20000-50000,0.0,50,0.76,38.0,3.6635616461296463,3.9318256327243257,0.0
761890,Albion Online,2018-05-16,1,Sandbox Interactive GmbH,Sandbox Interactive GmbH,windows;mac;linux,0,Online Multi-Player;MMO;Cross-Platform Multiplayer;Steam Achievements;In-App Purchases,Free to Play;Massively Multiplayer;RPG,Massively Multiplayer;RPG;Crafting,93,1800,1420,448,852,100000-200000,0.0,3220,0.5590062111801242,1799.9999999999998,7.496097345175956,8.0774471493312,6.107022887742255
762560,ManaRocks,2019-03-08,1,Rockgames,Rockgames,windows;mac,0,Single-player;Online Multi-Player;Online Co-op;Cross-Platform Multiplayer;In-App Purchases,Free to Play;Indie;Massively Multiplayer;Strategy;Early Access,Early Access;Free to Play;Card Game,0,77,21,0,0,0-20000,0.0,98,0.7857142857142857,77.0,4.356708826689592,4.59511985013459,0.0
763230,Fruity Smoothie,2017-12-21,1,Wooden Shoes Games,Wooden Shoes Games,windows;mac;linux,0,Single-player;Local Multi-Player;Local Co-op;Shared/Split Screen;Partial Controller Support,Casual;Free to Play;Indie,Free to Play;Casual;Indie,0,122,14,0,0,20000-50000,0.0,136,0.8970588235294118,122.0,4.812184355372417,4.919980925828125,0.0
763410,Long Live Santa!,2017-12-19,1,Doborog Games,Doborog Games,windows;mac,0,Multi-player;Online Multi-Player,Action;Free to Play;Indie,Free to Play;Multiplayer;Indie,0,1656,310,43,55,200000-500000,0.0,1966,0.8423194303153612,1656.0,7.412764017426562,7.584264818389059,3.784189633918261
763610,Freakshow 2,2018-04-24,1,KevinTheWolfy,KevinTheWolfy,windows,0,Single-player;Steam Achievements,Adventure;Casual;Free to Play;Indie;Strategy;Early Access,Early Access;Free to Play;Indie,15,14,4,0,0,0-20000,0.0,18,0.7777777777777778,14.0,2.70805020110221,2.9444389791664403,0.0
763650,Comets Wake,2017-12-23,1,Rocket Tiger Studios,Rocket Tiger Studios,windows,0,Single-player,Action;Adventure;Free to Play;Indie;Early Access,Early Access;Free to Play;Adventure,0,15,6,0,0,0-20000,0.0,21,0.7142857142857143,15.0,2.772588722239781,3.091042453358316,0.0
763870,Xploquest,2017-12-06,1,Jean-Sébastien Nouveau,33 Production,windows;mac;linux,0,Single-player;Steam Achievements,Adventure;RPG,Adventure;RPG,5,14,2,0,0,0-20000,0.0,16,0.875,14.0,2.70805020110221,2.833213344056216,0.0
764030,Realm Revolutions,2018-01-05,1,Aleksandr Golovkin,Aleksandr Golovkin,windows,0,Single-player;In-App Purchases,Free to Play,Free to Play;Clicker;Casual,0,169,54,1448,1448,100000-200000,0.0,223,0.757847533632287,169.0,5.135798437050262,5.41164605185504,7.278628942320682
764570,Beavers Be Dammed,2018-01-16,1,Wallflower Games,Wallflower Games,windows;mac;linux,0,Local Co-op;Shared/Split Screen;Full controller support;Steam Cloud,Casual;Indie;Simulation;Early Access,Early Access;Casual;Indie,0,80,12,0,0,20000-50000,0.0,92,0.8695652173913043,80.0,4.394449154672439,4.532599493153256,0.0
765010,Strid,2018-10-26,1,kelkk,kelkk,windows,0,Multi-player;Online Multi-Player;Online Co-op;Partial Controller Support,Action;Free to Play;Indie,Free to Play;Indie;Action,0,6,9,0,0,0-20000,0.0,15,0.4,6.0,1.9459101490553128,2.772588722239781,0.0
765710,Light Bearers,2018-10-23,1,"FAT BOMB STUDIOS, LLC","FAT BOMB STUDIOS, LLC",windows,0,Multi-player;Online Multi-Player,Action;Casual;Free to Play;Indie,Free to Play;Action;Casual,0,397,67,103,103,100000-200000,0.0,464,0.8556034482758621,397.0,5.986452005284438,6.142037405587356,4.6443908991413725
765790,Legend of Long Night,2018-04-17,1,Joyo Games,Joyo Games,windows,0,Single-player;Multi-player;Online Multi-Player,Adventure;Massively Multiplayer;Strategy;Early Access,Early Access;Strategy;Adventure,17,2,2,0,0,0-20000,0.0,4,0.5,2.0,1.0986122886681098,1.6094379124341005,0.0
766090,We Walked In Darkness,2018-01-12,1,CelleC Games,CelleC Games,windows,0,Single-player,Adventure;Casual;Free to Play;Indie,Free to Play;Adventure;Indie,0,14,17,0,0,0-20000,0.0,31,0.4516129032258064,14.0,2.70805020110221,3.4657359027997265,0.0
766110,Félix VR,2018-04-15,1,Future Lighthouse,MOVISTAR+,windows,0,Partial Controller Support,Video Production,Video Production,0,7,1,0,0,0-20000,0.0,8,0.875,7.0,2.079441541679836,2.19722457733622,0.0
766570,Russian Fishing 4,2018-06-15,1,Russian Fishing,Russian Fishing,windows,0,Single-player;Multi-player;Online Multi-Player;MMO;Steam Achievements;In-App Purchases;Stats,Adventure;Casual;Free to Play;Massively Multiplayer;RPG;Simulation;Sports;Early Access,Early Access;Free to Play;Multiplayer,114,2103,1062,5647,597,500000-1000000,0.0,3165,0.6644549763033175,2103.0,7.651595573857601,8.060224240440958,8.639056779173078
766650,D.R.I.L.L.,2018-01-23,1,dfree,VR-Reel Media,windows,0,Single-player,Action;Free to Play;Sports;Early Access,Early Access;Free to Play;Action,0,6,1,0,0,0-20000,0.0,7,0.8571428571428571,6.0,1.9459101490553128,2.079441541679836,0.0
767300,War of Conquest,2018-09-20,1,IronZog,IronZog,windows,0,Online Multi-Player;MMO;Online Co-op;Cross-Platform Multiplayer;In-App Purchases;Stats,Free to Play;Indie;Massively Multiplayer;Strategy;Early Access,Early Access;Free to Play;Strategy,0,8,8,0,0,0-20000,0.0,16,0.5,8.0,2.19722457733622,2.833213344056216,0.0
767420,Wauies - The Pet Shop Game,2018-01-10,1,upjers,upjers,windows,0,Single-player;Online Co-op;In-App Purchases,Casual;Free to Play;Simulation,Free to Play;Casual;Simulation,0,91,69,0,0,50000-100000,0.0,160,0.56875,91.0,4.5217885770490405,5.081404364984463,0.0
767560,War Robots,2018-04-04,1,Pixonic,Pixonic,windows,0,Multi-player;Online Multi-Player;Steam Trading Cards;In-App Purchases,Action;Free to Play,Free to Play;Robots;Action,0,756,929,32,37,500000-1000000,0.0,1685,0.4486646884272997,756.0,6.6293632534374485,7.430114138561801,3.49650756146648
767590,Raining blocks,2018-01-04,1,Oscar Ortigueira López;OrtiGames/OrtiSoft,OrtiGames/OrtiSoft,windows;mac;linux,0,Single-player;Shared/Split Screen;Steam Achievements;Full controller support;Steam Leaderboards,Casual;Indie,Casual;Indie;Family Friendly,13,11,0,0,0,0-20000,0.0,11,1.0,11.0,2.4849066497880004,2.4849066497880004,0.0
767690,Heart of the Emberstone: Coliseum,2017-12-18,1,Cloudhead Games ltd.,Cloudhead Games ltd.,windows,0,Single-player,Adventure;Free to Play;Indie,Free to Play;Indie;Adventure,0,36,6,11,11,20000-50000,0.0,42,0.8571428571428571,36.0,3.610917912644224,3.7612001156935615,2.4849066497880004
767810,Amaze: Interactive VR Movies,2018-09-11,1,"AmazeVR, Inc","AmazeVR, Inc",windows,0,In-App Purchases,Utilities;Video Production,Nudity;Utilities;Video Production,0,29,10,0,0,20000-50000,0.0,39,0.7435897435897436,29.0,3.4011973816621555,3.688879454113936,0.0
768100,GizmoVR Video Player,2018-01-05,1,Gizmo VR LTD,Gizmo VR LTD,windows,0,Partial Controller Support,Utilities,Utilities;VR;Video Production,0,44,9,159,257,50000-100000,0.0,53,0.8301886792452831,44.0,3.80666248977032,3.9889840465642745,5.075173815233827
768840,FIRST STEAM GAME VHS - COLOR RETRO RACER : MILES CHALLENGE,2017-12-29,1,Bacq Stellan,OtakuMaker SARL,windows,0,Single-player;Steam Achievements;Steam Leaderboards,Action;Casual;Free to Play;Indie;Racing,Free to Play;Action;Indie,36,28,22,0,0,20000-50000,0.0,50,0.56,28.000000000000004,3.367295829986474,3.9318256327243257,0.0
769630,紅蜘蛛外伝：暗戦,2018-05-19,0,studio wasp,studio wasp,windows;mac,0,Single-player,Adventure,Adventure;Visual Novel,0,2,0,0,0,20000-50000,0.0,2,1.0,2.0,1.0986122886681098,1.0986122886681098,0.0
769920,Odysseus Kosmos and his Robot Quest: Episode 1,2018-01-12,1,Pavel Kostin,HeroCraft,windows,0,Single-player;Steam Achievements,Indie,Indie;Sci-fi;Point & Click,24,155,43,181,181,100000-200000,0.0,198,0.7828282828282829,155.0,5.049856007249537,5.293304824724492,5.204006687076795
769940,Fantasy Defense,2018-03-29,1,UA Games,UA Games Entertainment,windows,0,Single-player,Indie;Strategy,Strategy;Indie;Tower Defense,12,12,9,0,0,20000-50000,0.0,21,0.5714285714285714,12.0,2.5649493574615367,3.091042453358316,0.0
770090,La Camila: A VR Story,2018-04-06,1,Jak Wilmot,StudioDisrupt,windows,0,Single-player;Commentary available,Action;Adventure;Casual;Free to Play;Indie,Free to Play;Action;Adventure,0,24,6,0,0,20000-50000,0.0,30,0.8,24.0,3.218875824868201,3.4339872044851463,0.0
770460,The Dummy Experiment,2018-01-19,1,Kai van Ommeren;Sedat Bilen;Niek Oosterbaan;Wesley Kroon;Martijn de Vree;Max Geraci;Plaisir Nzuzi;Kevin van Huit,Cetus Studios,windows;mac,0,Single-player;Full controller support;Captions available;Stats;Steam Leaderboards;Commentary available,Adventure;Free to Play;Indie,Free to Play;Indie;Adventure,0,148,87,3,3,50000-100000,0.0,235,0.6297872340425532,148.0,5.003946305945459,5.4638318050256105,1.3862943611198906
770500,Goblin Gearshop,2018-01-17,1,Minus2,Minus2,windows,0,Single-player;Local Multi-Player;Local Co-op;Shared/Split Screen;Full controller support;Steam Cloud,Casual;Free to Play;Indie;Simulation,Free to Play;Indie;Multiplayer,0,118,44,8,8,50000-100000,0.0,162,0.7283950617283951,118.0,4.77912349311153,5.093750200806762,2.19722457733622
771060,Iron League,2018-03-14,1,DEXINT GAMES,DEXINT GAMES,windows,0,Multi-player;Online Multi-Player;Co-op;Online Co-op;Cross-Platform Multiplayer;In-App Purchases,Action;Free to Play;Indie;Strategy;Early Access,Early Access;Free to Play;MOBA,0,459,191,50,50,50000-100000,0.0,650,0.7061538461538461,459.0,6.131226489483141,6.478509642208569,3.9318256327243257
771250,Doodle God: Mighty Trio,2018-05-04,1,JoyBits Ltd.,JoyBits Ltd.,windows,0,Single-player;In-App Purchases,Casual;Free to Play;Indie;Early Access,Early Access;Free to Play;Indie,0,54,27,0,0,20000-50000,0.0,81,0.6666666666666666,54.0,4.007333185232471,4.406719247264253,0.0
771310,Welcome to Light Fields,2018-03-14,1,Google,Google,windows,0,Single-player,Casual;Free to Play,Free to Play;Casual;VR,0,170,7,21,21,20000-50000,0.0,177,0.96045197740113,170.0,5.14166355650266,5.181783550292085,3.091042453358316
771450,ERROR: Human Not Found,2018-01-12,1,CelleC Games,CelleC Games,windows,0,Single-player,Adventure;Casual;Free to Play;Indie,Free to Play;Adventure;Indie,0,35,4,0,0,0-20000,0.0,39,0.8974358974358975,35.0,3.58351893845611,3.688879454113936,0.0
772070,Harvest Seasons,2018-02-23,1,Bearded Bunnies,Bearded Bunnies,windows,0,Single-player;Steam Achievements;Steam Trading Cards;Steam Cloud;Steam Leaderboards,Casual;Free to Play;Indie;Simulation;Strategy,Free to Play;Simulation;Strategy,428,169,75,1,1,50000-100000,0.0,244,0.6926229508196722,169.0,5.135798437050262,5.501258210544727,0.6931471805599453
772160,4 for the Money Demo,2018-01-17,1,Lost Marble,Lost Marble,windows,0,Single-player;Multi-player;Local Multi-Player;Co-op;Local Co-op;Shared/Split Screen;Full controller support,Action;Free to Play;Indie,Free to Play;Indie;Action,0,42,3,0,0,20000-50000,0.0,45,0.9333333333333332,42.0,3.7612001156935615,3.828641396489095,0.0
772460,YangBo Adventure,2018-01-26,0,IM4A,IM4A,windows,0,Single-player,Adventure;Casual;Free to Play;Indie;RPG,Free to Play;Adventure;RPG,0,12,3,0,0,0-20000,0.0,15,0.8,12.0,2.5649493574615367,2.772588722239781,0.0
772680,a Museum of Dubious Splendors,2018-03-06,1,Studio Oleomingus,The Irregular Corporation,windows;mac;linux,0,Single-player;Partial Controller Support,Adventure;Casual;Free to Play;Indie,Free to Play;Indie;Adventure,0,72,22,0,0,0-20000,0.0,94,0.7659574468085106,72.0,4.290459441148391,4.553876891600541,0.0
772700,MatchyGotchy,2018-01-31,1,"Silverware Games, Inc.","Silverware Games, Inc.",windows,0,Single-player;Steam Achievements;Steam Leaderboards,Casual;Indie;Simulation,Casual;Indie;Simulation,20,93,33,0,0,0-20000,0.0,126,0.7380952380952381,93.0,4.543294782270004,4.844187086458591,0.0
773150,Subscribe & Punch!,2018-10-31,1,Hashieve;IronEqual,Hashieve,windows,0,Single-player;Multi-player;Local Multi-Player;Partial Controller Support,Action;Casual;Indie,Action;Indie;Casual,0,7,1,0,0,0-20000,0.0,8,0.875,7.0,2.079441541679836,2.19722457733622,0.0
773520,Refight:Burning Engine,2018-10-15,1,梵天游戏,梵天游戏,windows,0,Multi-player;Online Multi-Player,Free to Play;Massively Multiplayer;Strategy;Early Access,Early Access;Free to Play;Massively Multiplayer,18,99,43,0,0,20000-50000,0.0,142,0.6971830985915493,99.0,4.605170185988092,4.962844630259907,0.0
773530,Magic Nations,2018-09-20,1,PrimeBit Games S.A.,PrimeBit Games S.A.,windows;mac,0,Online Multi-Player;Cross-Platform Multiplayer;In-App Purchases,Casual;Free to Play;Indie;Strategy,Free to Play;Strategy;Indie,0,27,24,0,0,0-20000,0.0,51,0.5294117647058824,27.0,3.332204510175204,3.951243718581428,0.0
774421,Shinrin-yoku: Forest Meditation and Relaxation,2018-01-19,1,Hinge Digital,Hinge Digital,windows,0,Single-player,Casual;Free to Play;Indie;Simulation,Free to Play;Indie;Casual,0,9,7,0,0,0-20000,0.0,16,0.5625,9.0,2.302585092994046,2.833213344056216,0.0
774721,EF EVE™ - Volumetric Video Platform (VR & Desktop),2018-01-24,1,Experimental Foundation,Experimental Foundation,windows,0,Full controller support,Utilities,Utilities;VR;Adventure,0,23,0,0,0,0-20000,0.0,23,1.0,23.0,3.1780538303479458,3.1780538303479458,0.0
774731,Juventus VR,2018-04-20,1,Forge Reply S.r.l.,Juventus Football Club S.p.A.,windows,0,Single-player;Full controller support;In-App Purchases,Utilities,Utilities,0,7,0,0,0,0-20000,0.0,7,1.0,7.0,2.079441541679836,2.079441541679836,0.0
775220,Crusaders of Light,2018-03-07,1,Hong Kong Netease Interactive Entertainment Limited,Hong Kong Netease Interactive Entertainment Limited,windows,0,Multi-player;Online Multi-Player;MMO;Cross-Platform Multiplayer;In-App Purchases,Violent;Adventure;Free to Play;Massively Multiplayer;RPG;Strategy,Free to Play;Massively Multiplayer;RPG,0,197,158,1564,1564,100000-200000,0.0,355,0.5549295774647888,197.0,5.288267030694535,5.87493073085203,7.355641102974253
775850,Piwall,2018-01-18,1,Norain Games.;JanduSoft S.L.,JanduSoft S.L.,windows,0,Single-player;Full controller support,Casual;Free to Play;Indie;Simulation,Free to Play;Indie;Casual,0,12,10,0,0,0-20000,0.0,22,0.5454545454545454,12.0,2.5649493574615367,3.1354942159291497,0.0
777130,Blush Blush,2019-04-04,1,Sad Panda Studios,Sad Panda Studios,windows;mac;linux,0,Single-player;Steam Achievements;In-App Purchases,Casual;Free to Play;Indie;Simulation;Early Access,Early Access;Free to Play;Dating Sim,13,193,24,0,0,20000-50000,0.0,217,0.8894009216589862,193.0,5.267858159063328,5.384495062789089,0.0
777140,MEGAMiX,2018-10-05,1,Beatsie Boys,Beatsie Boys,windows,0,Single-player;Full controller support,Free to Play;Indie,Free to Play;Indie,0,6,5,0,0,0-20000,0.0,11,0.5454545454545454,6.0,1.9459101490553128,2.4849066497880004,0.0
777560,INVISIBLE,2018-01-26,1,Tsukinowa App.,Tsukinowa App.,windows,0,Single-player;Multi-player;Online Multi-Player;Steam Achievements;Stats,Action;Indie,Action;Indie,17,8,8,0,0,0-20000,0.0,16,0.5,8.0,2.19722457733622,2.833213344056216,0.0
778030,Block Heads: Instakill,2018-08-14,1,Madar Games,Madar Games,windows;mac;linux,0,Multi-player;Online Multi-Player;Co-op;Online Co-op;Steam Achievements;Steam Workshop;Includes level editor,Action,Action,25,12,3,0,0,0-20000,0.0,15,0.8,12.0,2.5649493574615367,2.772588722239781,0.0
778260,The Scent of Summer,2018-01-23,1,aimino,aimino,windows,0,Single-player,Adventure;Free to Play,Adventure;Free to Play;VR,0,22,4,0,0,20000-50000,0.0,26,0.8461538461538461,22.0,3.1354942159291497,3.295836866004329,0.0
778700,Amorous,2018-04-13,1,Team Amorous,Snaggletooth Studios,windows;mac;linux,0,Single-player;Steam Achievements,Sexual Content;Free to Play;Indie;Simulation,Sexual Content;Nudity;Free to Play,45,2504,698,105,161,200000-500000,0.0,3202,0.7820112429731418,2504.0,7.826044013518965,8.071843149609158,4.663439094112067
779050,A tractor,2018-08-15,1,Games for May,Games for May,windows,0,Multi-player;Online Multi-Player;MMO;Online Co-op,Casual;Indie;Massively Multiplayer;Strategy;Early Access,Early Access;Massively Multiplayer;Indie,0,78,26,0,0,0-20000,0.0,104,0.75,78.0,4.3694478524670215,4.653960350157523,0.0
779410,Outworld Battlegrounds,2018-11-26,1,HitGrab Game Labs,HitGrab Game Labs,windows;mac,0,Multi-player;Online Multi-Player,Action;Indie;Early Access,Early Access;Action;Violent,0,39,5,0,0,0-20000,0.0,44,0.8863636363636364,39.0,3.688879454113936,3.80666248977032,0.0
779560,公主的逃脱日常,2018-03-07,0,Pioneer,Pioneer,windows,0,Single-player,Action;Adventure;Casual;Indie;RPG,Action;Adventure;RPG,0,7,3,0,0,0-20000,0.0,10,0.7,7.0,2.079441541679836,2.3978952727983707,0.0
779650,Ready Player One: OASIS beta,2018-04-16,1,Directive Games Limited,Vive Studios,windows,0,Single-player;Online Multi-Player,Action;Adventure;Free to Play,Free to Play;Adventure;Action,0,210,114,22,24,50000-100000,0.0,324,0.6481481481481481,210.0,5.351858133476067,5.783825182329737,3.1354942159291497
779790,cell,2018-02-19,1,森林纵火犯,森林纵火犯,windows,0,Single-player;Steam Achievements,Action;Casual;Indie,Casual;Action;Indie,4,6,4,0,0,0-20000,0.0,10,0.6,6.0,1.9459101490553128,2.3978952727983707,0.0
779990,Space Between Worlds,2018-07-30,1,4H StudioLab,4H StudioLab;GrabTheGames,windows,0,Single-player;Steam Achievements;Partial Controller Support,Casual;Free to Play;Indie,Free to Play;Casual;Indie,1,311,13,0,0,20000-50000,0.0,324,0.9598765432098766,311.0,5.7430031878094825,5.783825182329737,0.0
780120,Car Crash Couch Party,2018-01-31,1,Fogbound,Fogbound,windows,0,Local Multi-Player;Shared/Split Screen;Full controller support,Casual;Free to Play;Indie;Racing;Sports,Free to Play;Racing;Indie,0,9,15,37,37,20000-50000,0.0,24,0.375,9.0,2.302585092994046,3.218875824868201,3.6375861597263857
780220,Gump,2018-01-27,1,Ursine,Ursine,windows,0,Single-player;Co-op;Partial Controller Support;Includes level editor,Indie,Indie,0,1,2,0,0,0-20000,0.0,3,0.3333333333333333,1.0,0.6931471805599453,1.3862943611198906,0.0
781030,DK Online,2019-03-05,1,Masangsoft,Masangsoft,windows,0,Multi-player;Online Multi-Player;MMO;In-App Purchases,Action;Free to Play;Massively Multiplayer;RPG,Massively Multiplayer;Free to Play;RPG,0,163,259,0,0,100000-200000,0.0,422,0.3862559241706161,163.0,5.099866427824199,6.0473721790462776,0.0
781040,Vinhomes Metropolis VR Interior,2018-07-20,1,Holomia,Tuan Nguyen,windows,0,Single-player,Simulation,Simulation;VR,0,3,2,0,0,0-20000,0.0,5,0.6,3.0,1.3862943611198906,1.791759469228055,0.0
781440,"OH MY GOD, LOOK AT THIS KNIGHT",2018-02-20,1,Foxoft,AZAMATIKA,windows,0,Single-player;Steam Achievements;Full controller support,Action;Adventure;Free to Play;Indie,Free to Play;Action;Adventure,8,898,42,9,9,100000-200000,0.0,940,0.9553191489361702,898.0,6.80128303447162,6.846943139585379,2.302585092994046
781670,The Directed,2018-03-07,1,Magnolia Art,Magnolia Art,windows,0,Single-player;Steam Achievements;Steam Cloud;Steam Leaderboards,Casual;Free to Play;Indie,Indie;Casual;Free to Play,22,8,2,0,0,0-20000,0.0,10,0.8,8.0,2.19722457733622,2.3978952727983707,0.0
781990,Wequer,2019-04-23,1,Ben Allen;Miroko,Ben Allen,windows,0,Single-player;Multi-player;Online Multi-Player;Steam Achievements;Stats;Steam Leaderboards,Free to Play;Indie;Strategy,Strategy;Free to Play;Indie,6,11,1,0,0,0-20000,0.0,12,0.9166666666666666,11.0,2.4849066497880004,2.5649493574615367,0.0
782340,Lake of Voices,2018-08-28,1,GB Patch Games,GB Patch Games,windows;mac,0,Single-player;Steam Achievements,Casual;Free to Play;Indie,Free to Play;Indie;Casual,24,165,10,0,0,20000-50000,0.0,175,0.9428571428571428,165.0,5.111987788356544,5.170483995038151,0.0
782630,Twisted Sails,2018-03-26,1,25% Games,25% Games,windows,0,Multi-player;Online Multi-Player,Action;Casual;Free to Play;Indie,Free to Play;Action;Indie,0,7,4,0,0,0-20000,0.0,11,0.6363636363636364,7.0,2.079441541679836,2.4849066497880004,0.0
782660,Armada: Modern Tanks,2018-02-26,1,Extreme Developers,Extreme Developers,windows;mac;linux,0,Multi-player;Online Multi-Player;Cross-Platform Multiplayer;In-App Purchases,Action;Free to Play;Massively Multiplayer;Simulation,Free to Play;Massively Multiplayer;Simulation,0,81,83,13,13,20000-50000,0.0,164,0.4939024390243902,81.0,4.406719247264253,5.10594547390058,2.6390573296152584
782670,Battle Tanks: Legends of World War II,2019-02-21,1,ExDevs LTD,ExDevs LTD,windows;mac;linux,0,Multi-player;Online Multi-Player;MMO;Online Co-op;Cross-Platform Multiplayer;In-App Purchases,Action;Casual;Free to Play;Massively Multiplayer;Simulation;Strategy,Free to Play;Action;Massively Multiplayer,0,207,123,0,0,50000-100000,0.0,330,0.6272727272727273,207.0,5.337538079701318,5.802118375377063,0.0
783240,Die pig die,2018-05-23,1,Cultura guru,Cultura guru,windows,0,Multi-player;Online Multi-Player;Online Co-op;Stats;Steam Leaderboards,Action;Adventure;Casual;Free to Play;Indie;Massively Multiplayer;Early Access,Early Access;Free to Play;Massively Multiplayer,2,91,204,7,7,100000-200000,0.0,295,0.3084745762711864,91.0,4.5217885770490405,5.69035945432406,2.079441541679836
784950,CONFLICT OF NATIONS: WORLD WAR 3,2018-03-15,1,Dorado Games,Dorado Games,windows;mac,0,Online Multi-Player;MMO;Online Co-op;Cross-Platform Multiplayer;Steam Achievements;Steam Trading Cards;In-App Purchases,Free to Play;Indie;Massively Multiplayer;Strategy,Free to Play;Strategy;Massively Multiplayer,133,142,148,11,11,100000-200000,0.0,290,0.4896551724137931,142.0,4.962844630259907,5.673323267171493,2.4849066497880004
785130,Clawface,2018-03-13,1,Hathos Interactive,Hathos Interactive,windows;mac;linux,0,Single-player;Steam Achievements;Steam Workshop;Partial Controller Support;Steam Leaderboards;Includes level editor,Violent;Gore;Action;Free to Play;Indie,Free to Play;Action;Violent,1,99,17,1,1,20000-50000,0.0,116,0.853448275862069,99.0,4.605170185988092,4.762173934797756,0.6931471805599453
786140,Plat4mer,2018-12-17,1,sky-coding,sky-coding,windows,0,Single-player,Action;Casual;Free to Play;Indie,Free to Play;Action;Indie,9,18,1,0,0,0-20000,0.0,19,0.9473684210526316,18.0,2.9444389791664403,2.995732273553991,0.0
786350,Shinobi Bad Buddies,2018-11-28,1,Corbak Games,Corbak Games,windows,0,Single-player;Local Multi-Player;Local Co-op;Shared/Split Screen;Full controller support;Steam Cloud,Action;Indie,Action;Indie;Platformer,0,4,0,0,0,0-20000,0.0,4,1.0,4.0,1.6094379124341005,1.6094379124341005,0.0
786370,Alien Crusader,2018-03-09,1,Zydrone,Zydrone,windows,0,Single-player;Full controller support;In-App Purchases,Action;Free to Play;Indie,Free to Play;Action;Indie,0,32,20,1,1,20000-50000,0.0,52,0.6153846153846154,32.0,3.49650756146648,3.970291913552122,0.6931471805599453
786410,An Aspie Life,2018-03-29,1,Bradley Hennessey;Joe Watson,EnderLost Studios,windows,0,Single-player;Steam Achievements,Adventure;Casual;Free to Play;Indie;Simulation,Free to Play;Adventure;Indie,23,75,28,0,0,20000-50000,0.0,103,0.7281553398058253,75.0,4.330733340286331,4.6443908991413725,0.0
786490,Brew-Ha,2018-03-19,1,Black Banshee Studios,Black Banshee Studios,windows,0,Single-player;Steam Achievements,Action;Casual;Free to Play;Indie;Simulation,Free to Play;Simulation;Action,3,4,3,0,0,0-20000,0.0,7,0.5714285714285714,4.0,1.6094379124341005,2.079441541679836,0.0
786570,The Alpha Device,2018-02-13,1,Xiotex Studios Ltd,Xiotex Studios Ltd,windows;mac,0,Single-player;Partial Controller Support,Action;Adventure;Casual;Indie;Simulation,Casual;Adventure;Simulation,0,42,28,0,0,0-20000,0.0,70,0.6,42.0,3.7612001156935615,4.262679877041316,0.0
786680,Dungeons Forever,2018-02-05,1,Timedrop Studios,Timedrop Studios,windows;linux,0,Single-player;Full controller support,Action;Free to Play;Indie,Free to Play;Action;Indie,0,78,18,0,0,20000-50000,0.0,96,0.8125,78.0,4.3694478524670215,4.574710978503383,0.0
786850,Roun,2018-08-23,1,Dave Catling,Dave Catling,windows,0,Single-player,Free to Play;Indie;RPG,Free to Play;RPG;Indie,0,22,15,0,0,20000-50000,0.0,37,0.5945945945945946,22.0,3.1354942159291497,3.6375861597263857,0.0
787220,Annotation of Love,2018-03-27,1,Tombas Tomáš Basovnik;Martin Hoferek,Tombas Tomáš Basovnik;Martin Hoferek,windows;mac;linux,0,Single-player;Steam Achievements;Steam Leaderboards,Casual;Free to Play;Indie,Free to Play;Indie;Casual,14,57,16,0,0,20000-50000,0.0,73,0.7808219178082192,57.0,4.060443010546419,4.30406509320417,0.0
787260,Universe Balancing Bureau,2018-02-05,1,Game Kombinat,Game Kombinat,windows,0,Single-player,Casual;Indie,Indie;Casual,0,15,1,0,0,0-20000,0.0,16,0.9375,15.0,2.772588722239781,2.833213344056216,0.0
787450,KOEWOTAYORINI / 声之寄托,2018-03-26,0,あみそ組,Pujia8 Studio;Gamera Game,windows,0,Single-player;Steam Achievements;Steam Cloud,Adventure;Free to Play;Indie;RPG,Free to Play;Adventure;Anime,20,572,63,65,68,100000-200000,0.0,635,0.9007874015748032,572.0,6.35088571671474,6.455198563340122,4.189654742026425
787640,Shoppe Keep 2 Character Creator Preview,2018-02-05,1,Strange Fire,Excalibur Games,windows,0,Single-player,Simulation,Simulation;Character Customization,0,6,2,0,0,0-20000,0.0,8,0.75,6.0,1.9459101490553128,2.19722457733622,0.0
787750,Blazing Core (beta),2018-09-07,1,OctoBox Interactive,OctoBox Interactive,windows,0,Multi-player;Online Multi-Player;Full controller support,Action;Massively Multiplayer,Action;Massively Multiplayer;Tactical,0,32,17,0,0,20000-50000,0.0,49,0.6530612244897959,32.0,3.49650756146648,3.912023005428146,0.0
787790,Epic Roller Coasters,2018-03-07,1,B4T Games,B4T Games,windows,0,Single-player;Steam Achievements;Full controller support;Stats;Steam Leaderboards,Casual;Free to Play;Indie;Racing;Simulation,Free to Play;Casual;Simulation,13,93,67,0,0,50000-100000,0.0,160,0.58125,93.0,4.543294782270004,5.081404364984463,0.0
787980,4D Minesweeper,2018-02-14,1,Julian Schlüntz,Julian Schlüntz,windows;mac;linux,0,Single-player;Steam Cloud,Casual;Indie,Indie;Casual;Puzzle,0,21,2,0,0,0-20000,0.0,23,0.9130434782608696,21.0,3.091042453358316,3.1780538303479458,0.0
787990,Resume: The Video Game,2018-03-03,1,Chris Holtshouser,Chris Holtshouser,windows,0,Single-player;Multi-player;Local Multi-Player;Shared/Split Screen;Partial Controller Support,Action;Casual;Free to Play;Indie;Racing,Free to Play;Racing;Action,0,20,10,0,0,0-20000,0.0,30,0.6666666666666666,20.0,3.044522437723423,3.4339872044851463,0.0
788470,Stonies,2018-02-21,1,upjers,upjers,windows,0,Single-player;Online Co-op;In-App Purchases,Casual;Free to Play;Simulation,Casual;Free to Play;Simulation,0,80,113,0,0,50000-100000,0.0,193,0.4145077720207253,80.0,4.394449154672439,5.267858159063328,0.0
788540,Vivez Versailles,2018-07-05,1,makemepulse,Château de Versailles;Fondation Orange,windows,0,Single-player,Simulation,Simulation;VR,0,16,6,0,0,0-20000,0.0,22,0.7272727272727273,16.0,2.833213344056216,3.1354942159291497,0.0
788770,Meteor 60 Seconds!,2018-02-26,1,Avocavo,Avocavo,windows;mac,12,Single-player,Action;Casual;Free to Play;Indie;Simulation,Free to Play;Indie;Action,0,2271,88,41,46,200000-500000,0.0,2359,0.9626960576515472,2271.0,7.7284157798410416,7.766416898019655,3.737669618283368
788880,Horizon Source,2018-03-20,1,MiaoXi Studio,MiaoXi Studio,windows,0,Multi-player;Online Multi-Player;MMO,Free to Play,Free to Play;Battle Royale;Survival,0,875,1009,55,24,200000-500000,0.0,1884,0.4644373673036093,875.0,6.775366090936392,7.541683099882111,4.02535169073515
789100,My Little Farmies,2018-02-27,1,upjers,upjers,windows,0,Single-player;Online Co-op;In-App Purchases,Casual;Free to Play;Simulation,Casual;Free to Play;Simulation,20,52,80,0,0,50000-100000,0.0,132,0.3939393939393939,52.0,3.970291913552122,4.890349128221754,0.0
789540,The Adventures of Nick & Willikins,2018-03-06,1,Pinhead Games;AAlgar Productions,Pinhead Games,windows,0,Single-player,Adventure;Casual;Free to Play;Indie,Free to Play;Adventure;Casual,0,61,6,0,0,20000-50000,0.0,67,0.9104477611940298,61.0,4.127134385045092,4.219507705176107,0.0
789620,Crypt- The Black Tower,2018-03-09,1,Endless Void Studios,Endless Void Studios,windows,0,Single-player,Action;Adventure;Casual;Free to Play;Indie;RPG,Action;Adventure;Free to Play,0,99,29,0,0,20000-50000,0.0,128,0.7734375,99.0,4.605170185988092,4.859812404361672,0.0
790450,ANYKEY,2018-03-13,1,Sciman101,Sciman101,windows;mac,0,Single-player;Multi-player;Local Multi-Player;Shared/Split Screen;Steam Achievements;Stats,Action;Casual;Free to Play;Indie,Free to Play;Casual;Action,5,37,7,0,0,0-20000,0.0,44,0.8409090909090909,37.0,3.6375861597263857,3.80666248977032,0.0
790600,Stormbound,2018-05-15,1,Paladin Studios,Kongregate,windows;mac,0,Online Multi-Player;In-App Purchases,Free to Play;Strategy,Free to Play;Strategy;Card Game,17,263,127,54,54,50000-100000,0.0,390,0.6743589743589744,263.0,5.575949103146316,5.968707559985366,4.007333185232471
790710,World of Warplanes,2018-09-12,1,Wargaming Group Limited, Wargaming Group Limited,windows,0,Multi-player;Online Multi-Player;MMO;Co-op;Online Co-op;Steam Trading Cards;In-App Purchases,Action;Free to Play;Massively Multiplayer;Simulation;Early Access,Early Access;Free to Play;Massively Multiplayer,0,251,173,251,308,100000-200000,0.0,424,0.5919811320754716,251.0,5.529429087511423,6.052089168924417,5.529429087511423
790750,oVRshot,2018-11-09,1,Window Licker Games,Window Licker Games,windows,0,Single-player;Multi-player;Online Multi-Player;Online Co-op;Cross-Platform Multiplayer;Steam Achievements;Steam Leaderboards,Action;Indie,Action;Indie;FPS,31,33,4,0,0,0-20000,0.0,37,0.8918918918918919,33.0,3.5263605246161616,3.6375861597263857,0.0
790790,Impossible Runner,2018-02-13,1,Kwebbelkop,Kwebbelkop,windows,0,Single-player,Casual;Free to Play;Indie,Free to Play;Indie;Casual,0,145,96,1,1,20000-50000,0.0,241,0.6016597510373444,145.0,4.983606621708336,5.488937726156687,0.6931471805599453
791150,EV3 - Drag Racing,2018-02-26,1,KABloom Interactive,KABloom Interactive,windows;mac,0,Single-player;Multi-player;Online Multi-Player;Cross-Platform Multiplayer;In-App Purchases;Partial Controller Support,Free to Play;Indie;Racing;Simulation,Racing;Free to Play;Simulation,0,36,54,0,0,20000-50000,0.0,90,0.4,36.0,3.610917912644224,4.51085950651685,0.0
791300,Canek: Quest for Corn [Demo],2018-02-16,1,Guami Games,Guami Games,windows,0,Single-player;Partial Controller Support,Action;Adventure;Casual;Free to Play;Indie,Free to Play;Adventure;Indie,0,18,7,0,0,0-20000,0.0,25,0.72,18.0,2.9444389791664403,3.258096538021482,0.0
791930,BombTag,2018-02-12,1,David Schneider,David Schneider,windows,0,Online Multi-Player;Partial Controller Support,Casual;Free to Play;Indie,Free to Play;Casual;Indie,0,752,144,46,51,200000-500000,0.0,896,0.8392857142857143,752.0,6.6240652277998935,6.799055862058796,3.8501476017100575
792030,"Just, Bearly",2018-05-31,1,Daniel J Roberts,Daniel J Roberts,windows,0,Single-player;Steam Achievements,Casual;Indie,Indie;Casual;Story Rich,9,258,18,0,0,20000-50000,0.0,276,0.9347826086956522,258.0,5.556828061699537,5.6240175061873385,0.0
792050,Beneath The Surface,2018-11-13,1,carla51,carla51,windows;mac,0,Single-player,Sports,Sports;Fishing;Free to Play,0,101,9,0,0,0-20000,0.0,110,0.9181818181818182,101.0,4.624972813284271,4.709530201312334,0.0
792480,Name The Song Quiz,2018-02-09,1,Gametroleum,Gametroleum,windows;mac;linux,0,Single-player;Multi-player;Local Multi-Player;Co-op;Local Co-op;Shared/Split Screen;Full controller support;Steam Cloud,Action;Casual;Free to Play;Indie;Early Access,Early Access;Free to Play;Casual,0,12,12,0,0,0-20000,0.0,24,0.5,12.0,2.5649493574615367,3.218875824868201,0.0
792570,BattleCON: Online,2018-09-03,1,Level 99 Games,Level 99 Games,windows;mac;linux,0,Single-player;Online Multi-Player;Cross-Platform Multiplayer;Steam Achievements;In-App Purchases,Free to Play;Indie;Strategy;Early Access,Early Access;Free to Play;Indie,37,146,47,0,0,20000-50000,0.0,193,0.7564766839378239,146.0,4.990432586778736,5.267858159063328,0.0
793050,UNDEAD FACTORY:Zombie Pandemic,2018-04-16,1,"BTD STUDIO Co.,ltd.","BTD STUDIO Co.,ltd.",windows,0,Single-player;Multi-player;Online Multi-Player;In-App Purchases,Free to Play;Strategy,Free to Play;Strategy;RTS,80,36,34,0,0,20000-50000,0.0,70,0.5142857142857142,36.0,3.610917912644224,4.262679877041316,0.0
793150,Moe! Ninja Girls,2019-02-26,1,NTT Solmare,NTT Solmare,windows,0,Single-player;Multi-player;Online Multi-Player;Cross-Platform Multiplayer;In-App Purchases,Free to Play;Simulation,Free to Play;Simulation;Anime,0,26,18,0,0,0-20000,0.0,44,0.5909090909090909,26.0,3.295836866004329,3.80666248977032,0.0
793490,Exocraft,2019-03-12,1,GoldFire Studios,GoldFire Studios,windows;mac,0,Multi-player;Online Multi-Player;MMO;Online Co-op;Cross-Platform Multiplayer;Steam Achievements;In-App Purchases,Action;Casual;Free to Play;Indie;Massively Multiplayer;RPG;Simulation;Strategy,Massively Multiplayer;Free to Play;Strategy,79,45,36,0,0,20000-50000,0.0,81,0.5555555555555556,45.0,3.828641396489095,4.406719247264253,0.0
794600,LET IT DIE,2018-09-26,1,"GRASSHOPPER MANUFACTURE INC.;SUPERTRICK  GAMES,Inc.",GungHo Online Entertainment America,windows,18,Single-player;Steam Achievements;Captions available;In-App Purchases;Partial Controller Support,Action;Free to Play,Free to Play;Gore;Action,14,1377,677,106,135,500000-1000000,0.0,2054,0.6703992210321325,1377.0,7.228388451573604,7.628031126930335,4.672828834461906
794820,Knights of Pen and Paper 2: Free Edition,2018-02-21,1,Kyy Games,Paradox Interactive,windows,0,Single-player;Steam Achievements;In-App Purchases,Indie;RPG;Simulation,RPG;Indie;Simulation,33,40,32,30,30,20000-50000,0.0,72,0.5555555555555556,40.0,3.713572066704308,4.290459441148391,3.4339872044851463
795100,Friday the 13th: Killer Puzzle,2018-04-12,1,Blue Wizard Digital,Blue Wizard Digital,windows;mac,0,Single-player;Steam Achievements;Full controller support;Steam Trading Cards;In-App Purchases;Steam Cloud,Violent;Gore;Casual;Free to Play;Indie;Strategy,Free to Play;Violent;Gore,60,2917,188,66,55,200000-500000,0.0,3105,0.9394524959742352,2917.0,7.978653729082731,8.041091003708633,4.204692619390966
796290,World of Tennis: Roaring ’20s,2018-10-11,1,Helium9 Games,Helium9 Games,windows;mac,0,Cross-Platform Multiplayer;Steam Achievements;Full controller support;In-App Purchases;Stats;Steam Leaderboards,Action;Free to Play;Simulation;Sports;Early Access,Early Access;Sports;Free to Play,36,46,22,0,0,0-20000,0.0,68,0.6764705882352942,46.0,3.8501476017100575,4.23410650459726,0.0
796400,I Misteri di Maggia,2018-03-05,0,Stelex Software,Stelex Software,windows,0,Single-player;Steam Cloud,Adventure;Indie,Adventure;Indie;Point & Click,0,4,0,0,0,0-20000,0.0,4,1.0,4.0,1.6094379124341005,1.6094379124341005,0.0
796910,Please Love My Computer Game,2018-02-19,1,Yai Gameworks,Yai Gameworks,windows,0,Single-player;Steam Cloud,Sexual Content;Violent;Adventure;Free to Play;Indie,Free to Play;Horror;Indie,0,85,30,0,0,20000-50000,0.0,115,0.7391304347826086,85.0,4.454347296253507,4.7535901911063645,0.0
796970,VR Soccer Training,2018-03-20,1,Digitalzone,Digitalzone,windows,0,Single-player;Steam Leaderboards,Simulation;Sports,Sports;Simulation;VR,0,2,0,0,0,0-20000,0.0,2,1.0,2.0,1.0986122886681098,1.0986122886681098,0.0
797010,Mavi's Journey,2018-02-19,0,aburasobabiyori,DLsite,windows,0,Single-player,Casual;Free to Play;Indie;RPG,Free to Play;Casual;RPG,0,24,3,0,0,20000-50000,0.0,27,0.8888888888888888,24.0,3.218875824868201,3.332204510175204,0.0
797200,International Space Station Tour VR,2018-03-22,1,The House of Fables,The House of Fables,windows,0,Single-player;SteamVR Collectibles,Casual;Indie,Indie;Casual;VR,0,33,4,0,0,0-20000,0.0,37,0.8918918918918919,33.0,3.5263605246161616,3.6375861597263857,0.0
797390,How To Cope With Boredom and Loneliness,2018-04-02,1,Point Bleep Studios,Flying Interactive,windows;linux,0,Single-player;Steam Achievements,Adventure;Free to Play;Indie,Free to Play;Indie;Adventure,16,227,17,0,0,50000-100000,0.0,244,0.930327868852459,227.0,5.429345628954441,5.501258210544727,0.0
797430,HD Poker: Texas Hold'em,2018-09-14,1,Z4,Z4,windows,0,Multi-player;Online Multi-Player;In-App Purchases,Casual;Free to Play;Massively Multiplayer;Simulation;Sports;Strategy,Casual;Free to Play;Strategy,0,131,64,0,0,50000-100000,0.0,195,0.6717948717948717,131.0,4.882801922586371,5.278114659230517,0.0
798280,CrocoMars,2018-03-05,1,Anatoliy Loginovskikh,Anatoliy Loginovskikh,windows,0,Single-player;Steam Achievements,Action;Adventure;Free to Play;Indie;Simulation;Strategy,Free to Play;Action;Indie,28,75,17,1,1,20000-50000,0.0,92,0.8152173913043478,75.0,4.330733340286331,4.532599493153256,0.6931471805599453
798420,Professional Fishing,2018-11-30,1,MasterCode;Dueking,Ultimate Games S.A.,windows,0,Multi-player;Online Multi-Player;Co-op;Online Co-op;In-App Purchases;Stats,Action;Casual;Free to Play;Massively Multiplayer;Simulation;Sports,Free to Play;Fishing;Simulation,0,331,211,72,85,200000-500000,0.0,542,0.6107011070110702,331.00000000000006,5.805134968916489,6.297109319933935,4.290459441148391
798940,勇士冲冲冲-Classic Rodeo play,2018-03-27,1,"Wuhan Simple Wings Technology Co., Ltd.","Wuhan Simple Wings Technology Co., Ltd.",windows,0,Online Multi-Player,Casual;Indie;Early Access,Early Access;Indie;Casual,34,19,7,0,0,0-20000,0.0,26,0.7307692307692307,19.0,2.995732273553991,3.295836866004329,0.0
798950,Logout,2018-05-01,1,PlayWrite Studios,PlayWrite Studios ,windows,0,Single-player;Partial Controller Support,Action;Adventure;Free to Play;Indie,Free to Play;Adventure;Action,0,22,13,0,0,0-20000,0.0,35,0.6285714285714286,22.0,3.1354942159291497,3.58351893845611,0.0
799060,Biotix: Phage Genesis,2018-04-16,1,Ten Percent Red,Ten Percent Red,windows,0,Single-player;Online Multi-Player,Action;Indie;Simulation;Strategy,Strategy;Action;Indie,0,8,2,0,0,0-20000,0.0,10,0.8,8.0,2.19722457733622,2.3978952727983707,0.0
799240,My Free Farm 2,2018-04-03,1,upjers,upjers,windows,0,Single-player;Online Co-op;Steam Achievements;Steam Trading Cards;In-App Purchases,Casual;Free to Play;Simulation,Free to Play;Casual;Simulation,40,91,123,0,0,50000-100000,0.0,214,0.4252336448598131,91.0,4.5217885770490405,5.3706380281276624,0.0
799300,Go Guess,2018-04-27,1,Oblix LLC,Oblix LLC,windows,0,Single-player;Online Multi-Player;Cross-Platform Multiplayer,Adventure;Casual;Free to Play;Simulation,Free to Play;Adventure;Casual,0,12,1,0,0,0-20000,0.0,13,0.9230769230769232,12.0,2.5649493574615367,2.6390573296152584,0.0
799460,Broken Metal,2018-10-24,1,Armadillo Game Studios,Armadillo Game Studios,windows;mac;linux,0,Single-player,Indie;Strategy;Early Access,Early Access;Strategy;Indie,0,4,0,0,0,0-20000,0.0,4,1.0,4.0,1.6094379124341005,1.6094379124341005,0.0
799860,BREATHE,2018-03-08,1,dotBunny,dotBunny,windows;mac,0,Single-player;Partial Controller Support,Adventure;Free to Play;Simulation,Free to Play;Adventure;Survival,0,140,148,4,4,100000-200000,0.0,288,0.4861111111111111,140.0,4.948759890378168,5.666426688112432,1.6094379124341005
801120,Kirchhoff's Revenge,2018-03-08,1,Gerd Kortemeyer et al.,Michigan State University,windows;mac,0,Single-player,Casual;Free to Play;Indie;Simulation;Strategy;Early Access,Early Access;Free to Play;Strategy,0,41,5,0,0,20000-50000,0.0,46,0.8913043478260869,41.0,3.737669618283368,3.8501476017100575,0.0
801610,Amigo Fishing,2018-04-12,1,Amigo VR,Amigo VR,windows,0,Single-player;Online Multi-Player;In-App Purchases,Casual;Free to Play;Simulation,Free to Play;Casual;Simulation,0,7,11,0,0,0-20000,0.0,18,0.3888888888888889,7.0,2.079441541679836,2.9444389791664403,0.0
801910,Orbos,2018-05-03,1,Leisure Police,Leisure Police,windows,0,Multi-player;Online Multi-Player;Partial Controller Support,Action;Casual;Free to Play;Indie;Early Access,Early Access;Free to Play;Casual,0,27,13,0,0,20000-50000,0.0,40,0.675,27.0,3.332204510175204,3.713572066704308,0.0
802020,Acute Art,2018-04-03,1,Acute Art,Acute Art,windows,0,Single-player,Casual;Free to Play,Free to Play;Casual;VR,0,9,4,0,0,20000-50000,0.0,13,0.6923076923076923,9.0,2.302585092994046,2.6390573296152584,0.0
802200,Hellbound: Survival Mode,2018-05-09,1,Saibot Studios,Saibot Studios,windows,0,Single-player;Full controller support;Steam Leaderboards,Action;Free to Play;Indie;Early Access,Early Access;Free to Play;Gore,0,1028,153,26,37,200000-500000,0.0,1181,0.8704487722269263,1028.0,6.9363427358340495,7.074963197966044,3.295836866004329
802960,Oracle: Threads of Fate,2018-03-30,1,Oracle Gaming Orlando LLC,Oracle Gaming Orlando LLC,windows,0,Single-player;Partial Controller Support,Free to Play;RPG;Strategy,Free to Play;Strategy;RPG,0,8,7,0,0,0-20000,0.0,15,0.5333333333333333,8.0,2.19722457733622,2.772588722239781,0.0
803010,Supermedium - Virtual Reality Browser,2018-03-06,1,Supermedium,Supermedium,windows,0,Single-player,Casual;Free to Play;Indie;Accounting;Animation & Modeling;Audio Production;Design & Illustration;Education;Photo Editing;Software Training;Utilities;Video Production;Web Publishing,Free to Play;Utilities;Casual,0,17,6,0,0,20000-50000,0.0,23,0.7391304347826086,17.0,2.8903717578961645,3.1780538303479458,0.0
803030,Seek Or Die,2018-04-27,1,Flashynurav,FLNStudios,windows,0,Single-player;Steam Achievements,Casual;Free to Play;Indie,Free to Play;Horror;Indie,3,83,30,12,12,50000-100000,0.0,113,0.7345132743362832,83.0,4.430816798843313,4.736198448394496,2.5649493574615367
803080,Bad Day,2018-03-02,1,Black Lime Studio,Black Lime Studio,windows,0,Single-player;Steam Achievements;Partial Controller Support;Steam Leaderboards,Action;Casual,Casual;Action,6,20,10,0,0,0-20000,0.0,30,0.6666666666666666,20.0,3.044522437723423,3.4339872044851463,0.0
803220,Winions: Mana Champions,2018-04-12,1,Fuero Games,Fuero Games,windows,0,Multi-player;Online Multi-Player;Cross-Platform Multiplayer;Steam Achievements;Steam Trading Cards;In-App Purchases,Action;Free to Play;Strategy,Free to Play;Strategy;Action,37,40,38,0,0,20000-50000,0.0,78,0.5128205128205128,40.0,3.713572066704308,4.3694478524670215,0.0
803800,WIDE CROSS,2019-01-20,1,Tripeaks,Tripeaks,windows,0,Single-player;Multi-player;Online Multi-Player;Co-op;Online Co-op;Cross-Platform Multiplayer;In-App Purchases,Action;Casual;Free to Play;Massively Multiplayer;Strategy;Early Access,Early Access;Strategy;Free to Play,0,45,13,0,0,0-20000,0.0,58,0.7758620689655172,45.0,3.828641396489095,4.07753744390572,0.0
805110,P.A.S.,2018-08-08,1,Eforb,Eforb,windows,0,Online Multi-Player;Online Co-op;In-App Purchases,Action;Free to Play;Indie;Massively Multiplayer,Free to Play;Massively Multiplayer;Action,0,297,318,0,0,100000-200000,0.0,615,0.4829268292682926,297.0,5.697093486505405,6.423246963533519,0.0
805260,PICNIC,2018-03-04,1,A.D. Klumpp,A.D. Klumpp,linux,0,Single-player,Indie,Indie,0,2,0,0,0,0-20000,0.0,2,1.0,2.0,1.0986122886681098,1.0986122886681098,0.0
805850,Wrecked,2018-05-21,1,Marco Amadei,Corvostudio di Amadei Marco,windows;mac;linux,0,Multi-player;Online Multi-Player;Cross-Platform Multiplayer;Steam Achievements;In-App Purchases,Action;Free to Play;Massively Multiplayer;Racing;Sports;Strategy,Free to Play;Action;Multiplayer,13,1594,455,102,124,200000-500000,0.0,2049,0.7779404587603709,1594.0,7.374629015218945,7.625595072132453,4.634728988229636
806000,OrcCraft,2018-04-21,1,Indie,Indie,windows,0,Single-player,Action;Adventure;Free to Play;Indie;Simulation,Free to Play;Action;Indie,0,17,10,0,0,0-20000,0.0,27,0.6296296296296297,17.0,2.8903717578961645,3.332204510175204,0.0
806510,Her Lie I Tried To Believe,2018-04-02,1,Hangover Cat Purrroduction,Hangover Cat Purrroduction,windows;mac;linux,0,Single-player,Sexual Content;Violent;Casual;Free to Play;Indie,Sexual Content;Free to Play;Visual Novel,0,677,153,0,0,50000-100000,0.0,830,0.8156626506024096,677.0,6.519147287940395,6.7226297948554485,0.0
807050,Scrash,2018-06-30,1,Cat Nigiri,Cat Nigiri,windows,0,Local Multi-Player;Full controller support,Action;Free to Play;Indie;Early Access,Early Access;Free to Play;Action,0,18,10,0,0,0-20000,0.0,28,0.6428571428571429,18.0,2.9444389791664403,3.367295829986474,0.0
808290,Runes of Magic,2018-08-29,1,Runewaker Entertainment,Gameforge 4D GmbH‬,windows,0,Multi-player;Online Multi-Player;MMO;Co-op;Online Co-op;In-App Purchases,Action;Adventure;Free to Play;Massively Multiplayer;RPG,Free to Play;Massively Multiplayer;RPG,0,142,142,0,0,50000-100000,0.0,284,0.5,142.0,4.962844630259907,5.652489180268651,0.0
808550,Project Rampage VR,2018-04-05,1,Sticky Studios,Warner Bros.,windows,0,Single-player,Action,Action;VR,0,44,15,0,0,20000-50000,0.0,59,0.7457627118644068,44.0,3.80666248977032,4.0943445622221,0.0
808580,The Lone Chameleon,2018-02-27,1,Spidove,Spidove,windows,0,Single-player,Free to Play;Indie,Indie;Free to Play;Puzzle,0,13,1,0,0,0-20000,0.0,14,0.9285714285714286,13.0,2.6390573296152584,2.70805020110221,0.0
808810,Robo Boop,2018-03-14,1,Booper Inc,Booper Inc,windows,0,Single-player,Indie,Indie;Puzzle;VR,0,7,3,0,0,0-20000,0.0,10,0.7,7.0,2.079441541679836,2.3978952727983707,0.0
809150,Tesseract VR,2018-05-02,1,Dreambox,Dreambox,windows,0,Single-player,Casual;Free to Play;Strategy,Free to Play;Strategy;Casual,0,10,6,0,0,0-20000,0.0,16,0.625,10.0,2.3978952727983707,2.833213344056216,0.0
809250,BEKKOUAME,2018-04-11,0,Mt.Bamboo Village,Pujia8 Studio,windows,0,Single-player;Steam Achievements;Steam Cloud,Adventure;Free to Play;Indie,Free to Play;Adventure;Indie,22,111,4,0,0,20000-50000,0.0,115,0.9652173913043478,111.0,4.718498871295094,4.7535901911063645,0.0
809680,Panzer Hearts - War Visual Novel,2018-04-25,1,HELYEES,HELYEES,windows;mac;linux,0,Single-player;Steam Achievements,Adventure;Casual;Indie,Indie;Adventure;Visual Novel,5,31,5,0,0,0-20000,0.0,36,0.8611111111111112,31.0,3.4657359027997265,3.610917912644224,0.0
809960,Radical Heights,2018-04-10,1,Boss Key Productions,Boss Key Productions,windows,0,Multi-player;Online Multi-Player;In-App Purchases,Action;Adventure;Free to Play;Indie;Massively Multiplayer;Early Access,Early Access;Battle Royale;Free to Play,0,5844,4206,46,13,1000000-2000000,0.0,10050,0.5814925373134329,5844.0,8.67334187390617,9.21542741102474,3.8501476017100575
810020,Belle II in Virtual Reality,2018-03-05,1,Zachary Duer;Tanner Upthegrove;Leo Piilonen;George Glasson;W. Jesse Barber;Samantha Spytek;Christopher Dobson,"Virginia Tech Institute for Creativity, Arts and Technology;Virginia Tech Department of Physics;Virginia Tech School of Education",windows;mac;linux,0,Full controller support,Education,Education,0,2,0,0,0,0-20000,0.0,2,1.0,2.0,1.0986122886681098,1.0986122886681098,0.0
810200,blue.,2018-03-21,1,J. Appallonia Hardner,J. Appallonia Hardner,windows,0,Single-player,Casual;Free to Play;Indie,Free to Play;Indie;Casual,0,49,38,9,9,0-20000,0.0,87,0.5632183908045977,49.0,3.912023005428146,4.477336814478207,2.302585092994046
810230,Traum,2018-03-19,1,Ruskatuli,Ruskatuli,windows,0,Single-player;Steam Achievements;Partial Controller Support,Violent;Gore;Adventure;Free to Play;Indie,Free to Play;Adventure;Indie,11,212,13,0,0,20000-50000,0.0,225,0.9422222222222222,212.0,5.3612921657094255,5.420534999272286,0.0
810690,Colour Box,2018-03-09,1,Daniel Michaneck,Daniel Michaneck,windows,0,Single-player,Indie,Indie,0,15,0,0,0,0-20000,0.0,15,1.0,15.0,2.772588722239781,2.772588722239781,0.0
810760,Starman's VR Experience,2018-03-20,1,Playful Armadillo,Playful Armadillo,windows,0,Single-player;Steam Achievements,Free to Play;Indie;Simulation,Free to Play;Indie;Simulation,7,16,10,0,0,20000-50000,0.0,26,0.6153846153846154,16.0,2.833213344056216,3.295836866004329,0.0
811130,Forever Space,2018-03-07,1,Pinhead Games,Pinhead Games,windows;mac,0,Single-player,Violent;Adventure;Indie,Adventure;Indie;Violent,0,9,3,0,0,0-20000,0.0,12,0.75,9.0,2.302585092994046,2.5649493574615367,0.0
811800,MINT VR,2018-04-15,1,"MINTPOT CO.,LTD","MINTPOT CO.,LTD",windows,0,Captions available,Utilities,Utilities;VR;360 Video,0,3,6,0,0,0-20000,0.0,9,0.3333333333333333,3.0,1.3862943611198906,2.302585092994046,0.0
812090,RAW FOOTAGE,2018-08-15,1,Hazier Studio,Hazier Studio,windows,0,Single-player;Steam Achievements,Adventure;Indie,Adventure;Indie;Violent,8,23,7,0,0,0-20000,0.0,30,0.7666666666666667,23.0,3.1780538303479458,3.4339872044851463,0.0
812460,Air Raid Over Britain,2018-03-22,1,Bad Rhino Games LLC,Bad Rhino Games LLC,windows,0,Single-player,Casual;Indie;Simulation,Indie;Casual;Simulation,5,7,9,0,0,0-20000,0.0,16,0.4375,7.0,2.079441541679836,2.833213344056216,0.0
813290,This Child Of Mine,2018-03-12,1,BeetleFish Studios,BeetleFish Studios,windows,0,Single-player,Adventure;Indie,Indie;Adventure;Platformer,1,37,15,0,0,0-20000,0.0,52,0.7115384615384616,37.0,3.6375861597263857,3.970291913552122,0.0
813440,DrillsVR,2018-06-28,1,Team B Laboratory,Team B Laboratory,windows,0,Single-player;Partial Controller Support;Stats,Action;Free to Play;Indie;Simulation;Sports,Free to Play;Action;Simulation,0,12,7,0,0,20000-50000,0.0,19,0.631578947368421,12.0,2.5649493574615367,2.995732273553991,0.0
813820,Realm Royale,2018-06-05,1,Heroic Leap Games,Hi-Rez Studios,windows,0,Multi-player;Online Multi-Player;Partial Controller Support,Action;Free to Play;Early Access,Early Access;Battle Royale;Free to Play,22,17220,9825,360,107,2000000-5000000,0.0,27045,0.6367165834719911,17220.0,9.7538848483049,10.205294399033304,5.8888779583328805
814700,Larkin building by Frank Lloyd Wright,2018-05-26,1,Xperitus,Xperitus,windows,0,Single-player,Casual;Free to Play;Simulation,Free to Play;Casual;Simulation,0,5,5,0,0,0-20000,0.0,10,0.5,5.0,1.791759469228055,2.3978952727983707,0.0
814920,Sol705,2018-03-16,1,Land Patricio,Land Patricio,windows;mac,0,Single-player,Adventure;Casual;Free to Play;Indie,Free to Play;Adventure;Indie,0,58,15,0,0,20000-50000,0.0,73,0.7945205479452054,58.0,4.07753744390572,4.30406509320417,0.0
814960,Blackbox,2018-03-24,1,TRT World,TRT World,windows,0,Single-player;Partial Controller Support,Free to Play;Simulation,Free to Play;Simulation;VR,0,6,1,0,0,0-20000,0.0,7,0.8571428571428571,6.0,1.9459101490553128,2.079441541679836,0.0
815030,SKULL FEAST,2018-09-13,1,smakarov3,smakarov3,windows,0,Multi-player;Online Multi-Player,Action;Indie;Massively Multiplayer,Action;Indie;Massively Multiplayer,0,15,7,0,0,0-20000,0.0,22,0.6818181818181818,14.999999999999998,2.772588722239781,3.1354942159291497,0.0
815260,Lords of Kingdoms,2018-06-15,1,ThankGame.com,ThankGame.com,windows,0,Multi-player;Online Multi-Player;MMO;Online Co-op;Cross-Platform Multiplayer;In-App Purchases,Free to Play;Indie;Massively Multiplayer;RPG;Strategy,Free to Play;Strategy;Massively Multiplayer,0,13,20,0,0,0-20000,0.0,33,0.3939393939393939,13.0,2.6390573296152584,3.5263605246161616,0.0
815660,Lucie,2018-03-20,1,vm.cabello,vm.cabello,windows;mac,0,Single-player;Partial Controller Support,Violent;Indie;RPG,Indie;RPG;Violent,0,36,5,0,0,0-20000,0.0,41,0.8780487804878049,36.0,3.610917912644224,3.737669618283368,0.0
816240,Build Wars,2018-04-20,1,Alda Games,Alda Games,windows,0,Single-player;Online Multi-Player,Adventure;Casual;Indie,Indie;Adventure;Casual,0,16,14,0,0,0-20000,0.0,30,0.5333333333333333,16.0,2.833213344056216,3.4339872044851463,0.0
816350,The Flood,2018-03-30,1,Simple Ghost,Simple Ghost,windows;mac;linux,0,Single-player,Adventure;Casual;Free to Play;Indie,Indie;Free to Play;Casual,0,638,98,0,0,50000-100000,0.0,736,0.8668478260869565,638.0,6.459904454377535,6.602587892189336,0.0
816590,FinalFire,2018-05-09,0,深圳中青宝互动网络股份有限公司,深圳中青宝互动网络股份有限公司,windows,0,Single-player;Multi-player;Online Multi-Player;MMO;In-App Purchases,Massively Multiplayer;Racing;Strategy,Massively Multiplayer;Racing;Strategy,0,34,25,0,0,20000-50000,0.0,59,0.576271186440678,34.0,3.555348061489413,4.0943445622221,0.0
816810,Unlight:SchizoChronicle,2018-05-21,0,Techway,Techway,windows,0,Single-player;Online Multi-Player;Cross-Platform Multiplayer;In-App Purchases,Casual;Free to Play,Free to Play;Casual;Card Game,0,52,25,0,0,20000-50000,0.0,77,0.6753246753246753,52.0,3.970291913552122,4.356708826689592,0.0
817360,The Outer Rim: Survivor,2018-04-03,1,Katoa Games,Katoa Games,windows,0,Single-player;Partial Controller Support,Action;Free to Play;Indie;Early Access,Early Access;Free to Play;Action,0,45,4,0,0,0-20000,0.0,49,0.9183673469387756,45.0,3.828641396489095,3.912023005428146,0.0
817370,Marching Simulator,2018-07-29,1,Marching Simulator,Marching Simulator,windows,0,Single-player,Free to Play;Simulation;Early Access,Early Access;Free to Play;Simulation,0,25,8,0,0,0-20000,0.0,33,0.7575757575757576,25.0,3.258096538021482,3.5263605246161616,0.0
818620,Music Boy 3D,2018-03-29,1,Victor Pukman,Victor Pukman,windows;mac;linux,0,Single-player;Full controller support,Action;Indie;Early Access,Early Access;Action;Indie,8,7,2,0,0,0-20000,0.0,9,0.7777777777777778,7.0,2.079441541679836,2.302585092994046,0.0
818780,Scrunk,2018-07-12,1,Sleepy Studios,Sleepy Studios,windows;mac;linux,0,Multi-player;Online Multi-Player;Steam Achievements;Stats,Action;Indie,Action;Indie;Multiplayer,14,6,2,0,0,0-20000,0.0,8,0.75,6.0,1.9459101490553128,2.19722457733622,0.0
819790,Laplace：拉普拉斯的神子,2018-10-02,0,"X-Legend Entertainment Co., Ltd.","X-Legend Entertainment Co., Ltd.",windows,0,Online Multi-Player;MMO;In-App Purchases,Adventure;Massively Multiplayer;RPG,Adventure;RPG;Massively Multiplayer,0,34,19,0,0,0-20000,0.0,53,0.6415094339622641,34.0,3.555348061489413,3.9889840465642745,0.0
820090,Solitaire Knights,2018-04-05,1,Skull,Skull,windows;mac,0,Single-player,Casual;Free to Play,Free to Play;Casual,0,23,13,0,0,20000-50000,0.0,36,0.6388888888888888,23.0,3.1780538303479458,3.610917912644224,0.0
820190,FORWARD,2018-05-01,1,Yuuuge Games,Yuuuge Games,windows,0,Single-player;Partial Controller Support,Free to Play;Indie;Racing,Free to Play;Racing;Indie,0,18,2,0,0,0-20000,0.0,20,0.9,18.0,2.9444389791664403,3.044522437723423,0.0
820400,Shrouded in Sanity: Freebirth,2018-03-23,1,Steve Gal,Pugware,windows,0,Single-player;Full controller support,Violent;Gore;Action;Adventure;Free to Play;Indie,Free to Play;Indie;Action,0,90,13,0,0,0-20000,0.0,103,0.8737864077669902,90.0,4.51085950651685,4.6443908991413725,0.0
820790,FEAST: Book One «Family Ties»,2018-04-04,1,FairyPeople,FairyPeople,windows,0,Single-player;Steam Cloud,Adventure;Casual;Free to Play;Indie,Free to Play;Indie;Adventure,0,55,18,0,0,0-20000,0.0,73,0.7534246575342466,55.0,4.02535169073515,4.30406509320417,0.0
821610,My Sunny Resort,2018-05-03,1,upjers,upjers,windows,0,Single-player;Online Co-op;In-App Purchases,Casual;Free to Play;Simulation,Casual;Free to Play;Simulation,0,46,61,0,0,20000-50000,0.0,107,0.4299065420560747,46.0,3.8501476017100575,4.68213122712422,0.0
821670,Horse Farm,2018-07-17,1,Independent Arts Software;upjers,upjers,windows,0,Single-player;Online Co-op;Steam Achievements;In-App Purchases,Casual;Free to Play;Simulation,Casual;Free to Play;Simulation,43,38,54,0,0,20000-50000,0.0,92,0.4130434782608695,38.0,3.6635616461296463,4.532599493153256,0.0
821680,Military Operations: Benchmark,2018-06-21,1,Military Operations,Military Operations,windows,0,Steam Leaderboards,Utilities,Utilities;War;Simulation,0,20,19,0,0,0-20000,0.0,39,0.5128205128205128,20.0,3.044522437723423,3.688879454113936,0.0
822110,Magika Land of Fantasy,2018-04-05,1,Vimes Entertainment,Vimes Entertainment,windows,0,Single-player,Adventure;Free to Play;Indie;Early Access,Early Access;Free to Play;Indie,0,76,19,0,0,0-20000,0.0,95,0.8,76.0,4.343805421853684,4.564348191467836,0.0
822240,Animal Jam - Play Wild!,2018-12-11,1,"WildWorks, Inc.","WildWorks, Inc.",windows,0,Online Multi-Player;MMO;Cross-Platform Multiplayer;In-App Purchases,Adventure;Free to Play;Massively Multiplayer;Simulation;Early Access,Early Access;Free to Play;Massively Multiplayer,0,409,1278,0,0,500000-1000000,0.0,1687,0.2424422050978067,409.0,6.016157159698354,7.431299675155903,0.0
822940,Tori,2018-04-19,1,"Team Tori, LLC","Team Tori, LLC",windows;mac,0,Single-player,Adventure;Casual;Indie,Adventure;Indie;Casual,0,15,1,0,0,0-20000,0.0,16,0.9375,15.0,2.772588722239781,2.833213344056216,0.0
823420,Erinye Demo,2018-04-07,1,Karosu-Maker,Karosu-Maker,windows,0,Single-player,Nudity;Violent;Adventure;Indie;RPG,Nudity;Adventure;RPG,0,52,3,0,0,0-20000,0.0,55,0.9454545454545454,52.0,3.970291913552122,4.02535169073515,0.0
823470,Glitchball,2018-04-24,1,Reboot Arcade,Reboot Arcade,windows;mac;linux,0,Local Multi-Player;Local Co-op;Shared/Split Screen;Partial Controller Support,Casual;Free to Play;Indie;Sports,Free to Play;Indie;Casual,0,12,11,0,0,20000-50000,0.0,23,0.5217391304347826,12.0,2.5649493574615367,3.1780538303479458,0.0
823550,Booty Calls,2018-09-18,1,3X Entertainment Limited,3X Entertainment Limited,windows;mac,18,Single-player;In-App Purchases,Casual;Free to Play;Indie;RPG;Simulation;Strategy,Nudity;Sexual Content;Free to Play,0,255,294,0,0,100000-200000,0.0,549,0.4644808743169399,255.0,5.545177444479562,6.309918278226516,0.0
823600,Battle Brawlers,2018-06-18,1,"Suzhou DaYu Network Technology Co., Ltd.;蘇州大禹網絡科技有限公司;苏州大禹网络科技有限公司","Suzhou DaYu Network Technology Co., Ltd.;蘇州大禹網絡科技有限公司;苏州大禹网络科技有限公司",windows,0,Single-player;Multi-player;Online Multi-Player;Cross-Platform Multiplayer;In-App Purchases,Free to Play;Strategy,Free to Play;Strategy;Competitive,0,88,66,0,0,50000-100000,0.0,154,0.5714285714285714,88.0,4.48863636973214,5.043425116919247,0.0
823830,Frightened Beetles,2018-05-11,1,Anatoliy Loginovskikh,Anatoliy Loginovskikh,windows,0,Single-player;Steam Achievements;Full controller support,Adventure;Casual;Free to Play;Indie,Free to Play;Casual;Indie,5,180,17,0,0,20000-50000,0.0,197,0.9137055837563453,180.0,5.198497031265826,5.288267030694535,0.0
824170,Relic Raiders,2018-10-26,1,Crystallized Games,Crystallized Games,windows,0,Multi-player;Online Multi-Player;In-App Purchases;Partial Controller Support,Action;Adventure;Free to Play;Indie;Early Access,Early Access;Action;Free to Play,0,56,28,0,0,0-20000,0.0,84,0.6666666666666666,56.0,4.04305126783455,4.442651256490317,0.0
824300,Dragon Awaken,2018-10-03,1,Game Hollywood,Global Genom Corporate,windows;mac;linux,0,Single-player;Online Multi-Player;MMO;Online Co-op;Cross-Platform Multiplayer;In-App Purchases,Free to Play;Massively Multiplayer;RPG;Strategy,Massively Multiplayer;Free to Play;Strategy,0,16,18,0,0,0-20000,0.0,34,0.4705882352941176,16.0,2.833213344056216,3.555348061489413,0.0
824880,Charlotte,2018-04-09,1,Extinct Angel,MAGIC Spell Studios,windows,0,Single-player,Sexual Content;Adventure;Free to Play;Indie;Simulation,Indie;Simulation;Sexual Content,0,14,16,0,0,0-20000,0.0,30,0.4666666666666667,14.0,2.70805020110221,3.4339872044851463,0.0
825170,Porcuball,2018-04-18,1,Half Baked Data,Half Baked Data,windows;mac;linux,0,Single-player;Full controller support,Adventure;Casual;Indie,Casual;Indie;Adventure,0,11,5,0,0,0-20000,0.0,16,0.6875,11.0,2.4849066497880004,2.833213344056216,0.0
825580,Grotoro,2018-06-12,1,Concrete Games,Concrete Games,windows,0,Multi-player;Local Multi-Player;Partial Controller Support,Action;Casual;Free to Play;Indie,Free to Play;Action;Indie,0,9,5,20,20,0-20000,0.0,14,0.6428571428571429,9.0,2.302585092994046,2.70805020110221,3.044522437723423
826100,Find someone else,2018-04-06,1,Red Skald,Red Skald,windows,0,Single-player,Adventure;Free to Play;Indie;Simulation,Free to Play;Adventure;Indie,0,78,6,0,0,0-20000,0.0,84,0.9285714285714286,78.0,4.3694478524670215,4.442651256490317,0.0
826230,CONCLUSE,2018-06-29,1,Studio Snowspot;T Allen Studios,Studio Snowspot,windows;mac,0,Single-player;Steam Achievements;Full controller support,Action;Adventure;Casual;Indie;Simulation,Horror;Atmospheric;Adventure,17,152,53,0,0,20000-50000,0.0,205,0.7414634146341463,152.0,5.030437921392435,5.327876168789581,0.0
826480,VR Benchmark Kanojo,2018-04-18,1,ILLUSION,ILLUSION,windows,0,Single-player;Full controller support,Free to Play,Free to Play;Nudity;Sexual Content,0,45,9,0,0,20000-50000,0.0,54,0.8333333333333334,45.0,3.828641396489095,4.007333185232471,0.0
826810,Floor By Floor,2018-03-17,1,AA Games,AA Games,windows,0,Single-player,Action,Action,0,3,0,0,0,0-20000,0.0,3,1.0,3.0,1.3862943611198906,1.3862943611198906,0.0
827170,FlickSync - Mad Hatter VR,2018-03-30,1,Flicksync,Rocket Tiger Studios,windows,0,Single-player,Casual;Free to Play;Indie;Simulation,Free to Play;Casual;Simulation,0,3,6,0,0,0-20000,0.0,9,0.3333333333333333,3.0,1.3862943611198906,2.302585092994046,0.0
827220,Overclocked: The Aclockalypse,2018-04-26,1,Timewind LLC,Timewind LLC,windows;mac,0,Single-player;Steam Achievements;Partial Controller Support,Action;Free to Play;Indie,Free to Play;Indie;Action,4,28,10,0,0,0-20000,0.0,38,0.7368421052631579,28.0,3.367295829986474,3.6635616461296463,0.0
827860,Destined,2018-05-19,1,Destined Team,Destined Team,windows,0,Online Multi-Player,Action;Free to Play;Indie,Free to Play;Action;Indie,0,180,111,0,0,50000-100000,0.0,291,0.6185567010309279,180.0,5.198497031265826,5.676753802268282,0.0
827930,Strive,2018-06-14,1,Vincae Entertainment,Vincae Entertainment,windows,0,Online Multi-Player,Action;Adventure;Indie;RPG;Strategy;Early Access,Early Access;Strategy;Action,0,2,1,0,0,0-20000,0.0,3,0.6666666666666666,2.0,1.0986122886681098,1.3862943611198906,0.0
828030,One Ping Only,2018-04-14,1,Triconn Games,Triconn Games,windows,0,Single-player,Action;Adventure;Casual;Free to Play;Indie,Free to Play;Action;Indie,0,168,17,0,0,20000-50000,0.0,185,0.9081081081081082,168.0,5.1298987149230735,5.225746673713202,0.0
828050,The Mirror Lied,2018-10-25,1,Freebird Games,Freebird Games,windows;mac;linux,0,Single-player;Partial Controller Support,Adventure;Indie,Indie;Adventure;RPGMaker,0,153,13,0,0,20000-50000,0.0,166,0.9216867469879518,153.0,5.0369526024136295,5.117993812416755,0.0
828170,Pivross,2018-04-16,1,Lussels,Lussels,windows;mac;linux,0,Single-player;Steam Achievements;Steam Trading Cards;In-App Purchases,Casual;Free to Play;Indie,Free to Play;Indie;Casual,11,28,14,0,0,0-20000,0.0,42,0.6666666666666666,28.0,3.367295829986474,3.7612001156935615,0.0
829420,Fun Hospital,2018-06-21,1,OrangesGame Technology Limited,OrangesGame Technology Limited,windows;mac,0,Single-player;In-App Purchases,Casual;Free to Play;Indie;Simulation;Strategy,Strategy;Casual;Free to Play,186,68,78,0,0,50000-100000,0.0,146,0.4657534246575342,68.0,4.23410650459726,4.990432586778736,0.0
830470,MazeBot,2018-05-03,1,Dynamite Whale,Dynamite Whale,windows,0,Single-player;Steam Achievements;Full controller support,Action;Casual;Indie,Action;Indie;Casual,9,12,1,0,0,0-20000,0.0,13,0.9230769230769232,12.0,2.5649493574615367,2.6390573296152584,0.0
831100,Brother Perro,2018-04-26,1,LUZSTARDOM,LUZSTARDOM,windows,0,Single-player,Casual;Free to Play;Indie,Free to Play;Casual;Indie,0,23,12,0,0,0-20000,0.0,35,0.6571428571428571,23.0,3.1780538303479458,3.58351893845611,0.0
831230,Doors Quest Demo,2018-04-20,1,Nick Page!,Nick Page!,windows,0,Single-player;Steam Achievements,Violent;Gore;Indie,Indie;Gore;Violent,5,35,5,0,0,0-20000,0.0,40,0.875,35.0,3.58351893845611,3.713572066704308,0.0
831490,Draw Near,2018-04-15,1,Omniscience,Taiga Nishimura,windows,0,Single-player;Steam Achievements,Action;Adventure;Free to Play;Indie;Simulation,Free to Play;Indie;Simulation,12,9,4,0,0,0-20000,0.0,13,0.6923076923076923,9.0,2.302585092994046,2.6390573296152584,0.0
831590,VRQ Test,2018-04-11,1,Vectorush,Vectorush,windows,0,Single-player,Casual;Free to Play;Simulation,Free to Play;Casual;Simulation,0,6,0,0,0,0-20000,0.0,6,1.0,6.0,1.9459101490553128,1.9459101490553128,0.0
831810,Bane of Asphodel,2018-04-21,1,The Bane Of Asphodel Team,The Bane Of Asphodel Team,windows,0,Single-player;Partial Controller Support,Action;Adventure;Free to Play;Indie,Indie;Action;Adventure,0,54,26,0,0,20000-50000,0.0,80,0.675,54.0,4.007333185232471,4.394449154672439,0.0
832080,Google Spotlight Stories: Back to the Moon,2018-05-02,1,Google Inc.,Google Inc.,windows,0,Single-player,Adventure;Free to Play,Free to Play;Adventure;VR,0,18,1,0,0,0-20000,0.0,19,0.9473684210526316,18.0,2.9444389791664403,2.995732273553991,0.0
832510,AeroChopper,2018-04-29,1,Camerron ScottSaxon Niewoehner;Steele Dalton;Ryan Kibbe;Brandon Cobb;Jesse Sabol;Tommi Turunen,Camerron ScottSaxon Niewoehner,windows,0,Single-player,Action;Casual;Indie;Racing,Action;Indie;Casual,0,3,0,0,0,0-20000,0.0,3,1.0,3.0,1.3862943611198906,1.3862943611198906,0.0
834000,Cross Country Skiing VR,2018-04-12,1,Levrage,Levrage,windows,0,Single-player,Racing;Sports,Racing;Sports,0,8,4,0,0,0-20000,0.0,12,0.6666666666666666,8.0,2.19722457733622,2.5649493574615367,0.0
835450,Neon Force Pushers,2018-04-25,1,Gabriel Schwab,Gabriel Schwab,windows;mac;linux,0,Multi-player;Local Multi-Player;Shared/Split Screen;Cross-Platform Multiplayer;Partial Controller Support,Action;Free to Play;Indie,Free to Play;Action;Indie,0,7,5,0,0,0-20000,0.0,12,0.5833333333333334,7.0,2.079441541679836,2.5649493574615367,0.0
835860,Dreadnought,2018-10-14,1,Six Foot;YAGER,Grey Box,windows,0,Multi-player;Online Multi-Player;MMO;Co-op;Online Co-op;In-App Purchases,Action;Free to Play;Massively Multiplayer,Free to Play;Space;Action,0,1363,1288,291,285,500000-1000000,0.0,2651,0.5141456054319125,1363.0,7.218176838403408,7.883069351305753,5.676753802268282
836440,MonsterxMan: Inheritence To Lust,2018-04-24,1,Hexadecimalstudios,Hexadecimalstudios,windows;mac;linux,0,Single-player,Sexual Content;Nudity;Adventure;Free to Play;Indie;RPG,Free to Play;Sexual Content;Nudity,0,40,5,0,0,20000-50000,0.0,45,0.8888888888888888,40.0,3.713572066704308,3.828641396489095,0.0
836940,【SCP】器関ノ彷徨 -The will of a single Tale-【DEMOver.】,2018-05-04,1,Stoner Tomohito,GESTALT-§,windows,0,Single-player,Adventure;Free to Play;Simulation,Free to Play;Violent;Adventure,0,181,24,2,2,20000-50000,0.0,205,0.8829268292682927,181.0,5.204006687076795,5.327876168789581,1.0986122886681098
837280,Lost Borderline,2018-05-03,1,PigeonCube Studios,PigeonCube Studios,windows,0,Single-player;Partial Controller Support,Action;Adventure;Indie,Action;Adventure;Indie,0,10,0,0,0,0-20000,0.0,10,1.0,10.0,2.3978952727983707,2.3978952727983707,0.0
837310,Telophase,2018-04-23,1,"Telophase Studios, LLC","Telophase Studios, LLC",windows;mac,0,Single-player;Full controller support,Action;Casual;Free to Play;Indie,Free to Play;Action;Indie,0,44,10,0,0,0-20000,0.0,54,0.8148148148148148,44.0,3.80666248977032,4.007333185232471,0.0
837380,DeoVR Video Player,2018-04-24,1,VRFavs,VRFavs,windows,0,Full controller support,Utilities,Utilities;VR;360 Video,0,72,13,0,0,20000-50000,0.0,85,0.8470588235294118,72.0,4.290459441148391,4.454347296253507,0.0
837640,TapSonic World Champion VR,2018-06-14,1,NEOWIZ,NEOWIZ,windows,0,Single-player,Action;Casual;Early Access,Early Access;Action;Casual,0,33,9,5,5,0-20000,0.0,42,0.7857142857142857,33.0,3.5263605246161616,3.7612001156935615,1.791759469228055
838220,Endersite,2018-05-25,1,KadenDS,KadenDS,windows,0,Local Multi-Player;Partial Controller Support,Action;Casual;Free to Play;Indie;Massively Multiplayer,Action;Free to Play;Indie,0,14,14,0,0,0-20000,0.0,28,0.5,14.0,2.70805020110221,3.367295829986474,0.0
838510,Find & Destroy: Tank Strategy,2018-06-12,1,mPower Games Studio,mPower Games Studio,windows;mac;linux,0,Online Multi-Player;MMO;Online Co-op;Cross-Platform Multiplayer;Steam Achievements;In-App Purchases,Free to Play;Indie;Massively Multiplayer;RPG;Strategy,Free to Play;Indie;Strategy,6,58,33,0,0,20000-50000,0.0,91,0.6373626373626373,57.99999999999999,4.07753744390572,4.5217885770490405,0.0
838900,Cereal Soup,2018-06-02,1,Wild Arts LLC,Wild Arts LLC,windows,0,Online Multi-Player;MMO;In-App Purchases,Adventure;Free to Play;Massively Multiplayer;RPG;Simulation;Early Access,Early Access;Free to Play;Massively Multiplayer,0,218,239,0,0,50000-100000,0.0,457,0.4770240700218818,218.0,5.389071729816501,6.126869184114185,0.0
839200,SpedV,2018-12-26,1,Freie Programme Hohenstein,Freie Programme Hohenstein,windows,0,Online Co-op;Steam Achievements,Simulation,Simulation,37,12,4,0,0,20000-50000,0.0,16,0.75,12.0,2.5649493574615367,2.833213344056216,0.0
839240,Penny Black,2018-05-17,1,Bobby Zeal,Bobby Zeal,windows,0,Single-player,Free to Play;Indie,Free to Play;Indie;Text-Based,0,59,3,0,0,0-20000,0.0,62,0.9516129032258064,59.0,4.0943445622221,4.143134726391533,0.0
839560,Shrinking Pains,2018-04-27,1,Bedtime Phobias,Bedtime Phobias,windows,0,Single-player,Sexual Content;Free to Play;Indie,Free to Play;Indie;Sexual Content,0,96,24,0,0,20000-50000,0.0,120,0.8,96.0,4.574710978503383,4.795790545596741,0.0
839680,The Front of Greed,2018-08-16,1,LightningSoft,LightningSoft,windows,0,Online Multi-Player;In-App Purchases,Action,Action;FPS,0,9,7,0,0,0-20000,0.0,16,0.5625,9.0,2.302585092994046,2.833213344056216,0.0
839810,Drift 4000,2018-05-17,1,Tim Cornish,Tim Cornish,windows,0,Single-player,Action;Casual;Free to Play;Indie,Free to Play;Action;Indie,0,9,7,0,0,0-20000,0.0,16,0.5625,9.0,2.302585092994046,2.833213344056216,0.0
840060,Good Doggo,2018-04-30,1,Cozy Game Pals,Cozy Game Pals,windows;mac;linux,0,Single-player;Steam Achievements;Full controller support,Action;Casual;Simulation,Casual;Action;Simulation,5,48,8,0,0,0-20000,0.0,56,0.8571428571428571,48.0,3.8918202981106265,4.04305126783455,0.0
840290,Pendula Swing Episode 1 - Tired and Retired,2018-08-15,1,Valiant Game Studio AB,Valiant Game Studio AB,windows;mac,0,Single-player;Steam Achievements;Steam Cloud,Adventure;Casual;Indie;RPG,Indie;Casual;Adventure,24,38,14,0,0,0-20000,0.0,52,0.7307692307692307,38.0,3.6635616461296463,3.970291913552122,0.0
840410,Mushroom Heroes,2018-05-02,1,Serkan Bakar,Serkan Bakar,windows,0,Single-player;Partial Controller Support,Action;Adventure;Casual;Free to Play;Indie,Free to Play;Action;Multiplayer,0,110,23,0,0,50000-100000,0.0,133,0.8270676691729323,110.0,4.709530201312334,4.897839799950911,0.0
840620,Geometry Boxer,2018-05-01,1,The Geometry Boxers,The Geometry Boxers,windows;mac,0,Single-player;Local Co-op;Shared/Split Screen;Partial Controller Support,Action;Casual;Free to Play;Indie,Free to Play;Casual;Action,0,35,16,0,0,0-20000,0.0,51,0.6862745098039216,35.0,3.58351893845611,3.951243718581428,0.0
841270,Trap,2018-05-02,1,Jucar,Il Pleut,windows,0,Single-player,Adventure;Indie,Adventure;Violent;Gore,0,112,19,0,0,0-20000,0.0,131,0.8549618320610687,112.0,4.727387818712341,4.882801922586371,0.0
841300,Together,2018-05-01,1,Zilby,Zilby,windows;mac,0,Single-player,Sexual Content;Free to Play;Indie;Simulation,Free to Play;Indie;Sexual Content,0,154,53,0,0,20000-50000,0.0,207,0.7439613526570048,154.0,5.043425116919247,5.337538079701318,0.0
841500,Sheep Game,2018-04-27,1,David Lewis,David Lewis,windows;mac,0,Multi-player;Local Multi-Player;Shared/Split Screen;Full controller support,Casual;Free to Play;Indie;Sports;Early Access,Early Access;Free to Play;Indie,0,21,8,0,0,0-20000,0.0,29,0.7241379310344828,21.0,3.091042453358316,3.4011973816621555,0.0
841830,Semi-Sweet Tofu,2018-05-03,1,Team TatoTaco,"Ottercopter Studios, LLC",windows,0,Single-player;Full controller support,Adventure;Casual;Indie,Adventure;Indie;Casual,0,3,0,0,0,0-20000,0.0,3,1.0,3.0,1.3862943611198906,1.3862943611198906,0.0
841860,#Have A Sticker,2018-04-26,1,Red Dolphin Games,VT Publishing,windows,0,Single-player;Steam Achievements,Casual;Strategy,Casual;Strategy;Free to Play,5000,59,31,0,0,20000-50000,0.0,90,0.6555555555555556,59.0,4.0943445622221,4.51085950651685,0.0
841870,Guardian of Immortal Mountain(仙山守卫者),2018-05-10,1,"Bamboo Secrets Co.,Limited","Bamboo Secrets Co.,Limited",windows,0,Single-player,Violent;Action;Indie,Indie;Action;Violent,0,3,1,0,0,0-20000,0.0,4,0.75,3.0,1.3862943611198906,1.6094379124341005,0.0
842150,Wild West Saga: Idle Tycoon Clicker,2018-12-18,1,Tamasenco,Tamasenco,windows;mac;linux,0,Single-player;Steam Achievements;Steam Trading Cards;In-App Purchases;Stats,Casual;Free to Play;Indie;Simulation,Free to Play;Clicker;Indie,107,183,91,0,0,50000-100000,0.0,274,0.6678832116788321,183.0,5.214935757608986,5.616771097666572,0.0
842420,A Walk in the Woods,2018-05-01,1,Something Dark Studios,Something Dark Studios,windows,0,Multi-player;Online Multi-Player;Co-op;Online Co-op;Partial Controller Support,Adventure;Free to Play;Indie,Free to Play;Multiplayer;Indie,0,102,155,4,4,50000-100000,0.0,257,0.3968871595330739,102.0,4.634728988229636,5.552959584921617,1.6094379124341005
842500,Kickshot,2018-05-04,1,R.A.M. Studios LLC,R.A.M. Studios LLC,windows,0,Single-player,Gore;Action;Indie,Indie;Action;Gore,0,38,9,0,0,0-20000,0.0,47,0.8085106382978723,38.0,3.6635616461296463,3.871201010907891,0.0
843050,North Stars,2018-06-27,1,凌望工作室,凌望工作室,windows,0,Single-player;Online Multi-Player;Online Co-op;Partial Controller Support,Free to Play,Free to Play;FPS,0,35,8,0,0,0-20000,0.0,43,0.813953488372093,35.0,3.58351893845611,3.784189633918261,0.0
843620,Forest Below,2018-05-17,1,Team Arborium,Team Arborium,windows,0,Single-player,Casual,Casual,0,8,1,0,0,0-20000,0.0,9,0.8888888888888888,8.0,2.19722457733622,2.302585092994046,0.0
843660,Rogue Agent,2018-04-29,1,Jorge Aires,Jorge Aires,windows,0,Single-player;Steam Achievements;Stats,Casual;Free to Play;Indie;RPG,Free to Play;Indie;Casual,20,70,19,0,0,0-20000,0.0,89,0.7865168539325843,70.0,4.262679877041316,4.499809670330265,0.0
844380,Cave Digger,2018-05-09,1,VRkiwi;Mekiwi,VRkiwi;Mekiwi,windows,0,Single-player;Steam Achievements;Steam Leaderboards,Action;Casual;Free to Play;Indie,Free to Play;Action;Casual,16,135,29,10,10,50000-100000,0.0,164,0.823170731707317,135.0,4.912654885736052,5.10594547390058,2.3978952727983707
844490,Rhombus Legends,2018-09-24,1,Freeway Interactive,Freeway Interactive,windows,0,Single-player;Cross-Platform Multiplayer;Steam Achievements;In-App Purchases,Free to Play;Indie;Strategy,Free to Play;Indie;Strategy,24,22,14,0,0,0-20000,0.0,36,0.6111111111111112,22.0,3.1354942159291497,3.610917912644224,0.0
845070,The Awesome Adventures of Captain Spirit,2018-06-25,1,DONTNOD Entertainment,Square Enix,windows,0,Single-player;Full controller support;Steam Cloud,Adventure;Free to Play,Free to Play;Story Rich;Choices Matter,0,8077,667,68,65,500000-1000000,0.0,8744,0.92371912168344,8077.0,8.996899596123358,9.076237387452702,4.23410650459726
845210,Sim Racing Telemetry,2018-06-13,1,UNAmedia,UNAmedia,windows;mac,0,In-App Purchases,Utilities;Early Access,Early Access;Utilities,0,10,6,0,0,0-20000,0.0,16,0.625,10.0,2.3978952727983707,2.833213344056216,0.0
845250,Fish Tycoon 2: Virtual Aquarium,2018-05-17,1,Last Day Of Work,Last Day Of Work,windows;mac,0,Single-player;In-App Purchases,Simulation,Simulation,0,18,19,0,0,20000-50000,0.0,37,0.4864864864864865,18.0,2.9444389791664403,3.6375861597263857,0.0
846340,Obliteracy,2018-09-14,1,Magic Chopstick Games,Magic Chopstick Games,windows;mac,0,Single-player;Multi-player;Online Multi-Player;Cross-Platform Multiplayer;In-App Purchases,Casual;Free to Play;Indie;Strategy,Free to Play;Strategy;Indie,40,12,5,0,0,0-20000,0.0,17,0.7058823529411765,12.0,2.5649493574615367,2.8903717578961645,0.0
846780,JumpStream,2018-09-19,1,Digital Continue,Digital Continue,windows,0,Single-player;Online Multi-Player;In-App Purchases;Partial Controller Support,Action;Free to Play;Indie,Free to Play;Action;Indie,0,6,2,0,0,0-20000,0.0,8,0.75,6.0,1.9459101490553128,2.19722457733622,0.0
847650,Virtual Reality Experiment Framework,2018-06-13,1,Scott Howie,Scott Howie,windows,0,Single-player,Free to Play;Simulation,Simulation;Free to Play;VR,0,2,3,0,0,0-20000,0.0,5,0.4,2.0,1.0986122886681098,1.791759469228055,0.0
847790,Indentured Servant,2018-06-08,1,Saoi Games,Saoi Games,windows,0,Single-player,Indie;Simulation,Indie;Simulation;VR,0,10,0,0,0,0-20000,0.0,10,1.0,10.0,2.3978952727983707,2.3978952727983707,0.0
847890,小黄条/YYNote,2018-05-08,1,肥羊,肥羊,windows,0,Single-player,Free to Play;Indie,Free to Play;Indie,0,18,7,0,0,20000-50000,0.0,25,0.72,18.0,2.9444389791664403,3.258096538021482,0.0
847900,DeathTolls Experience,2018-04-24,1,Ali Eslami,XRBASE,windows,0,Single-player;Partial Controller Support,Casual;Indie,Indie;Casual;VR,0,10,1,0,0,0-20000,0.0,11,0.9090909090909092,10.0,2.3978952727983707,2.4849066497880004,0.0
848500,Sniper Strike: Special Ops,2018-07-27,1,Eight Pixels Square,Eight Pixels Square,windows,0,Single-player;Online Multi-Player;In-App Purchases,Action,Action;Free to Play;Violent,0,32,50,0,0,20000-50000,0.0,82,0.3902439024390244,32.0,3.49650756146648,4.418840607796598,0.0
848700,Toki Time Trial,2018-07-20,1,DigiPen Press,DigiPen Press,windows,0,Single-player,Free to Play,Free to Play;Puzzle,0,42,4,0,0,0-20000,0.0,46,0.9130434782608696,42.0,3.7612001156935615,3.8501476017100575,0.0
850230,Women's Soccer Manager,2018-07-16,1,Trophy Games ApS,Trophy Games ApS,windows,0,Online Multi-Player;In-App Purchases,Free to Play;Sports;Strategy,Free to Play;Sports;Strategy,0,43,15,0,0,20000-50000,0.0,58,0.7413793103448276,43.0,3.784189633918261,4.07753744390572,0.0
850310,Cursed Town,2018-05-25,1,RPG Adventures Team,RPG Adventures Team,windows,0,Single-player;Steam Achievements,RPG,RPG;RPGMaker;Adventure,12,8,5,0,0,0-20000,0.0,13,0.6153846153846154,8.0,2.19722457733622,2.6390573296152584,0.0
850330,best game eu,2018-05-14,1,Black FishMaker,MAKER.GG,windows,0,Single-player,Casual,Casual,0,50,7,0,0,0-20000,0.0,57,0.8771929824561403,50.0,3.9318256327243257,4.060443010546419,0.0
850710,Skip's Sanity,2018-05-24,1,David Donarumo,David Donarumo,windows,0,Single-player;Steam Achievements;Full controller support;Steam Leaderboards,Action;Casual;Indie;RPG;Simulation;Sports;Strategy,Casual;Action;Strategy,9,4,0,0,0,0-20000,0.0,4,1.0,4.0,1.6094379124341005,1.6094379124341005,0.0
851110,Idle Racing GO: Clicker Tycoon,2019-01-01,1,T-Bull S.A.,T-Bull S.A.,windows;mac,0,Single-player;In-App Purchases,Casual;Racing;Simulation;Early Access,Early Access;Racing;Simulation,90,47,71,0,0,20000-50000,0.0,118,0.3983050847457627,47.0,3.871201010907891,4.77912349311153,0.0
851290,Fesnia,2018-07-02,1,Anima,Team Syukino,windows,0,Single-player;Steam Achievements,Casual;Indie,Indie;Casual;Anime,3,6,6,0,0,0-20000,0.0,12,0.5,6.0,1.9459101490553128,2.5649493574615367,0.0
851530,Mini-Dead,2018-05-04,1,Alec Smith,Milo Games,windows,0,Single-player;Steam Achievements,Action;Free to Play;Indie,Free to Play;Indie;Action,4,368,18,0,0,20000-50000,0.0,386,0.9533678756476685,368.0,5.910796644040527,5.958424693029782,0.0
851650,LOGistICAL: ABC Islands,2018-05-04,1,Sacada,Sacada,windows,0,Single-player;Steam Achievements;Steam Cloud;Stats;Steam Leaderboards,Casual;Free to Play;Indie;Strategy,Free to Play;Strategy;Indie,565,21,13,14,14,20000-50000,0.0,34,0.6176470588235294,21.0,3.091042453358316,3.555348061489413,2.70805020110221
851810,Ultimate Sudoku Collection,2018-05-18,1,Stanley Lam,Stanley Lam,windows;mac,0,Single-player;Steam Achievements,Casual;Free to Play;Indie,Free to Play;Indie;Casual,72,31,14,91,91,20000-50000,0.0,45,0.6888888888888889,31.0,3.4657359027997265,3.828641396489095,4.5217885770490405
852250,Danger Room VR,2018-09-01,1,The Game Forger,The Game Forger,windows,0,Single-player;Steam Achievements,Action;Casual;Free to Play;Indie,Free to Play;Casual;Action,6,14,2,0,0,0-20000,0.0,16,0.875,14.0,2.70805020110221,2.833213344056216,0.0
852340,King Rabbit,2019-01-25,1,RareSloth,RareSloth,windows;mac,0,Single-player;In-App Purchases;Partial Controller Support;Includes level editor,Action;Adventure;Casual;Free to Play;Indie;Early Access,Early Access;Free to Play;Action,0,63,6,0,0,0-20000,0.0,69,0.9130434782608696,62.99999999999999,4.158883083359672,4.248495242049359,0.0
852450,The Stray Cat,2018-05-10,1,EugeneLee,EugeneLee,windows,0,Single-player,Action;Casual;Free to Play;Indie;Simulation;Sports,Free to Play;Simulation;Action,0,5,3,0,0,0-20000,0.0,8,0.625,5.0,1.791759469228055,2.19722457733622,0.0
852500,WorldQuest,2018-04-29,1,William Xu;Alex Raita,William Xu;Alex Raita,windows,0,Multi-player;Online Multi-Player;Co-op;Online Co-op;Includes level editor,Action;Free to Play;Indie;RPG;Strategy,Free to Play;Indie;Strategy,0,50,25,0,0,20000-50000,0.0,75,0.6666666666666666,50.0,3.9318256327243257,4.330733340286331,0.0
853250,신기록 : A Compendium of Ghosts,2018-06-05,0,Team 33,Team 33,windows,0,Single-player,Adventure;Casual;Free to Play;Indie;RPG,Adventure;Free to Play;RPG,0,29,2,0,0,0-20000,0.0,31,0.935483870967742,29.0,3.4011973816621555,3.4657359027997265,0.0
853780,BlubBlub: Quest of the Blob,2018-05-29,1,Girls Make Games;Team Blub Blub,"Girls Make Games;LearnDistrict, Inc.",windows;mac,0,Single-player;Partial Controller Support,Action;Indie,Action;Indie,0,18,5,0,0,0-20000,0.0,23,0.782608695652174,18.0,2.9444389791664403,3.1780538303479458,0.0
853980,Splash,2018-05-21,1,Jan Urbanek,Jan Urbanek,windows;mac,0,Single-player,Action;Casual;Indie,Action;Indie;Casual,0,10,1,0,0,0-20000,0.0,11,0.9090909090909092,10.0,2.3978952727983707,2.4849066497880004,0.0
854330,Lost in Spice,2018-06-07,1,Theo Tsapakos;Will Kane;Bryan Song;Jacob Ginsparg,--,windows,0,Single-player,Casual,Casual;VR,0,4,0,0,0,0-20000,0.0,4,1.0,4.0,1.6094379124341005,1.6094379124341005,0.0
855010,270 | Two Seventy US Election,2018-05-31,1,Political Games LLC,Political Games LLC,windows;mac,0,Single-player;Multi-player;Online Multi-Player;Local Multi-Player;Shared/Split Screen;Cross-Platform Multiplayer;In-App Purchases,Strategy,Strategy;Political;Politics,0,39,15,0,0,0-20000,0.0,54,0.7222222222222222,39.0,3.688879454113936,4.007333185232471,0.0
855580,Ahlman Arcade 2018,2018-08-11,1,Team in Time,Ahlman Game Studio,windows,0,Single-player;Local Multi-Player;Shared/Split Screen;Partial Controller Support,Action;Adventure;Casual;Free to Play;Indie;Racing;RPG;Simulation;Sports,Free to Play;RPG;Racing,0,12,6,0,0,0-20000,0.0,18,0.6666666666666666,12.0,2.5649493574615367,2.9444389791664403,0.0
856300,Disc Golf VR,2018-05-28,1,Jack Burke;Ben Hartnett;William Wright;John Greim,William Wright,windows,0,Single-player,Casual;Free to Play;Indie;Simulation;Sports;Early Access,Early Access;Sports;Free to Play,0,3,3,0,0,0-20000,0.0,6,0.5,3.0,1.3862943611198906,1.9459101490553128,0.0
856600,Fur the Game,2019-01-03,1,Fur Dev Team,Fur Dev Team,windows,0,Single-player;Partial Controller Support,Adventure;Casual;Indie,Indie;Casual;Adventure,0,79,9,0,0,0-20000,0.0,88,0.8977272727272727,79.0,4.382026634673881,4.48863636973214,0.0
856620,Vカツ / V-Katsu,2018-08-01,0,IVR,IVR,windows,0,Single-player;Partial Controller Support,Free to Play;Early Access,Early Access;Free to Play;Anime,0,244,13,0,0,50000-100000,0.0,257,0.9494163424124512,244.0,5.501258210544727,5.552959584921617,0.0
856880,Fighting Fantasy Classics,2018-06-05,1,Tin Man Games,Tin Man Games,windows;mac,0,Single-player;Steam Achievements;In-App Purchases,Free to Play;Indie;RPG,Free to Play;RPG;Indie,71,58,26,0,0,20000-50000,0.0,84,0.6904761904761905,58.0,4.07753744390572,4.442651256490317,0.0
857410,Red Spider3: A Heroine Never Dies,2018-05-21,0,studio wasp,studio wasp,windows;mac,0,Single-player,Adventure,Adventure,0,2,0,0,0,20000-50000,0.0,2,1.0,2.0,1.0986122886681098,1.0986122886681098,0.0
858060,Idle Heist,2018-06-08,1,ChimpLabs,ChimpLabs,windows;mac;linux,0,Single-player;Steam Achievements;In-App Purchases;Steam Cloud;Stats,Action;Adventure;Casual;Free to Play;Indie;RPG;Strategy,Free to Play;Action;Multiplayer,19,57,163,9,9,50000-100000,0.0,220,0.2590909090909091,57.0,4.060443010546419,5.3981627015177525,2.302585092994046
858380,Expedia Cenote VR,2018-10-01,1,Jae Lake;Gloria Hsieh;Emily Gjertsson;Rachel Ye;Morgan Graham,Expedia,windows,0,Single-player,Adventure;Casual;Free to Play,Adventure;Free to Play;Casual,0,7,6,0,0,0-20000,0.0,13,0.5384615384615384,7.0,2.079441541679836,2.6390573296152584,0.0
859090,Turbo Tunnel,2018-06-01,1,Tall James Games,Tall James Games,windows,0,Single-player;Partial Controller Support,Free to Play;Indie;Racing,Free to Play;Racing;Indie,0,94,14,0,0,20000-50000,0.0,108,0.8703703703703703,94.0,4.553876891600541,4.691347882229144,0.0
859180,Monster Castle,2019-03-25,1,Lemix game,Lemix game,windows;mac,0,Multi-player;Cross-Platform Multiplayer;Steam Achievements;In-App Purchases,Casual;Free to Play;Simulation;Strategy,Free to Play;Casual;Strategy,42,11,13,0,0,0-20000,0.0,24,0.4583333333333333,11.0,2.4849066497880004,3.218875824868201,0.0
859220,Sweeper Zero,2018-08-23,1,Mengtu Technology Co. Ltd,Mengtu Technology Co. Ltd,windows,0,Single-player,Violent;Gore;Action;Adventure;Free to Play,Gore;Violent;Action,0,9,5,0,0,0-20000,0.0,14,0.6428571428571429,9.0,2.302585092994046,2.70805020110221,0.0
860330,Mutation Mayhem,2018-06-12,1,Amy Li;Mitchell Shannon;Morgan Wesemann;Stacie McLaury;Tim Arterbury;Trystan Jasperson,Baylor University Game Studios,windows,0,Multi-player;Local Multi-Player;Shared/Split Screen;Partial Controller Support,Action;Casual;Free to Play;Indie,Free to Play;Action;Indie,0,10,5,0,0,0-20000,0.0,15,0.6666666666666666,10.0,2.3978952727983707,2.772588722239781,0.0
860730,Skinscape,2018-06-09,1,Ian Truelove,Ian Truelove,windows,0,Single-player,Free to Play;Indie,Free to Play;Indie;VR,0,3,3,0,0,20000-50000,0.0,6,0.5,3.0,1.3862943611198906,1.9459101490553128,0.0
861050,DemonsAreCrazy,2018-07-03,1,Bigbug Studio,Bigbug Studio,windows,0,Multi-player;Online Multi-Player;Co-op;Online Co-op;Partial Controller Support,Action;Adventure;Casual;Free to Play;Indie;RPG;Strategy;Early Access,Early Access;Free to Play;RPG,0,155,202,0,0,50000-100000,0.0,357,0.4341736694677871,155.0,5.049856007249537,5.8805329864007,0.0
861400,Nefertari: Journey to Eternity,2018-06-28,1,Experius VR,CuriosityStream,windows,0,Single-player,Simulation,Simulation;VR;Education,0,120,5,0,0,20000-50000,0.0,125,0.96,120.0,4.795790545596741,4.836281906951478,0.0
861920,Rocket Valley Tycoon,2018-06-01,1,Rocket Cola Studio,Rocket Cola Studio,windows,0,Single-player;Steam Trading Cards;In-App Purchases,Casual;Free to Play;Indie;Strategy,Free to Play;Casual;Strategy,0,71,36,49,49,20000-50000,0.0,107,0.6635514018691588,71.0,4.276666119016055,4.68213122712422,3.912023005428146
861930,Kidz,2018-07-26,1,Battleham,Taiwan Public Television Service Foundation,windows;mac,0,Single-player,Casual;Free to Play;Indie,Free to Play;Indie;Casual,16,184,24,0,0,20000-50000,0.0,208,0.8846153846153846,184.0,5.220355825078324,5.342334251964811,0.0
862160,Comet Crasher,2019-02-13,1,Mika Molenkamp,Mika Molenkamp,windows,0,Single-player;Steam Achievements;Full controller support;Steam Cloud;Stats;Steam Leaderboards,Action;Free to Play;Indie,Free to Play;Action;Indie,9,39,2,0,0,0-20000,0.0,41,0.951219512195122,39.0,3.688879454113936,3.737669618283368,0.0
862690,关于我被小学女生绑架这件事,2018-05-31,0,猫薄荷制作组,猫薄荷制作组,windows;mac;linux,0,Single-player;Steam Achievements;Full controller support;Steam Cloud,Adventure;Casual;Free to Play;Indie,Free to Play;Casual;Indie,6,1791,254,17,22,100000-200000,0.0,2045,0.8757946210268949,1791.0,7.491087593534876,7.6236419465115715,2.8903717578961645
863170,Muerte's Arena,2018-10-21,1,Rodrigo Reyes,Rodrigo Reyes,windows,0,Single-player,Action;Early Access,Early Access;Action;VR,0,1,0,0,0,0-20000,0.0,1,1.0,1.0,0.6931471805599453,0.6931471805599453,0.0
863210,Delta Horizon,2018-09-06,1,Skylar Pniewski,Troll Drool Interactive,windows,0,Online Multi-Player;Stats;Steam Leaderboards,Action;Indie;Strategy;Early Access,Early Access;Indie;Strategy,0,10,3,0,0,0-20000,0.0,13,0.7692307692307693,10.0,2.3978952727983707,2.6390573296152584,0.0
863560,Slime CCG,2018-07-12,1,Kody Stone,Sedoc LLC,windows,0,Single-player,Free to Play,Free to Play;Strategy;Card Game,1,27,48,0,0,20000-50000,0.0,75,0.36,27.0,3.332204510175204,4.330733340286331,0.0
863730,Artillery Cats,2018-06-19,1,Christopher Wagner,Christopher Wagner,windows,0,Online Multi-Player,Casual;Free to Play,Free to Play;Casual,0,32,7,0,0,0-20000,0.0,39,0.8205128205128205,32.0,3.49650756146648,3.688879454113936,0.0
864920,Tap Cats: Battle Arena,2018-12-21,1,Classy Yak Game Studio,Screenzilla,windows;mac,0,Single-player;Multi-player;Online Multi-Player;Cross-Platform Multiplayer;In-App Purchases,Casual;Free to Play;Indie;RPG;Strategy;Early Access,Early Access;Free to Play;Strategy,0,16,9,4,4,0-20000,0.0,25,0.64,16.0,2.833213344056216,3.258096538021482,1.6094379124341005
865200,DiveReal,2018-06-18,1,exaQuark,exaQuark,windows,0,Single-player;Multi-player;Online Multi-Player;MMO;Co-op;Online Co-op;Cross-Platform Multiplayer;Partial Controller Support,Casual;Massively Multiplayer;Early Access,Early Access;Massively Multiplayer;Casual,4,8,5,0,0,0-20000,0.0,13,0.6153846153846154,8.0,2.19722457733622,2.6390573296152584,0.0
865880,天岚行 - Through the Mist and Sky,2018-06-06,0,FHNBHJ,FHNBHJ,windows,0,Single-player;Steam Achievements,Adventure;Free to Play;Indie;RPG,Free to Play;Indie;RPG,14,88,3,0,0,20000-50000,0.0,91,0.967032967032967,88.0,4.48863636973214,4.5217885770490405,0.0
866040,kicker,2018-06-13,0,ZREALITY GmbH,Olympia Verlag GmbH,windows,0,Single-player,Casual;Sports,Casual;Sports;VR Only,0,2,1,0,0,0-20000,0.0,3,0.6666666666666666,2.0,1.0986122886681098,1.3862943611198906,0.0
866440,What Never Was,2019-01-11,1,Acke Hallgren,Acke Hallgren,windows;mac;linux,0,Single-player;Steam Achievements;Partial Controller Support,Adventure;Casual;Free to Play;Indie,Free to Play;Adventure;Puzzle,6,1824,78,0,0,100000-200000,0.0,1902,0.9589905362776026,1824.0,7.509335266016592,7.551186867296149,0.0
866540,VR Flush,2018-06-20,1,Brudingo Team,Brudingo Team,windows,0,Single-player;Steam Achievements,Adventure;Free to Play;Indie;RPG,Free to Play;Adventure;Indie,5,282,16,0,0,50000-100000,0.0,298,0.9463087248322148,282.0,5.645446897643238,5.700443573390687,0.0
866950,Deep Noise,2018-07-12,1,OnPluto,OnPluto,windows,0,Single-player;Steam Achievements,Casual;Indie,Indie;Casual,1,3,0,0,0,0-20000,0.0,3,1.0,3.0,1.3862943611198906,1.3862943611198906,0.0
866960,Slime Kingdom,2018-06-14,1,Po-Jui Huang,Po-Jui Huang,windows,0,Single-player,Adventure;Casual;Indie;RPG;Early Access,Early Access;Indie;Casual,0,5,2,0,0,0-20000,0.0,7,0.7142857142857143,5.0,1.791759469228055,2.079441541679836,0.0
867090,つんつんVR / TSUN-TSUN VR,2018-08-01,0,IVR,IVR,windows,0,Single-player;Steam Workshop,Casual;Simulation;Early Access,Early Access;Casual;Simulation,0,8,7,0,0,0-20000,0.0,15,0.5333333333333333,8.0,2.19722457733622,2.772588722239781,0.0
867390,Chase,2018-08-17,1,Acrylec Studios,Acrylec Studios,windows,0,Single-player;Multi-player;Online Multi-Player;Local Multi-Player;Co-op;Online Co-op;Local Co-op;Shared/Split Screen;Steam Achievements;Full controller support,Action;Casual,Action;Casual;4 Player Local,20,5,1,0,0,0-20000,0.0,6,0.8333333333333334,5.0,1.791759469228055,1.9459101490553128,0.0
867420,Andor - the Cards of Wonder,2018-09-26,1,Good Game Co.Ltd,Good Game Co.Ltd,windows,0,Single-player;Multi-player;Online Multi-Player;Cross-Platform Multiplayer;Steam Achievements,Adventure;Casual;Indie;Massively Multiplayer;Strategy;Early Access,Early Access;Strategy;Card Game,36,52,9,0,0,0-20000,0.0,61,0.8524590163934426,52.0,3.970291913552122,4.127134385045092,0.0
867750,Gull Kebap VR,2018-06-13,1,wosabi,wosabi,windows,0,Single-player,Action;Simulation;Sports,Action;Simulation;Sports,0,2,0,0,0,0-20000,0.0,2,1.0,2.0,1.0986122886681098,1.0986122886681098,0.0
868070,Through The Tomb,2018-06-15,1,Trey Sherman;Jonathan Hall;Dean Cruz;Zachary ZumTobel;David Burns,Pyramid Peak,windows,0,Single-player,Action;Adventure;Casual;Indie,Action;Indie;Adventure,0,10,1,0,0,0-20000,0.0,11,0.9090909090909092,10.0,2.3978952727983707,2.4849066497880004,0.0
868080,Golf Galore,2018-07-12,1,TuneTheDev,TuneTheDev,windows;mac,0,Single-player;Online Multi-Player;Cross-Platform Multiplayer;Steam Achievements,Casual;Indie;Sports;Early Access,Early Access;Casual;Sports,20,66,16,0,0,0-20000,0.0,82,0.8048780487804879,66.0,4.204692619390966,4.418840607796598,0.0
868090,Battle Summoners VR Basic,2018-06-22,1,VoleR Creative,VoleR Creative,windows,0,Single-player;Online Multi-Player;Local Multi-Player;Stats,Action;Free to Play;Indie;Simulation;Strategy,Free to Play;Strategy;Action,0,17,5,0,0,20000-50000,0.0,22,0.7727272727272727,17.0,2.8903717578961645,3.1354942159291497,0.0
868100,小游戏世界(中国版),2018-07-26,0,Allosaurus,Allosaurus,windows,0,Multi-player;Online Multi-Player,Action;Casual;Massively Multiplayer,Action;Massively Multiplayer;Casual,0,18,21,0,0,0-20000,0.0,39,0.4615384615384615,18.0,2.9444389791664403,3.688879454113936,0.0
868320,噬元之主,2018-06-22,0,lovelin,lovelin,windows,18,Single-player,Sexual Content;Nudity;Violent;Gore;Free to Play;RPG,Free to Play;Sexual Content;Nudity,0,31,21,0,0,0-20000,0.0,52,0.5961538461538461,31.0,3.4657359027997265,3.970291913552122,0.0
868810,EggFight,2019-03-21,1,NINE VR,NINE VR,windows,0,Multi-player;Online Multi-Player,Action;Casual;Indie;Early Access,Early Access;Action;Indie,0,3,2,0,0,0-20000,0.0,5,0.6,3.0,1.3862943611198906,1.791759469228055,0.0
868920,Pylow,2018-07-30,1,Codev Games,Codev Games,windows,0,Multi-player;Online Multi-Player,Action;Indie,Action;Indie;PvP,0,24,25,0,0,0-20000,0.0,49,0.4897959183673469,24.0,3.218875824868201,3.912023005428146,0.0
869760,Stoneshard: Prologue,2018-06-05,1,Ink Stains Games,HypeTrain Digital,windows;linux,0,Single-player;Steam Achievements,Adventure;Indie;RPG,RPG;Adventure;Free to Play,11,1515,175,58,101,200000-500000,0.0,1690,0.8964497041420119,1515.0,7.323830566202317,7.43307534889858,4.07753744390572
870800,Kilcount,2018-06-15,1,Beatrice,Beatrice,windows,0,Single-player;Steam Achievements,Casual;Indie;RPG,Indie;Casual;RPG,6,17,0,0,0,0-20000,0.0,17,1.0,17.0,2.8903717578961645,2.8903717578961645,0.0
870890,Museum of Symmetry,2018-08-09,1,National Film Board of Canada;Casa Rara,National Film Board of Canada,windows,0,Single-player,Adventure;Casual;Indie;Simulation,Adventure;Indie;Casual,0,35,0,0,0,0-20000,0.0,35,1.0,35.0,3.58351893845611,3.58351893845611,0.0
871100,Animyst,2018-07-02,1,Animyst Games,Animyst Games,windows;mac,0,Multi-player;Online Multi-Player;MMO;Online Co-op;Cross-Platform Multiplayer,Indie,Indie;Free to Play;PvP,0,39,5,0,0,0-20000,0.0,44,0.8863636363636364,39.0,3.688879454113936,3.80666248977032,0.0
871270,Wild West VR,2018-06-15,1,VironIT,VironIT,windows,0,Single-player,Action,Action;VR,0,7,4,0,0,0-20000,0.0,11,0.6363636363636364,7.0,2.079441541679836,2.4849066497880004,0.0
871550,Chicken Rider,2018-07-31,1,Red Dev Studio S.A.,Ultimate Games S.A.,windows;mac,0,Single-player;In-App Purchases,Action;Casual;Free to Play;Indie;Racing,Free to Play;Action;Indie,0,24,13,0,0,0-20000,0.0,37,0.6486486486486487,24.0,3.218875824868201,3.6375861597263857,0.0
871620,Volcano Eruption,2018-11-07,1,Lindero Edutainment,Lindero Edutainment,windows,0,Single-player,Simulation,Simulation;VR;VR Only,0,3,3,0,0,0-20000,0.0,6,0.5,3.0,1.3862943611198906,1.9459101490553128,0.0
871720,Ultimate Custom Night,2018-06-27,1,Scott Cawthon,Scott Cawthon,windows,0,Single-player,Action;Free to Play;Indie,Free to Play;Horror;Difficult,0,7723,429,128,80,500000-1000000,0.0,8152,0.9473748773307163,7723.0,8.952087643548404,9.006141236662911,4.859812404361672
872240,Nick Beard: The Fedora of Destiny,2018-07-08,1,Jerk Circle Media,Jerk Circle Media,windows,0,Single-player;Steam Achievements,Free to Play;Indie;RPG,Free to Play;RPG;Indie,10,158,23,0,0,20000-50000,0.0,181,0.8729281767955801,158.0,5.068904202220232,5.204006687076795,0.0
872440,rumii,2018-06-26,1,Doghead Simulations,Doghead Simulations,windows;mac,0,Online Multi-Player;Online Co-op;Cross-Platform Multiplayer,Simulation;Education;Software Training,Education;Simulation;Software Training,0,11,1,0,0,0-20000,0.0,12,0.9166666666666666,11.0,2.4849066497880004,2.5649493574615367,0.0
872600,创史者Hist Maker,2018-06-22,1,Duke Studio,Duke Studio,windows,0,Single-player,Casual;Free to Play;Indie;Strategy,Free to Play;Indie;Casual,0,30,5,0,0,0-20000,0.0,35,0.8571428571428571,30.0,3.4339872044851463,3.58351893845611,0.0
872700,Jet-Story 2018,2018-07-03,1,Miroslav Fídler,CYBEXLAB,windows,0,Single-player;Partial Controller Support,Action;Free to Play;Indie,Free to Play;Action;Indie,0,23,1,0,0,0-20000,0.0,24,0.9583333333333334,23.0,3.1780538303479458,3.218875824868201,0.0
872970,Azurael's Circle: Chapter 1,2018-09-03,1,Jordan Allen,Jordan Allen,windows,0,Single-player;Full controller support,Adventure;Free to Play;Indie,Free to Play;Indie;Adventure,0,64,8,0,0,0-20000,0.0,72,0.8888888888888888,64.0,4.174387269895637,4.290459441148391,0.0
873230,The King's Request: Physiology and Anatomy Revision Game,2018-06-24,1,Physiology with Dr Christian,Physiology with Dr Christian,windows;mac;linux,0,Single-player;Captions available,Adventure;Casual;Free to Play;RPG,Adventure;RPG;Free to Play,0,99,8,0,0,20000-50000,0.0,107,0.9252336448598132,99.0,4.605170185988092,4.68213122712422,0.0
873250,Crimson Light,2018-06-18,1,Crimson Lodge,Crimson Lodge,windows,0,Single-player,Indie;RPG,Indie;RPG;Female Protagonist,0,9,4,0,0,0-20000,0.0,13,0.6923076923076923,9.0,2.302585092994046,2.6390573296152584,0.0
873370,モデルDEファイト(Model DE Fight),2018-06-25,0,ASK.,ASK.,windows,0,Single-player;Full controller support,Action,Action;Fighting;2D Fighter,0,4,2,0,0,20000-50000,0.0,6,0.6666666666666666,4.0,1.6094379124341005,1.9459101490553128,0.0
873810,Cars Arena,2018-11-06,1,PixelPlex,PixelPlex,windows,0,Online Multi-Player,Action;Free to Play;Indie;Early Access,Early Access;Free to Play;Action,0,8,8,0,0,0-20000,0.0,16,0.5,8.0,2.19722457733622,2.833213344056216,0.0
873910,Rail World,2018-11-28,1,Independent Arts Software,upjers,windows,0,Single-player;In-App Purchases,Casual;Free to Play;Simulation;Strategy,Free to Play;Casual;Strategy,0,13,27,0,0,20000-50000,0.0,40,0.325,13.0,2.6390573296152584,3.713572066704308,0.0
873960,Panic Room 2: Hide and Seek,2018-07-09,1,Nikita Online, Nikita Online,windows;mac,0,Single-player;Online Multi-Player;In-App Purchases,Casual;Free to Play,Free to Play;Casual;Hidden Object,0,20,30,0,0,20000-50000,0.0,50,0.4,20.0,3.044522437723423,3.9318256327243257,0.0
874030,To the Core,2018-07-23,1,NHTV Breda University of Applied Sciences,NHTV Breda University of Applied Sciences,windows,0,Single-player;Steam Achievements;Full controller support;Stats;Steam Leaderboards,Action;Adventure;Free to Play;Indie,Free to Play;Indie;Adventure,16,138,71,0,0,50000-100000,0.0,209,0.6602870813397129,138.0,4.934473933130692,5.3471075307174685,0.0
874240,MU Legend,2018-08-06,1,WEBZEN,WEBZEN,windows,0,Online Multi-Player;MMO;Co-op;Online Co-op;Steam Trading Cards;In-App Purchases,Action;Adventure;Free to Play;Massively Multiplayer;RPG,Free to Play;Hack and Slash;MMORPG,0,885,1050,129,178,200000-500000,0.0,1935,0.4573643410852713,885.0,6.786716950605081,7.568379267836522,4.867534450455582
874400,Dinosaur Hunt Puzzle,2018-06-13,1,Racing Bros,ANPA.US,windows;mac;linux,0,Single-player;Steam Achievements;Steam Workshop;Steam Leaderboards,Casual;Free to Play;Indie,Free to Play;Indie;Casual,4987,76,27,0,0,0-20000,0.0,103,0.7378640776699029,76.0,4.343805421853684,4.6443908991413725,0.0
874650,XXX Puzzle,2018-06-15,1,L. Stotch,L. Stotch,windows,0,Single-player;Steam Achievements;Steam Cloud,Sexual Content;Nudity;Casual;Free to Play;Indie,Sexual Content;Nudity;Free to Play,308,199,117,0,0,20000-50000,0.0,316,0.629746835443038,199.0,5.298317366548036,5.75890177387728,0.0
874690,Maze And Dagger,2018-06-19,1,Endwise;HatFeather,Endwise;HatFeather,windows;mac;linux,0,Single-player;Partial Controller Support;Steam Leaderboards,Action;Casual;Indie;Early Access,Early Access;Action;Indie,0,8,3,0,0,0-20000,0.0,11,0.7272727272727273,8.0,2.19722457733622,2.4849066497880004,0.0
874760,GIPHY World VR,2018-08-30,1,Planeta;GIPHY Inc.,GIPHY Inc.,windows,0,Single-player;Captions available,Casual;Indie;Simulation;Animation & Modeling;Design & Illustration,Casual;Animation & Modeling;Design & Illustration,0,9,1,0,0,0-20000,0.0,10,0.9,9.0,2.302585092994046,2.3978952727983707,0.0
874870,NextVR - Live Sports and Entertainment in Virtual Reality,2019-02-22,1,NextVR,NextVR,windows,0,Full controller support,Utilities,Utilities;VR Only,0,9,6,0,0,0-20000,0.0,15,0.6,9.0,2.302585092994046,2.772588722239781,0.0
874880,Hat Hunters,2018-06-30,1,Nicholas Ingulfsen,Beastereggs,windows;mac;linux,0,Multi-player;Local Multi-Player;Shared/Split Screen;Full controller support,Action;Casual;Free to Play;Indie;Strategy,Free to Play;Strategy;Action,0,6,5,0,0,0-20000,0.0,11,0.5454545454545454,6.0,1.9459101490553128,2.4849066497880004,0.0
875300,De Fobos y Deimos,2018-07-06,0,Alex_redmiau,Alex_redmiau,windows;mac,0,Single-player;Full controller support,Free to Play;Indie;RPG,Free to Play;RPG;Indie,0,31,1,0,0,0-20000,0.0,32,0.96875,31.0,3.4657359027997265,3.49650756146648,0.0
875480,Somnium Space,2018-09-27,1,Somnium Space Ltd.,Somnium Space Ltd.,windows;mac,0,Single-player;Multi-player;Online Multi-Player;MMO;Online Co-op;Cross-Platform Multiplayer,Free to Play;Indie;Massively Multiplayer;Early Access,Early Access;Free to Play;Indie,0,28,6,0,0,20000-50000,0.0,34,0.8235294117647058,28.0,3.367295829986474,3.555348061489413,0.0
875710,BRANE™: Prototype,2018-07-01,1,John Wanot,,windows;linux,0,Single-player,Casual;Indie,Indie;Casual,0,5,1,0,0,0-20000,0.0,6,0.8333333333333334,5.0,1.791759469228055,1.9459101490553128,0.0
875740,Scorch,2018-08-15,1,Ellie's Lunchbox,Ellie's Lunchbox,windows,0,Single-player,Casual;Free to Play;Indie,Free to Play;Indie;Casual,0,182,37,0,0,50000-100000,0.0,219,0.8310502283105022,182.0,5.209486152841421,5.393627546352362,0.0
876110,Envoy of Nezphere,2018-07-17,1,Kailang Fu,Nezphere,windows,0,Single-player,Action;Free to Play;Indie,Free to Play;Action;Indie,0,9,10,0,0,20000-50000,0.0,19,0.4736842105263157,9.0,2.302585092994046,2.995732273553991,0.0
876160,Occupy White Walls,2018-11-14,1,StikiPixels,StikiPixels,windows,0,Online Multi-Player;MMO;Online Co-op,Casual;Free to Play;Indie;Massively Multiplayer;Simulation;Early Access,Early Access;Simulation;Sandbox,0,299,30,0,0,20000-50000,0.0,329,0.9088145896656536,299.0,5.703782474656201,5.799092654460526,0.0
876330,Revelation Online,2018-08-07,1,Netease Games,My.com,windows,0,Multi-player;Online Multi-Player;MMO;In-App Purchases,Free to Play;Massively Multiplayer;RPG,Free to Play;RPG;MMORPG,0,169,171,686,686,100000-200000,0.0,340,0.4970588235294118,169.0,5.135798437050262,5.831882477283517,6.532334292222349
876340,VR Slots 3D,2018-08-30,1,Belka VR,Belka VR,windows,18,Single-player,Casual;Free to Play;Indie;Early Access,Early Access;Free to Play;Casual,0,10,2,0,0,0-20000,0.0,12,0.8333333333333334,10.0,2.3978952727983707,2.5649493574615367,0.0
876470,Tentlan,2018-07-10,1,Lionmoon UG,Lionmoon UG,windows,0,Single-player;Multi-player;Online Multi-Player;MMO;Cross-Platform Multiplayer;In-App Purchases,Free to Play;Strategy,Free to Play;Strategy;City Builder,0,35,46,0,0,20000-50000,0.0,81,0.4320987654320987,35.0,3.58351893845611,4.406719247264253,0.0
876900,Climb,2018-06-20,1,A Sweet Studio,A Sweet Studio,windows,0,Online Multi-Player;Partial Controller Support,Action;Free to Play;Indie;Early Access,Early Access;Free to Play;Action,0,210,82,0,0,50000-100000,0.0,292,0.7191780821917808,210.0,5.351858133476067,5.680172609017068,0.0
877460,Welcome To... Chichester 0 - Preview,2018-06-30,1,Triority,Triority,windows;linux,0,Single-player,Adventure;Casual;Free to Play;Indie,Free to Play;Adventure;Indie,0,11,9,0,0,0-20000,0.0,20,0.55,11.0,2.4849066497880004,3.044522437723423,0.0
877910,Time Drifter,2018-07-29,1,Lonely Boy Studio Inc.,Lonely Boy Studio Inc.,windows,0,Single-player,Action;Adventure;Casual;Free to Play;Indie,Free to Play;Action;Indie,0,68,16,0,0,0-20000,0.0,84,0.8095238095238095,68.0,4.23410650459726,4.442651256490317,0.0
878110,Fuel Renegades,2018-07-31,1,ESAT;Modular Souls,ESAT,windows,0,Single-player;Multi-player;Online Multi-Player;Shared/Split Screen;Full controller support,Racing;Early Access,Early Access;Racing,0,54,10,0,0,0-20000,0.0,64,0.84375,54.0,4.007333185232471,4.174387269895637,0.0
878280,Distorted Illusions,2018-10-19,1,Goober Games,Goober Games,windows,0,Single-player;Steam Achievements;Steam Leaderboards,Casual;Indie,Indie;Casual;Free to Play,65,7,1,0,0,0-20000,0.0,8,0.875,7.0,2.079441541679836,2.19722457733622,0.0
878320,SIMULACRA: Pipe Dreams,2018-10-25,1,Kaigan Games OÜ,Kaigan Games OÜ,windows,0,Single-player,Adventure;Indie;Simulation,Adventure;Indie;Simulation,29,257,29,0,0,20000-50000,0.0,286,0.8986013986013986,257.0,5.552959584921617,5.659482215759621,0.0
878980,Welcome To The Dreamscape,2018-06-28,1,FYRE Games,FYRE Games,windows;mac,0,Single-player;Partial Controller Support,Action;Adventure;Indie,Action;Adventure;Indie,12,4,0,0,0,0-20000,0.0,4,1.0,4.0,1.6094379124341005,1.6094379124341005,0.0
879030,Egg Teacher VR,2018-10-04,1,Brighter3D Software Development Ltd.,Brighter3D Software Development Ltd.,windows,0,Single-player,Casual;Free to Play;Indie;Simulation;Early Access,Early Access;Free to Play;Indie,0,3,3,0,0,0-20000,0.0,6,0.5,3.0,1.3862943611198906,1.9459101490553128,0.0
879160,Battlerite Royale,2019-02-19,1,Stunlock Studios,Stunlock Studios,windows,0,Single-player;Multi-player;Online Multi-Player;In-App Purchases,Action;Free to Play;Massively Multiplayer,Battle Royale;Free to Play;Multiplayer,0,2839,1725,639,812,200000-500000,0.0,4564,0.6220420683610868,2839.0,7.951559331155252,8.426173793029069,6.461468176353717
879250,Dot to Dot Puzzles,2018-07-09,1,Online OciGrup SL,Online OciGrup SL,windows,0,Single-player;Steam Achievements;Steam Cloud;Steam Leaderboards,Casual;Free to Play;Indie,Free to Play;Indie;Casual,33,62,22,0,0,20000-50000,0.0,84,0.7380952380952381,62.0,4.143134726391533,4.442651256490317,0.0
879410,Let's Go There And Wander Nowhere,2018-07-05,1,Polychroma Games,Polychroma Games,windows;mac;linux,0,Single-player;Steam Achievements,Indie,Indie,4,18,13,0,0,0-20000,0.0,31,0.5806451612903226,18.0,2.9444389791664403,3.4657359027997265,0.0
879650,Stick Arena,2018-07-24,1,XGen Studios,XGen Studios,windows,0,Multi-player;Online Multi-Player;In-App Purchases,Action;Free to Play;Indie,Multiplayer;Top-Down;Free to Play,0,34,18,0,0,20000-50000,0.0,52,0.6538461538461539,34.0,3.555348061489413,3.970291913552122,0.0
880270,GeoGebra Mixed Reality,2018-10-12,1,"International GeoGebra Institute, IGI","International GeoGebra Institute, IGI",windows,0,Single-player,Simulation,Simulation;VR,0,4,1,0,0,0-20000,0.0,5,0.8,4.0,1.6094379124341005,1.791759469228055,0.0
880850,War Rock,2019-02-06,1,Dream Execution,Papaya Play,windows,0,Online Multi-Player;Online Co-op;In-App Purchases,Action;Casual;Free to Play;Massively Multiplayer,Free to Play;Action;Massively Multiplayer,0,137,178,0,0,100000-200000,0.0,315,0.4349206349206349,137.0,4.927253685157205,5.755742213586912,0.0
881300,Arboreal,2018-07-16,1,Team Nomad,Nomad Studios,windows,0,Single-player;Full controller support,Adventure;Casual;Indie;Early Access,Early Access;Adventure;Indie,0,17,4,0,0,0-20000,0.0,21,0.8095238095238095,17.0,2.8903717578961645,3.091042453358316,0.0
881490,Tower Keepers,2018-11-11,1,Ninja Kiwi,Ninja Kiwi,windows,0,Single-player;Multi-player;Online Multi-Player;Cross-Platform Multiplayer;In-App Purchases,RPG,RPG;Free to Play;Multiplayer,0,42,23,0,0,0-20000,0.0,65,0.6461538461538462,42.0,3.7612001156935615,4.189654742026425,0.0
882110,Google Spotlight Stories: Age of Sail,2018-11-13,1,Google Inc.,Google Inc.,windows,0,Single-player,Adventure;Free to Play,Free to Play;Adventure;VR,0,148,1,0,0,20000-50000,0.0,149,0.9932885906040269,148.0,5.003946305945459,5.010635294096256,0.0
882220,Mecha-Tokyo Rush,2018-07-13,1,Giant Evil Robot,Giant Evil Robot,windows,0,Single-player;Full controller support,Action;Free to Play;Indie,Free to Play;Action;Indie,0,51,14,0,0,0-20000,0.0,65,0.7846153846153846,51.0,3.951243718581428,4.189654742026425,0.0
882410,Age of Fear: The Free World,2019-01-18,1,Leslaw Sliwko,Age of Fear,windows;mac;linux,0,Single-player;Steam Cloud,Adventure;Free to Play;Indie;RPG;Strategy,Strategy;RPG;Indie,25,118,19,0,0,20000-50000,0.0,137,0.8613138686131386,118.0,4.77912349311153,4.927253685157205,0.0
883860,Cadria Item Shop,2018-08-23,1,Orange Cat Studio,BEST KIRIN GLOBAL LIMITED,windows,0,Single-player;Online Multi-Player;Steam Achievements;Steam Trading Cards;In-App Purchases,Casual;Free to Play;Indie;RPG;Simulation,Free to Play;Casual;Simulation,48,269,101,0,0,50000-100000,0.0,370,0.727027027027027,269.0,5.598421958998375,5.916202062607435,0.0
884160,HyperZen Training,2018-07-16,1,Guillaume Thiolliere,Guillaume Thiolliere,windows;linux,0,Single-player;Includes level editor,Action;Indie,Action;Indie,0,3,0,0,0,0-20000,0.0,3,1.0,3.0,1.3862943611198906,1.3862943611198906,0.0
884350,The Unfolding Engine: Paint a Game,2018-12-03,1,64k;BARCHboi,64k,windows,0,Single-player;Steam Workshop;Partial Controller Support;Includes level editor;Commentary available,Action;Free to Play;Indie;RPG;Early Access,Early Access;Free to Play;RPG,0,13,1,0,0,0-20000,0.0,14,0.9285714285714286,13.0,2.6390573296152584,2.70805020110221,0.0
884550,Mist of the Dark,2018-08-18,1,"Visualistic Studios, LLC.","Visualistic Studios, LLC. ",windows,0,Online Multi-Player,Violent;Gore;Action;Free to Play;Indie;Early Access,Early Access;Horror;Free to Play,0,36,48,0,0,20000-50000,0.0,84,0.4285714285714285,36.0,3.610917912644224,4.442651256490317,0.0
884660,Cuisine Royale,2018-06-15,1,Darkflow Software,Gaijin Distribution KFT,windows,0,Multi-player;Online Multi-Player,Action;Free to Play;Massively Multiplayer;Early Access,Early Access;Free to Play;Battle Royale,13,9657,2964,130,54,1000000-2000000,0.0,12621,0.765153315902068,9657.0,9.175541866433488,9.443196602144186,4.875197323201151
884830,Football Manager 2019: The Hashtag United Challenge,2018-12-21,1,Sports Interactive,SEGA,windows;mac,0,Single-player,Simulation;Sports,Sports;Simulation,0,13,7,0,0,0-20000,0.0,20,0.65,13.0,2.6390573296152584,3.044522437723423,0.0
885030,Platform Builder,2018-08-31,1,TingThing,TingThing,windows,0,Single-player;Co-op;Shared/Split Screen;Partial Controller Support,Adventure;Indie,Indie;Adventure;Platformer,0,12,1,0,0,0-20000,0.0,13,0.9230769230769232,12.0,2.5649493574615367,2.6390573296152584,0.0
885470,Wired,2018-07-23,1,University of Cambridge Engineering Department,University of Cambridge Engineering Department,windows;mac,0,Single-player,Indie,Indie;Education;Puzzle-Platformer,0,21,0,0,0,0-20000,0.0,21,1.0,21.0,3.091042453358316,3.091042453358316,0.0
885590,Time,2018-09-13,1,David AE,David AE,windows,0,Single-player;Full controller support,Indie,Indie;VR;VR Only,0,9,7,0,0,0-20000,0.0,16,0.5625,9.0,2.302585092994046,2.833213344056216,0.0
885640,Lynne,2018-07-13,1,ebi-hime,ebi-hime,windows;mac;linux,0,Single-player;Steam Achievements,Free to Play;Indie;Simulation,Free to Play;Visual Novel;Horror,1,372,90,0,0,20000-50000,0.0,462,0.8051948051948052,372.0,5.921578419643816,6.137727054086234,0.0
885650,The Waters Above: Prelude,2018-06-27,1,Studio Élan,Sekai Project,windows;mac;linux,0,Single-player,Casual,Casual;Visual Novel;Anime,0,57,3,0,0,0-20000,0.0,60,0.95,57.0,4.060443010546419,4.110873864173311,0.0
885690,Liminal,2018-07-23,1,Suspicious Box,Suspicious Box,windows,0,Single-player;Steam Achievements,Adventure;Indie;Early Access,Early Access;Puzzle;Adventure,14,19,6,0,0,0-20000,0.0,25,0.76,19.0,2.995732273553991,3.258096538021482,0.0
885730,Aerial Guardian,2018-07-23,1,Maddnuss Games,Matthew Nuss,windows,0,Single-player;Online Multi-Player,Action;Free to Play;Indie;Strategy;Early Access,Early Access;Free to Play;Strategy,0,8,35,0,0,20000-50000,0.0,43,0.1860465116279069,8.0,2.19722457733622,3.784189633918261,0.0
886250,PokerStars VR,2018-11-08,1,Lucky VR Inc.,The Stars Group Inc. ,windows,0,Online Multi-Player,Casual;Free to Play;Strategy;Early Access,Early Access;Free to Play;Casual,0,308,37,0,0,50000-100000,0.0,345,0.8927536231884058,308.0,5.733341276897746,5.846438775057725,0.0
886270,Yeli Orog,2018-07-13,1,Yeli Orog,Yeli Orog,windows,0,Single-player,Adventure;Indie,Adventure;Indie;Horror,0,14,8,0,0,0-20000,0.0,22,0.6363636363636364,14.0,2.70805020110221,3.1354942159291497,0.0
886460,Outside the Lines,2018-07-14,1,DecadeDecaf,DecadeDecaf,windows,0,Single-player;Local Multi-Player;Local Co-op;Shared/Split Screen;Steam Achievements;Full controller support,Action;Casual;Free to Play;Indie,Free to Play;Indie;Casual,4,115,20,0,0,20000-50000,0.0,135,0.8518518518518519,115.0,4.7535901911063645,4.912654885736052,0.0
887520,Seat of War,2018-08-24,1,Halfbolt Studios,Halfbolt Studios,windows,0,Online Multi-Player,Action,Action,0,10,6,0,0,0-20000,0.0,16,0.625,10.0,2.3978952727983707,2.833213344056216,0.0
887740,老虎游戏,2018-11-20,0,上海信虎文化传播有限公司,上海信虎文化传播有限公司,windows,0,Single-player;Multi-player;Online Multi-Player,Casual;Free to Play;Indie;RPG;Simulation;Strategy,Free to Play;Strategy;Indie,0,2,10,0,0,0-20000,0.0,12,0.1666666666666666,2.0,1.0986122886681098,2.5649493574615367,0.0
888070,Railroad Tracks,2018-09-14,1,socah development,socah,windows,0,Single-player,Adventure;Free to Play;Indie;RPG,Free to Play;Adventure;Indie,0,17,11,0,0,0-20000,0.0,28,0.6071428571428571,17.0,2.8903717578961645,3.367295829986474,0.0
888090,TREE,2018-08-13,1,The Strangers,The Strangers,windows,0,Single-player;Steam Achievements,Casual;Free to Play;Indie,Free to Play;Indie;Casual,3,1119,69,0,0,50000-100000,0.0,1188,0.941919191919192,1119.0,7.02108396428914,7.080867896690782,0.0
888670,Notified,2018-08-31,1,Stellar Oasis,Stellar Oasis,windows,0,Single-player;Steam Achievements;Full controller support,Action;Casual;Free to Play;Indie,Free to Play;Action;Indie,12,5,6,0,0,0-20000,0.0,11,0.4545454545454545,5.0,1.791759469228055,2.4849066497880004,0.0
888800,S.F.77,2018-09-13,1,mkaatr,mkaatr,windows,0,Single-player;Steam Achievements;Full controller support,Free to Play,Free to Play;Indie;Space,10,13,6,0,0,0-20000,0.0,19,0.6842105263157895,13.0,2.6390573296152584,2.995732273553991,0.0
889210,Two Wars - Part 1,2018-07-09,1,Triority,Triority,windows,0,Single-player,Violent,Violent,0,4,2,0,0,0-20000,0.0,6,0.6666666666666666,4.0,1.6094379124341005,1.9459101490553128,0.0
889220,A Stickman Reality,2018-10-07,1,ImproVive,ImproVive,windows,0,Single-player,Casual;Free to Play;Indie,Free to Play;Casual;Indie,0,24,3,0,0,20000-50000,0.0,27,0.8888888888888888,24.0,3.218875824868201,3.332204510175204,0.0
889240,Loot Box Simulator,2018-07-27,1,Clickbait Studios,Clickbait Studios,windows,0,Single-player;Steam Cloud,Simulation,Simulation,0,25,4,0,0,0-20000,0.0,29,0.8620689655172413,25.0,3.258096538021482,3.4011973816621555,0.0
889320,The Plant,2018-07-23,0,Aventy's team,Aventy's team,windows,0,Single-player,Casual;Indie;Early Access,Early Access;Indie;Casual,0,26,3,0,0,0-20000,0.0,29,0.896551724137931,26.0,3.295836866004329,3.4011973816621555,0.0
889530,Sharp,2018-09-01,1,TiredOfCoding;PerfectHumanInterface, ,windows,0,Single-player;Steam Achievements;Steam Cloud;Includes level editor,Action;Indie,Action;Indie;Free to Play,2,7,1,0,0,0-20000,0.0,8,0.875,7.0,2.079441541679836,2.19722457733622,0.0
889730,Downtown Mafia: Gang Wars,2018-07-25,1,DYNAMICNEXT,DYNAMICNEXT,windows;mac;linux,0,Single-player;Online Multi-Player;MMO;Cross-Platform Multiplayer;In-App Purchases,Casual;Free to Play;Indie;Massively Multiplayer;RPG;Strategy,Free to Play;Massively Multiplayer;Strategy,0,44,25,0,0,20000-50000,0.0,69,0.6376811594202898,43.99999999999999,3.80666248977032,4.248495242049359,0.0
889740,The Oni Sellsword,2018-08-07,1,Eric Baskin,Eric Baskin,windows,0,Single-player;Partial Controller Support,Free to Play;Indie;RPG,Free to Play;Indie;RPG,0,44,3,0,0,0-20000,0.0,47,0.9361702127659576,44.0,3.80666248977032,3.871201010907891,0.0
890070,秋色的記憶(體驗版) / Fall...in Love (Demo),2018-07-26,1,藍茶高校 Blue Tea College,藍茶高校 Blue Tea College,windows,0,Single-player,Adventure;Free to Play,Free to Play;Adventure;Visual Novel,0,78,3,0,0,0-20000,0.0,81,0.9629629629629628,78.0,4.3694478524670215,4.406719247264253,0.0
890110,Deicide,2019-03-09,1,Golden Epoch Media,Golden Epoch Media,windows,0,Online Multi-Player,Action;Free to Play;Indie;Early Access,Early Access;Free to Play;Action,0,20,9,0,0,0-20000,0.0,29,0.6896551724137931,20.0,3.044522437723423,3.4011973816621555,0.0
890300,Kitrinos: Inside the Cube,2018-07-16,1,Simon Says: Play!;Yazorius,Simon Says: Play!,windows,0,Single-player,Adventure;Free to Play;Indie,Free to Play;Adventure;Indie,10,22,3,0,0,0-20000,0.0,25,0.88,22.0,3.1354942159291497,3.258096538021482,0.0
890400,Uncharted Waters Online,2018-12-19,1,"KOEI TECMO GAMES CO., LTD.",Papaya Play ,windows,0,Online Multi-Player;MMO;Online Co-op;In-App Purchases,Adventure;Free to Play;Massively Multiplayer;RPG;Strategy,Massively Multiplayer;RPG;Free to Play,0,71,44,0,0,20000-50000,0.0,115,0.6173913043478261,71.0,4.276666119016055,4.7535901911063645,0.0
890820,Valor Time,2018-11-14,1,ObjectOnIT,ObjectOnIT,windows,0,Multi-player;Online Multi-Player;MMO;Online Co-op;In-App Purchases,Action;Free to Play;Massively Multiplayer;RPG,Free to Play;RPG;Massively Multiplayer,0,40,55,0,0,20000-50000,0.0,95,0.4210526315789473,40.0,3.713572066704308,4.564348191467836,0.0
890880,FROSTBITE: Deadly Climate,2018-07-22,1,Alex Olinkiewicz,Alex Olinkiewicz,windows,0,Single-player;Steam Achievements,Violent;Action;Adventure;Indie,Action;Adventure;Violent,10,223,34,0,0,50000-100000,0.0,257,0.867704280155642,223.0,5.41164605185504,5.552959584921617,0.0
890920,Glitch,2018-07-18,1,Ekrcoaster,Ekrcoaster,windows,0,Single-player,Adventure;Casual;Free to Play;Indie;Strategy,Free to Play;Horror;Indie,10,152,150,0,0,50000-100000,0.0,302,0.5033112582781457,152.0,5.030437921392435,5.713732805509369,0.0
890930,Whiskered Away,2018-07-12,1,2cute,The Crimson Nights Team,windows,0,Multi-player;Local Multi-Player;Shared/Split Screen;Partial Controller Support,Action;Casual;Free to Play;Indie,Free to Play;Casual;Action,0,5,4,0,0,0-20000,0.0,9,0.5555555555555556,5.0,1.791759469228055,2.302585092994046,0.0
891130,SUPER FLAIL,2018-08-03,1,CryptMade,PsychoFlux Entertainment,windows,0,Single-player;Steam Achievements;Full controller support;Steam Leaderboards,Action;Casual;Free to Play;Indie,Casual;Action;Free to Play,24,88,6,0,0,0-20000,0.0,94,0.9361702127659576,88.0,4.48863636973214,4.553876891600541,0.0
891180,PINPIN BALLBALL,2018-11-01,1,KADOKAWA CORPORATION,AGM PLAYISM,windows,0,Single-player;Full controller support,Action,Action;Pinball;Free to Play,0,6,2,0,0,0-20000,0.0,8,0.75,6.0,1.9459101490553128,2.19722457733622,0.0
891190,CROSS X CARROT,2018-10-30,1,KADOKAWA CORPORATION,AGM PLAYISM,windows,0,Local Multi-Player;Shared/Split Screen;Full controller support,Action;Casual;Indie,Indie;Action;Casual,0,7,4,0,0,0-20000,0.0,11,0.6363636363636364,7.0,2.079441541679836,2.4849066497880004,0.0
891200,Bike Dash Excite!,2018-07-09,1,KADOKAWA CORPORATION,AGM PLAYISM,windows,0,Single-player,Action;Casual,Action;Casual;Free to Play,0,14,10,0,0,0-20000,0.0,24,0.5833333333333334,14.0,2.70805020110221,3.218875824868201,0.0
891220,pla_toon,2018-08-13,1,SoundAndFuryGames,SoundAndFuryGames,windows,0,Single-player;Multi-player;Online Multi-Player;Local Multi-Player,Action;Free to Play;Indie;Early Access,Early Access;Free to Play;Action,0,468,85,0,0,50000-100000,0.0,553,0.8462929475587704,468.0,6.150602768446279,6.317164686747284,0.0
891860,Riddles of the Owls Kingdom,2018-09-13,1,DigiMight,DigiMight,windows;mac,0,Single-player;In-App Purchases,Casual;Free to Play;Indie,Free to Play;Casual;Indie,15,40,14,0,0,20000-50000,0.0,54,0.7407407407407407,40.0,3.713572066704308,4.007333185232471,0.0
891950,Wagers of War,2018-08-08,1,Jumb-O-Fun Games Inc,Jumb-O-Fun Games Inc,windows,0,Multi-player;Online Multi-Player;Cross-Platform Multiplayer;In-App Purchases,Free to Play;Indie;Strategy,Free to Play;Strategy;Indie,0,34,23,0,0,20000-50000,0.0,57,0.5964912280701754,34.0,3.555348061489413,4.060443010546419,0.0
891960,WebbVR: The James Webb Space Telescope Virtual Experience,2018-10-31,1,Space Telescope Science Institute,Space Telescope Science Institute,windows,0,Single-player;Captions available,Casual;Free to Play;Simulation,Free to Play;Casual;Simulation,0,14,1,0,0,0-20000,0.0,15,0.9333333333333332,14.0,2.70805020110221,2.772588722239781,0.0
892170,ShapeSim - Construction Set,2018-08-06,1,ShapeSim,ShapeSim,windows,0,Single-player;Includes level editor,Free to Play;Simulation;Animation & Modeling;Design & Illustration;Game Development,Free to Play;Simulation;Design & Illustration,0,2,2,0,0,0-20000,0.0,4,0.5,2.0,1.0986122886681098,1.6094379124341005,0.0
892510,Slay Together,2019-01-31,1,Owl Tribe Entertainment,Owl Tribe Entertainment,windows,0,Single-player;Multi-player;Online Multi-Player;Co-op;Online Co-op;Steam Leaderboards,Action;Adventure;Casual;Free to Play;Early Access,Early Access;Free to Play;Action,0,125,35,0,0,0-20000,0.0,160,0.78125,125.0,4.836281906951478,5.081404364984463,0.0
892560,PaulPaul - Act 1,2018-07-25,1,Another Circus,Another Circus,windows,0,Single-player,Adventure;Free to Play;Indie,Free to Play;Adventure;Indie,0,24,1,0,0,0-20000,0.0,25,0.96,24.0,3.218875824868201,3.258096538021482,0.0
892630,Mojo: Hanako,2018-07-27,1,L. Stotch,L. Stotch,windows,0,Single-player;Steam Achievements;Full controller support;Steam Cloud,Casual;Free to Play;Indie;RPG,Nudity;Sexual Content;Free to Play,6,532,124,0,0,50000-100000,0.0,656,0.8109756097560976,532.0,6.278521424165844,6.48768401848461,0.0
892900,Emoto,2018-09-26,1,"Guangzhou little lamb Animation Technology Co., Ltd.","Guangzhou little lamb Animation Technology Co., Ltd.",windows,0,Steam Workshop;Includes Source SDK,Video Production,Video Production,0,2,3,0,0,0-20000,0.0,5,0.4,2.0,1.0986122886681098,1.791759469228055,0.0
892960,Dimension Of Gameth,2019-03-26,1,Gamegrustudio,Gamegrustudio,windows,0,Single-player;Online Multi-Player;In-App Purchases,Free to Play;Indie;Strategy,Free to Play;Indie;Strategy,0,4,1,0,0,0-20000,0.0,5,0.8,4.0,1.6094379124341005,1.791759469228055,0.0
893150,Fury Strike,2018-08-17,1,Fury Strike Team,Incendiary Entertainment Division,windows,0,Single-player;Multi-player;Local Multi-Player;Shared/Split Screen;Full controller support,Action;Free to Play,Action;Free to Play;Fighting,0,8,14,0,0,0-20000,0.0,22,0.3636363636363636,8.0,2.19722457733622,3.1354942159291497,0.0
893390,Meridian 59,2018-08-28,1,Archetype Interactive;Andrew and Christopher Kirmse,The 3DO Company;Near Death Studios,windows,0,MMO,Free to Play;Indie;Massively Multiplayer;RPG,Massively Multiplayer;RPG;Free to Play,0,92,14,0,0,20000-50000,0.0,106,0.8679245283018868,92.0,4.532599493153256,4.672828834461906,0.0
893490,Team A.R.G. Anthology,2018-07-30,1,Team A.R.G.;Blake W. Ford,Radical Piece,windows;linux,0,Single-player,Casual;Indie,Indie;Casual,0,2,0,0,0,0-20000,0.0,2,1.0,2.0,1.0986122886681098,1.0986122886681098,0.0
893520,Creative Destruction,2018-08-02,1,Titan Studio,Titan Studio,windows,0,Online Multi-Player;In-App Purchases,Action;Adventure;Casual;Massively Multiplayer,Battle Royale;Action;Free to Play,0,4323,1127,459,178,500000-1000000,0.0,5450,0.793211009174312,4323.0,8.371936178759098,8.603554357064281,6.131226489483141
893560,Spire of Sorcery – Character Generator / 角色生成器,2018-10-04,1,Alexey Bokulev;Sergei Klimov;Charlie Oscar Lima Tango Interactive Entertainment,The Merchant Guild of Rund (Limited),windows,0,Single-player,Indie;RPG,Indie;RPG;Singleplayer,0,20,5,0,0,0-20000,0.0,25,0.8,20.0,3.044522437723423,3.258096538021482,0.0
893570,Short Life,2018-11-14,1,gametornado,gametornado,windows,0,Single-player;In-App Purchases,Adventure;Indie;Simulation,Indie;Simulation;Adventure,0,13,9,0,0,0-20000,0.0,22,0.5909090909090909,13.0,2.6390573296152584,3.1354942159291497,0.0
893640,Dances with Butterflies VR,2019-04-18,1,Jonathan Robson;Matthew Hayter,Jonathan Robson,windows,0,Single-player,Casual;Free to Play;Simulation,Free to Play;Casual;Simulation,0,3,1,0,0,0-20000,0.0,4,0.75,3.0,1.3862943611198906,1.6094379124341005,0.0
893730,Viki Spotter: Camping,2018-07-18,1,For Kids,For Kids,windows;mac;linux,0,Single-player;Steam Achievements,Casual;Free to Play;Indie,Free to Play;Casual;Indie,25,121,4,0,0,50000-100000,0.0,125,0.968,121.0,4.804021044733257,4.836281906951478,0.0
894340,Beat the Song,2018-08-28,1,AAAGAMES,AAAGAMES,windows,0,Single-player;Steam Cloud;Stats;Steam Leaderboards;Includes level editor,Indie,Indie;Music;Rhythm,0,6,7,0,0,0-20000,0.0,13,0.4615384615384615,6.0,1.9459101490553128,2.6390573296152584,0.0
894380,Exoplanet,2018-07-25,1,Gregg Brzozowski,Gregg Brzozowski,windows,0,Single-player,Adventure;Casual;Free to Play;Simulation,Adventure;Free to Play;Casual,0,9,3,0,0,0-20000,0.0,12,0.75,9.0,2.302585092994046,2.5649493574615367,0.0
894830,Hanz Puppetguns,2018-08-15,1,DimleTeam,DimleTeam,windows,0,Multi-player;Online Multi-Player;Co-op;Online Co-op;In-App Purchases;Steam Cloud,Action;Free to Play;Indie;Massively Multiplayer,Free to Play;Massively Multiplayer;Action,0,54,29,0,0,20000-50000,0.0,83,0.6506024096385542,54.0,4.007333185232471,4.430816798843313,0.0
894920,ZKILLER,2018-07-25,1,Chainsaw Games,Chainsaw Games,windows,0,Single-player,Action;Free to Play;Indie;Early Access,Early Access;Indie;Action,0,12,8,0,0,0-20000,0.0,20,0.6,12.0,2.5649493574615367,3.044522437723423,0.0
895080,Warrecs,2018-07-31,1,Michael Amzovski,Michael Amzovski,windows,0,Multi-player;Online Multi-Player;MMO,Action;Free to Play;Indie;Massively Multiplayer;Strategy,Free to Play;Action;Massively Multiplayer,0,14,19,0,0,0-20000,0.0,33,0.4242424242424242,14.0,2.70805020110221,3.5263605246161616,0.0
895150,Endless Battle,2019-01-02,1,Netdragon Websoft Inc,Netdragon Websoft Inc,windows,0,Multi-player;Online Multi-Player;In-App Purchases,Action;Casual;Free to Play;Massively Multiplayer,Free to Play;Action;Massively Multiplayer,0,153,154,0,0,50000-100000,0.0,307,0.498371335504886,153.0,5.0369526024136295,5.730099782973574,0.0
895670,Armajet,2018-09-25,1,Super Bit Machine,Super Bit Machine,windows;mac,0,Online Multi-Player;Cross-Platform Multiplayer;In-App Purchases;Partial Controller Support,Action;Early Access,Early Access;Action;Violent,0,100,22,0,0,0-20000,0.0,122,0.819672131147541,100.0,4.61512051684126,4.812184355372417,0.0
896170,My Fox Sister|我的妖狐妹妹,2019-02-04,0,CCYY,CCYY,windows,0,Single-player;Steam Cloud,Adventure;Casual,Adventure;Casual;Visual Novel,0,17,2,0,0,0-20000,0.0,19,0.8947368421052632,17.0,2.8903717578961645,2.995732273553991,0.0
896590,MilMo,2018-08-02,1,Dohi Sweden AB,Dohi Sweden AB,windows;mac,0,MMO;Steam Achievements;In-App Purchases,Action;Adventure;Free to Play;Massively Multiplayer;RPG,Free to Play;Massively Multiplayer;RPG,96,177,55,0,0,50000-100000,0.0,232,0.7629310344827587,177.0,5.181783550292085,5.4510384535657,0.0
897290,Triggerun,2018-09-18,0,Vulcan,2axion,windows,0,Online Multi-Player;MMO;In-App Purchases,Action;Free to Play;Massively Multiplayer,Free to Play;Action;Massively Multiplayer,0,92,41,0,0,20000-50000,0.0,133,0.6917293233082706,92.0,4.532599493153256,4.897839799950911,0.0
897330,Coloring Pixels,2018-08-17,1,ToastieLabs,ToastieLabs,windows;mac,0,Single-player;Steam Achievements;Steam Cloud,Casual;Free to Play;Indie,Free to Play;Casual;Indie,303,1154,45,1541,1541,200000-500000,0.0,1199,0.962468723936614,1154.0,7.051855622955894,7.090076835776092,7.340835554123275
898080,everybody's sad,2019-02-05,1,Aubrey Isaacman;Jared Pettitt;Andrew Gwinner;Caleb Valdez;Evie Chang;Gangjun (Jun) Ha;Gio Benedetti;Liam Dugard;Maxwell Taylor;Nathaniel Kevin Suriawijaya;Noriaki Nakano;Raymond Reedy,puncta,windows,0,Single-player,Indie,Indie;Sexual Content;VR,0,37,5,0,0,0-20000,0.0,42,0.8809523809523809,37.0,3.6375861597263857,3.7612001156935615,0.0
898160,Hotel Remorse,2018-07-27,1,Charlie Behan;Raddy Peid,Charlie Behan,windows,0,Single-player,Violent;Action;Indie,Action;Indie;Violent,0,79,24,0,0,0-20000,0.0,103,0.7669902912621359,79.0,4.382026634673881,4.6443908991413725,0.0
898590,Margonem,2019-02-20,1,Garmory,Garmory,windows,0,Multi-player;Online Multi-Player;MMO;Online Co-op;In-App Purchases,Free to Play;Massively Multiplayer;RPG,Free to Play;Massively Multiplayer;RPG,0,49,42,0,0,20000-50000,0.0,91,0.5384615384615384,49.0,3.912023005428146,4.5217885770490405,0.0
898980,The Mine,2018-08-08,1,Ian;Megan;Maxen,M.I.M,windows,0,Single-player,Free to Play;Indie,Free to Play;Indie;Horror,1,58,30,0,0,0-20000,0.0,88,0.6590909090909091,58.0,4.07753744390572,4.48863636973214,0.0
899290,The night of fire stealing/盗火之夜,2018-08-15,1,HyacinthHeart,HyacinthHeart Studio,windows,0,Single-player,Adventure;Free to Play;Indie,Free to Play;Indie;Adventure,0,73,4,0,0,0-20000,0.0,77,0.948051948051948,73.0,4.30406509320417,4.356708826689592,0.0
899530,Cosmi-Cave 64,2018-08-07,1,Hands!,Hands!,windows,0,Single-player;Partial Controller Support,Action;Adventure;Casual;Free to Play;Indie,Free to Play;Indie;Casual,0,15,7,0,0,0-20000,0.0,22,0.6818181818181818,14.999999999999998,2.772588722239781,3.1354942159291497,0.0
899610,"So, uh... a spaceship crashed in my yard.",2018-08-06,1,Archive Entertainment,Archive Entertainment,windows,0,Single-player;Steam Achievements;Full controller support,Adventure;Free to Play;Indie,Free to Play;Indie;Adventure,5,151,6,0,0,0-20000,0.0,157,0.961783439490446,151.0,5.0238805208462765,5.062595033026967,0.0
899930,Spaceball!,2018-08-20,1,Intergalactic Education LLC,Intergalactic Education LLC,windows;mac,0,Single-player;Online Multi-Player;Online Co-op;Cross-Platform Multiplayer,Action;Free to Play;Indie;Sports;Early Access,Early Access;Free to Play;Action,0,92,37,0,0,20000-50000,0.0,129,0.7131782945736435,92.0,4.532599493153256,4.867534450455582,0.0
903730,AXIOM SOCCER,2019-04-11,1,Earthbound Games Ltd.,Earthbound Games Ltd.,windows,0,Single-player;Multi-player;Online Multi-Player;Local Multi-Player;Co-op;Online Co-op;Local Co-op;Shared/Split Screen;Partial Controller Support,Action;Casual;Free to Play;Indie;Racing;Sports;Early Access,Early Access;Sports;Action,0,96,42,0,0,50000-100000,0.0,138,0.6956521739130435,96.0,4.574710978503383,4.934473933130692,0.0
903760,BinaryBotsVR,2018-11-22,1,cbinfosystems,cbinfosystems,windows,0,Single-player,Adventure;Free to Play,Adventure;Free to Play;VR,0,3,4,0,0,0-20000,0.0,7,0.4285714285714285,3.0,1.3862943611198906,2.079441541679836,0.0
904300,KOPICS,2018-08-10,1,OCTET,OCTET,windows,0,Steam Achievements;Steam Workshop,Design & Illustration,Design & Illustration;Anime;Software,48,11,3,0,0,0-20000,0.0,14,0.7857142857142857,11.0,2.4849066497880004,2.70805020110221,0.0
904500,Grompula,2018-09-06,1,Evan Hecht,Evan Hecht,windows,0,Single-player,Action;Free to Play;Indie,Free to Play;Indie;Action,0,16,1,0,0,0-20000,0.0,17,0.9411764705882352,16.0,2.833213344056216,2.8903717578961645,0.0
904560,Flameruby,2018-08-12,1,Joon Chang;Simon Kaley,Merryacht,windows,0,Single-player;Multi-player;Local Multi-Player,Action;Free to Play;Indie,Free to Play;Action;Indie,0,2,3,0,0,0-20000,0.0,5,0.4,2.0,1.0986122886681098,1.791759469228055,0.0
904740,东方试闻广纪 ~ Perfect Memento of Touhou Question,2018-08-02,1,Bawu Team,Bawu Team,windows,0,Single-player,Casual;Indie,Casual;Indie;Faith,2,567,24,0,0,50000-100000,0.0,591,0.9593908629441624,567.0,6.342121418721152,6.3835066348840055,0.0
904800,Ambition,2018-09-06,1,Henry Dang;Leander Jeyasing;Ethan Johnson;Kevin Cheng,Henry Dang PRG,windows,0,Single-player,Free to Play;Indie;RPG,Free to Play;RPG;Indie,0,5,7,0,0,0-20000,0.0,12,0.4166666666666667,5.0,1.791759469228055,2.5649493574615367,0.0
904820,VR Jogger,2018-08-17,1,EnsenaSoft,EnsenaSoft,windows,0,Single-player,Casual;Simulation;Sports,Casual;Simulation;Sports,0,8,6,0,0,0-20000,0.0,14,0.5714285714285714,8.0,2.19722457733622,2.70805020110221,0.0
905180,Inevitable VR,2018-08-19,1,Davide Riccitiello,Mental Interactive;Doorsta,windows,0,Single-player,Action;Adventure;Free to Play;Simulation,Free to Play;Action;Adventure,0,2,3,0,0,0-20000,0.0,5,0.4,2.0,1.0986122886681098,1.791759469228055,0.0
905230,IQ Test,2018-09-14,1,Star Legion,Star Legion,windows,0,Single-player;Steam Achievements;In-App Purchases;Stats;Steam Leaderboards,Adventure;Casual;Free to Play;Indie;Simulation;Sports;Strategy,Free to Play;Indie;Casual,96,37,90,0,0,20000-50000,0.0,127,0.2913385826771653,37.0,3.6375861597263857,4.852030263919617,0.0
905460,Nutrients for Life,2018-09-14,1,MAMMOTH,MAMMOTH,windows,0,Single-player,Simulation,Simulation;VR;VR Only,0,3,0,0,0,0-20000,0.0,3,1.0,3.0,1.3862943611198906,1.3862943611198906,0.0
905640,Combat Arms: Reloaded,2018-10-31,1,VALOFE;NEXON,VALOFE,windows,0,Single-player;Multi-player;Online Multi-Player;In-App Purchases,Action;Free to Play;Massively Multiplayer;Simulation;Strategy,Free to Play;FPS;Action,0,422,431,0,0,200000-500000,0.0,853,0.4947245017584994,422.0,6.0473721790462776,6.74993119378857,0.0
905650,Dominus 2,2018-08-06,1,Superstruct,Superstruct,windows;mac;linux,0,Multi-player;Online Multi-Player,Free to Play;Strategy,Free to Play;Strategy;Multiplayer,0,33,15,0,0,0-20000,0.0,48,0.6875,33.0,3.5263605246161616,3.8918202981106265,0.0
906200,Tunche: Arena,2019-01-18,1,LEAP Game Studios,HypeTrain Digital,windows,0,Single-player;Co-op;Local Co-op;Steam Achievements;Full controller support,Action;Free to Play;Indie,Free to Play;Action;Indie,24,150,23,0,0,50000-100000,0.0,173,0.8670520231213873,150.0,5.017279836814924,5.159055299214529,0.0
906390,Return.,2018-08-03,1,Breadmeat,PsychoFlux Entertainment,windows,0,Single-player,Action;Casual;Free to Play;Indie,Free to Play;Casual;Indie,0,571,52,0,0,50000-100000,0.0,623,0.9165329052969502,571.0,6.349138991379798,6.436150368369428,0.0
907000,The Navigator,2018-08-03,1,Team Navigator,Team Navigator,windows;mac,0,Single-player,Adventure;Casual;Free to Play;Indie,Free to Play;Indie;Casual,0,128,2,0,0,20000-50000,0.0,130,0.9846153846153848,128.0,4.859812404361672,4.875197323201151,0.0
907050,Deep Space,2018-08-30,1,Bondo Games;Blake Gillman,Bondo Games;Winning Streak Entertainment,windows,0,Multi-player;Online Multi-Player;Co-op;Online Co-op;Stats,Action;Free to Play;Indie;Early Access,Early Access;Multiplayer;Gore,0,43,29,0,0,20000-50000,0.0,72,0.5972222222222222,43.0,3.784189633918261,4.290459441148391,0.0
908010,Farjob,2018-08-21,1,Simon Kaley,Simon Kaley,windows,0,Single-player;Steam Achievements;Partial Controller Support,Action;Indie,Action;Indie;Platformer,7,3,0,0,0,0-20000,0.0,3,1.0,3.0,1.3862943611198906,1.3862943611198906,0.0
909080,Cube Escape: Paradox,2018-09-20,1,Rusty Lake,Rusty Lake,windows;mac,0,Single-player;Steam Achievements;Steam Cloud,Adventure;Indie,Adventure;Puzzle;Indie,28,1578,53,82,111,200000-500000,0.0,1631,0.967504598405886,1578.0,7.364547014255642,7.397561535524052,4.418840607796598
909110,Acid Nimbus,2018-10-01,1,Hernan Caro Vilaburges,Hernan Caro Vilaburges,windows,0,Single-player;Steam Achievements,Action;Free to Play;Indie,Free to Play;Violent;Indie,9,105,7,0,0,20000-50000,0.0,112,0.9375,105.0,4.663439094112067,4.727387818712341,0.0
909190,Escape Lala,2019-02-14,1,DuckbearLab,DuckbearLab,windows,0,Single-player,Adventure;Free to Play;Indie,Adventure;Free to Play;Indie,0,45,0,0,0,0-20000,0.0,45,1.0,45.0,3.828641396489095,3.828641396489095,0.0
909900,悪梦er-mo,2018-08-21,1,嘟嘟,獨立遊戲,windows,0,Online Multi-Player,Adventure;Casual;Indie;Simulation;Strategy,Strategy;Adventure;Indie,0,2,5,0,0,0-20000,0.0,7,0.2857142857142857,2.0,1.0986122886681098,2.079441541679836,0.0
910210,Coffee Trainer VR,2018-09-20,0,ON Reality lab.,ON Reality lab.,windows,0,Single-player,Free to Play;Indie;Simulation,Free to Play;Indie;Simulation,0,3,3,0,0,0-20000,0.0,6,0.5,3.0,1.3862943611198906,1.9459101490553128,0.0
910320,Three Kingdoms 2019 阿达三国志2019 横版,2018-09-18,0,阿达游戏,阿达游戏,windows,0,Single-player;Multi-player;Online Multi-Player;MMO;In-App Purchases,Casual;Free to Play;RPG;Simulation;Strategy,Free to Play;Strategy;RPG,0,43,28,0,0,20000-50000,0.0,71,0.6056338028169014,43.0,3.784189633918261,4.276666119016055,0.0
910460,Rocket of Whispers: Prologue,2018-09-12,1,SIGONO INC.,SIGONO INC.,windows;mac,0,Single-player,Adventure;Indie,Adventure;Indie;Free to Play,0,77,17,0,0,0-20000,0.0,94,0.8191489361702128,77.0,4.356708826689592,4.553876891600541,0.0
911050,Holiday Escape,2018-08-18,1,Kit Gardner;Sam Robinson;Holly Gardner;Jason Runkel;Tommy Yoder;Josh Perusse,,windows,0,Single-player,Action;Casual;Free to Play,Free to Play;Casual;Action,0,12,7,0,0,0-20000,0.0,19,0.631578947368421,12.0,2.5649493574615367,2.995732273553991,0.0
911260,Dawn of the Breakers,2018-11-22,1,"CyberStep, Inc.","CyberStep, Inc.",windows,0,Single-player;Multi-player;Online Multi-Player;Co-op;Online Co-op;In-App Purchases;Partial Controller Support,Action;Adventure;Free to Play;RPG,Free to Play;Adventure;RPG,0,22,29,0,0,0-20000,0.0,51,0.4313725490196078,22.0,3.1354942159291497,3.951243718581428,0.0
912250,Simplex Mundi,2018-09-09,1,PixelKiln,PixelKiln,windows,0,Single-player,Action;Adventure;Casual;Free to Play;Indie,Free to Play;Casual;Action,0,12,5,0,0,0-20000,0.0,17,0.7058823529411765,12.0,2.5649493574615367,2.8903717578961645,0.0
912560,PROZE: Prologue,2018-08-30,1,SignSine,SignSine,windows,0,Single-player;Steam Achievements,Action;Adventure;Free to Play;Indie,Adventure;Indie;Free to Play,4,52,16,0,0,20000-50000,0.0,68,0.7647058823529411,52.0,3.970291913552122,4.23410650459726,0.0
912730,Gamble of Gods,2018-11-09,1,Mighty Papaya;ESAT,ESAT,windows,0,Single-player;Partial Controller Support,Action;Adventure;Indie,Action;Indie;Adventure,0,3,1,0,0,0-20000,0.0,4,0.75,3.0,1.3862943611198906,1.6094379124341005,0.0
912810,Sargon's Lair,2018-09-05,1,Alexander Guo;Emile Savard,Emilex Gaming,windows,0,Single-player,Action;Adventure;Free to Play;Indie,Free to Play;Action;Adventure,0,27,13,0,0,0-20000,0.0,40,0.675,27.0,3.332204510175204,3.713572066704308,0.0
912890,Fruit Pop,2018-09-21,1,StarSystemStudios™,StarSystemStudios™,windows,0,Single-player;Steam Achievements;Stats,Casual;Free to Play,Casual;Free to Play;Replay Value,95,26,11,0,0,0-20000,0.0,37,0.7027027027027027,26.0,3.295836866004329,3.6375861597263857,0.0
913010,Your Dry Delight,2018-08-17,1,Argent Games,Argent Games,windows;mac;linux,0,Single-player;Steam Achievements;Captions available,Casual;Free to Play;Indie,Free to Play;Indie;Casual,3,160,9,0,0,20000-50000,0.0,169,0.9467455621301776,160.0,5.081404364984463,5.135798437050262,0.0
913270,We Are Terror: The First Days,2018-09-01,1,Kuzcopia,HDamas,windows,0,Single-player;Steam Achievements,Free to Play,Free to Play,25,8,4,0,0,0-20000,0.0,12,0.6666666666666666,8.0,2.19722457733622,2.5649493574615367,0.0
913600,Galactic Lander,2018-10-04,1,ZeroByter Games,ZeroByter Games,windows,0,Single-player;Multi-player;Online Multi-Player;Co-op;Online Co-op;Shared/Split Screen;Steam Achievements;Steam Workshop;Stats;Includes level editor,Casual,Casual;Co-op;Space,20,55,4,0,0,0-20000,0.0,59,0.9322033898305084,55.0,4.02535169073515,4.0943445622221,0.0
913690,Me Smart Orc,2018-08-28,1,Bill Ricardi,Bill Ricardi,windows,0,Single-player,Adventure;Indie;RPG,Adventure;RPG;Indie,0,4,0,0,0,0-20000,0.0,4,1.0,4.0,1.6094379124341005,1.6094379124341005,0.0
914030,B. Braun Aesculap Spine VR,2019-04-19,1,NUMENA GmbH,B. Braun,windows,0,Single-player,Free to Play;Simulation,Free to Play;Simulation;VR,0,2,0,0,0,0-20000,0.0,2,1.0,2.0,1.0986122886681098,1.0986122886681098,0.0
914160,Zup! Arena,2018-12-20,1,Quiet River,Quiet River,windows,0,Multi-player;Online Multi-Player;Online Co-op;Steam Achievements;Partial Controller Support,Action;Casual;Massively Multiplayer,Action;Casual;Massively Multiplayer,34,23,17,0,0,0-20000,0.0,40,0.575,23.0,3.1780538303479458,3.713572066704308,0.0
914250,Deadly Burrito,2019-02-18,1,ESAT;Atomic Piñata,ESAT,windows,0,Single-player,Action;Adventure;Free to Play;Indie;Early Access,Early Access;Free to Play;Adventure,0,3,1,0,0,0-20000,0.0,4,0.75,3.0,1.3862943611198906,1.6094379124341005,0.0
914320,Swarm Simulator: Evolution,2019-02-25,1,Scary Bee LLC,Scary Bee LLC,windows;mac,0,Single-player;In-App Purchases,Casual;Free to Play;Indie;RPG;Simulation,Free to Play;Casual;Indie,0,64,27,0,0,20000-50000,0.0,91,0.7032967032967034,64.0,4.174387269895637,4.5217885770490405,0.0
914430,Pro Office Calculator,2018-09-05,1,Rob Jinman,Rob Jinman,windows;mac;linux,0,Single-player,Adventure;Indie,Adventure;Indie;Puzzle,0,25,1,0,0,0-20000,0.0,26,0.9615384615384616,25.0,3.258096538021482,3.295836866004329,0.0
914450,Test Subject 901,2018-09-11,1,SpinVR,SpinVR,windows,0,Single-player,Free to Play;Strategy,Free to Play;Strategy;Singleplayer,0,24,7,0,0,20000-50000,0.0,31,0.7741935483870968,24.0,3.218875824868201,3.4657359027997265,0.0
914510,Project Reset,2018-12-19,1,Team Reset,Team Reset,windows,0,Single-player;Partial Controller Support,Free to Play;Indie,Free to Play;Indie;Visual Novel,0,7,7,0,0,0-20000,0.0,14,0.5,7.0,2.079441541679836,2.70805020110221,0.0
914700,MINImax Tinyverse,2018-12-26,1,O'olBlue Inc.,O'olBlue Inc.,windows,0,Multi-player;Online Multi-Player,Action;Casual;Free to Play;Indie;Simulation;Strategy;Early Access,Early Access;Free to Play;Strategy,0,146,53,0,0,20000-50000,0.0,199,0.7336683417085427,146.0,4.990432586778736,5.298317366548036,0.0
915060,Dream Enders RPG,2019-02-08,1,C.A.Withey,C.A.Withey,windows,0,Single-player,Adventure;Casual;Free to Play;Indie;RPG;Early Access,Early Access;Adventure;Free to Play,0,9,0,0,0,0-20000,0.0,9,1.0,9.0,2.302585092994046,2.302585092994046,0.0
915190,Cartoony Cars 2,2018-11-09,1,SpeedFrame,SpeedFrame,windows;mac;linux,0,Single-player;Steam Cloud;Includes level editor,Indie,Indie;Puzzle;Physics,0,6,0,0,0,0-20000,0.0,6,1.0,6.0,1.9459101490553128,1.9459101490553128,0.0
915580,Dungeon Hunter Champions,2018-12-19,1,Gameloft,Gameloft,windows,0,Single-player;Online Multi-Player;Online Co-op;Cross-Platform Multiplayer;Steam Achievements;In-App Purchases;Partial Controller Support;Stats,Action;Free to Play;RPG,Free to Play;RPG;Action,106,124,118,375,375,50000-100000,0.0,242,0.512396694214876,124.0,4.828313737302301,5.493061443340548,5.929589143389895
915720,Session Seven,2019-03-01,1,Session Seven Team,Session Seven Team,windows;linux,0,Single-player,Adventure;Free to Play;Indie,Indie;Free to Play;Adventure,0,55,5,0,0,0-20000,0.0,60,0.9166666666666666,55.0,4.02535169073515,4.110873864173311,0.0
916130,Meet the Miner - WDR VR Bergwerk,2018-09-20,1,Aesir Interactive,Westdeutscher Rundfunk Koeln,windows,0,Single-player,Action;Adventure;Free to Play;Simulation,Free to Play;Simulation;Action,0,18,6,0,0,0-20000,0.0,24,0.75,18.0,2.9444389791664403,3.218875824868201,0.0
916390,Team Up VR (Beta),2018-08-21,1,Innolabs,Innolabs,windows,0,Single-player;Multi-player;Online Multi-Player;Co-op;Online Co-op;Cross-Platform Multiplayer,Action;Free to Play;Indie,Free to Play;Action;Indie,0,10,10,0,0,20000-50000,0.0,20,0.5,10.0,2.3978952727983707,3.044522437723423,0.0
917220,Trigger Finger,2018-12-14,1,"Monarchy Media, LLC","Monarchy Media, LLC",windows,0,Single-player;Steam Achievements;Steam Leaderboards,Action;Indie,Action;Indie,24,2,0,0,0,0-20000,0.0,2,1.0,2.0,1.0986122886681098,1.0986122886681098,0.0
917240,Heavy Dreams,2018-09-01,1,JMC Games,JMC Games,windows,0,Single-player;Steam Achievements,Adventure;Indie;Simulation,Adventure;Indie;Simulation,6,55,93,0,0,20000-50000,0.0,148,0.3716216216216216,55.0,4.02535169073515,5.003946305945459,0.0
917680,"one night, hot springs",2018-08-30,1,npckc,npckc,windows;mac;linux,0,Single-player;Steam Achievements;Full controller support;Captions available,Free to Play;Indie;Simulation,Free to Play;Indie;Visual Novel,7,421,22,0,0,20000-50000,0.0,443,0.9503386004514672,421.0,6.045005314036012,6.095824562432225,0.0
918170,Curiosity,2018-08-10,1,Nicholas Pellegrino,Nicholas Pellegrino,windows,0,Single-player,Casual;Free to Play;Indie,Free to Play;Casual;Indie,0,42,9,0,0,20000-50000,0.0,51,0.8235294117647058,42.0,3.7612001156935615,3.951243718581428,0.0
919170,Dude Cops,2018-09-05,1,Osgoode Media,Osgoode Media,windows,0,Single-player;Steam Achievements;Full controller support,Adventure;Casual;Indie,Adventure;Indie;Casual,8,15,4,0,0,0-20000,0.0,19,0.7894736842105263,15.0,2.772588722239781,2.995732273553991,0.0
919610,The Ball Encounter,2018-09-02,1,XiaogengXu,XiaogengXu,windows,0,Single-player,Casual;Free to Play;Indie,Free to Play;Indie;Casual,0,5,4,0,0,0-20000,0.0,9,0.5555555555555556,5.0,1.791759469228055,2.302585092994046,0.0
920190,Greetings,2018-08-24,1,Charlie Behan;Ciaran Mooney,Charlie Behan,windows,0,Single-player,Free to Play;Indie,Free to Play;Horror;Indie,0,381,79,0,0,50000-100000,0.0,460,0.8282608695652174,381.0,5.945420608606575,6.133398042996649,0.0
920500,Construction Charlie,2018-09-09,1,RiftBreak Software,RiftBreak Software,windows,0,Single-player;Includes level editor,Action;Adventure;Casual,Action;Casual;Adventure,0,2,1,0,0,0-20000,0.0,3,0.6666666666666666,2.0,1.0986122886681098,1.3862943611198906,0.0
920670,What would people say?,2018-09-14,1,DRUNKEN APES,DRUNKEN APES,windows;mac,0,Single-player;Steam Achievements,Casual;Indie;Simulation,Indie;Casual;Simulation,4,3,12,0,0,0-20000,0.0,15,0.2,3.0,1.3862943611198906,2.772588722239781,0.0
921060,Modern Combat 5,2018-10-24,1,Gameloft,Gameloft,windows,0,Single-player;Online Multi-Player;In-App Purchases,Action;Free to Play;Massively Multiplayer,Free to Play;Massively Multiplayer;FPS,54,589,774,129,69,200000-500000,0.0,1363,0.4321349963316214,589.0,6.380122536899765,7.218176838403408,4.867534450455582
921070,Spellwake,2018-09-01,1,Norrman Brothers,Norrman Brothers,windows,0,Online Multi-Player;Online Co-op,Action;Casual;Free to Play;Indie;RPG,Free to Play;Action;Casual,0,80,20,0,0,0-20000,0.0,100,0.8,80.0,4.394449154672439,4.61512051684126,0.0
921500,Jack Is Missing,2018-08-28,1,Kevin Yang Games,Kevin Yang Games,windows;mac;linux,0,Single-player,Action;Adventure;Casual;Free to Play;Indie;Simulation;Strategy,Free to Play;Action;Adventure,0,27,23,0,0,0-20000,0.0,50,0.54,27.0,3.332204510175204,3.9318256327243257,0.0
921520,Puppy Chef Academy,2018-09-07,1,CTN Design,CTN Design,windows,0,Single-player,Casual;Indie;Simulation,Indie;Casual;Simulation,0,4,1,0,0,0-20000,0.0,5,0.8,4.0,1.6094379124341005,1.791759469228055,0.0
921590,DISSIDIA FINAL FANTASY NT Free Edition,2019-03-12,1,"Square Enix;KOEI TECMO GAMES CO., LTD.",Square Enix,windows,0,Multi-player;Online Multi-Player;Co-op;Online Co-op;Steam Achievements;Full controller support;Steam Trading Cards;Steam Cloud,Action;Free to Play,Free to Play;Action;Multiplayer,56,620,1005,285,289,200000-500000,0.0,1625,0.3815384615384615,620.0,6.431331081933479,7.3938782901077555,5.655991810819852
921700,Crashphalt,2018-10-11,1,Cold Pressed Games,Cold Pressed Games,windows,0,Multi-player;Local Multi-Player;Shared/Split Screen;Full controller support,Indie,Indie;Platformer;Local Multiplayer,10,7,1,0,0,0-20000,0.0,8,0.875,7.0,2.079441541679836,2.19722457733622,0.0
922080,Shards the Deckbuilder,2018-12-04,1,80Arcade,80Arcade,windows,0,Single-player;Online Multi-Player;In-App Purchases,Strategy;Early Access,Early Access;Strategy;Card Game,0,15,10,0,0,0-20000,0.0,25,0.6,15.0,2.772588722239781,3.258096538021482,0.0
922320,Sniper 3D Assassin: Free to Play,2018-09-19,1,Fun Games For Free,Fun Games For Free,windows;mac,0,Single-player;In-App Purchases,Action;Adventure;Casual;Free to Play;Indie;RPG;Simulation;Strategy,Free to Play;Action;FPS,0,173,194,0,0,50000-100000,0.0,367,0.4713896457765668,173.0,5.159055299214529,5.908082938168931,0.0
922450,4X-Galaxy 无主之地：银河,2018-12-20,1,Mercator,Mercator,windows,0,Online Multi-Player;Steam Achievements;In-App Purchases,Adventure;Free to Play;Indie;Massively Multiplayer;RPG;Strategy,Free to Play;Massively Multiplayer;Strategy,4,84,73,0,0,50000-100000,0.0,157,0.535031847133758,84.0,4.442651256490317,5.062595033026967,0.0
922460,Cheeky Chooks,2018-10-31,1,Trilum Studios,Trilum Studios;RSPCA,windows,0,Single-player,Casual;Free to Play;Indie;Strategy,Free to Play;Casual;Strategy,13,637,43,0,0,100000-200000,0.0,680,0.9367647058823528,637.0,6.45833828334479,6.523562306149512,0.0
922630,Mortal Royale,2018-12-17,1,Star Vault AB,Star Vault AB,windows,0,Online Multi-Player,Action;Free to Play;Early Access,Early Access;Free to Play;Nudity,0,83,134,0,0,50000-100000,0.0,217,0.3824884792626728,83.0,4.430816798843313,5.384495062789089,0.0
922880,Siberian Dawn,2018-09-20,1,Winterflood,Winterflood,windows,0,Single-player;Steam Achievements;In-App Purchases;Stats,Strategy,Strategy;Card Game,27,3,5,0,0,0-20000,0.0,8,0.375,3.0,1.3862943611198906,2.19722457733622,0.0
923030,Rocket Swords,2018-09-10,1,Michael Crabbs,Michael Crabbs,windows,0,Single-player,Action,Action;VR;VR Only,0,3,1,0,0,0-20000,0.0,4,0.75,3.0,1.3862943611198906,1.6094379124341005,0.0
923460,Biodigital,2018-09-24,1,"Takahito Ito, Cesar Hidalgo, et al.","Collective Learning group, The MIT Media Lab, NHK",windows,0,Single-player,Free to Play,Free to Play;VR,0,3,5,0,0,0-20000,0.0,8,0.375,3.0,1.3862943611198906,2.19722457733622,0.0
923500,Metanormal,2018-09-12,1,Melancholic Nights Studio,Melancholic Nights Studio,windows,0,Single-player;Full controller support,Indie,Indie,0,5,2,0,0,0-20000,0.0,7,0.7142857142857143,5.0,1.791759469228055,2.079441541679836,0.0
924360,Zenith Hunter,2018-09-14,1,Michael Seaholm,Michael Seaholm,windows,0,Single-player;Partial Controller Support,Action;Free to Play;Indie,Free to Play;Action;Indie,0,7,2,0,0,0-20000,0.0,9,0.7777777777777778,7.0,2.079441541679836,2.302585092994046,0.0
924540,NEVERMORE,2019-04-23,0,2ndRevelation,轻文,windows,0,Single-player,Adventure;Casual;RPG;Simulation,Adventure;RPG;Casual,0,22,8,0,0,0-20000,0.0,30,0.7333333333333333,22.0,3.1354942159291497,3.4339872044851463,0.0
924810,Idle Kingdom Builder,2018-11-05,1,NeoBird,upjers,windows,0,Single-player;In-App Purchases,Casual;Free to Play;Simulation,Free to Play;Casual;Simulation,33,14,21,0,0,0-20000,0.0,35,0.4,14.0,2.70805020110221,3.58351893845611,0.0
926720,Kyiv: from dusk till dawn with Lenovo Explorer,2018-09-14,1,Sensorama,Lenovo Ukraine,windows,0,Single-player,Adventure,Adventure;VR,0,5,1,0,0,0-20000,0.0,6,0.8333333333333334,5.0,1.791759469228055,1.9459101490553128,0.0
927850,Corrupt,2018-09-14,0,Opendream,Opendream,windows;mac,0,Single-player;Steam Achievements,Indie;RPG;Simulation,Indie;Simulation;RPG,19,11,2,0,0,0-20000,0.0,13,0.8461538461538461,11.0,2.4849066497880004,2.6390573296152584,0.0
927860,Project Skylab 2,2018-10-05,1,Different Game Studio,Different Game Studio,windows,0,Single-player,Action;Adventure;Casual;Free to Play;Indie;Early Access,Early Access;Free to Play;Adventure,0,39,15,0,0,20000-50000,0.0,54,0.7222222222222222,39.0,3.688879454113936,4.007333185232471,0.0
927970,ForzeBreak,2018-10-31,1,Swift Limit Games;Miguel O. Mercado;Jason Lin;Boyang Zhou;Xiaoyu Yang;Zihang Zhang;Martha Magsombol;Jairus Cambe;Alan “AG” Gordon;Matthew Eis,Swift Limit Games,windows,0,Multi-player;Online Multi-Player;Partial Controller Support,Action;Casual;Free to Play;Indie,Free to Play;Action;Indie,0,3,2,0,0,0-20000,0.0,5,0.6,3.0,1.3862943611198906,1.791759469228055,0.0
927990,A Game About,2018-11-06,1,byolivierb,byolivierb,windows;mac,0,Single-player;Steam Achievements,Free to Play;Indie,Free to Play;Indie;Point & Click,5,408,38,0,0,50000-100000,0.0,446,0.9147982062780268,408.0,6.013715156042802,6.102558594613569,0.0
929860,Game Builder,2018-11-01,1,Area 120,Area 120,windows;mac,0,Single-player;Multi-player;Online Multi-Player;Co-op;Online Co-op;Steam Workshop;Includes level editor,Free to Play;Indie;Simulation;Early Access,Early Access;Free to Play;Indie,0,160,20,3,3,50000-100000,0.0,180,0.8888888888888888,160.0,5.081404364984463,5.198497031265826,1.3862943611198906
930310,Puzzle Plunder,2018-10-09,1,Windybeard,Windybeard,windows,0,Single-player;Steam Achievements;Steam Cloud,Casual,Casual;Puzzle;Match 3,33,36,0,0,0,0-20000,0.0,36,1.0,36.0,3.610917912644224,3.610917912644224,0.0
931070,Echo of Combats,2019-02-06,1,Mad Devices,Mad Devices,windows,0,Online Multi-Player;In-App Purchases,Free to Play;Indie;Massively Multiplayer;RPG;Strategy;Early Access,Early Access;Free to Play;Strategy,0,62,20,0,0,0-20000,0.0,82,0.7560975609756098,62.0,4.143134726391533,4.418840607796598,0.0
931140,Epic Game Theory,2018-10-03,1,Onix Fox,Onix Fox,windows,0,Single-player,RPG,RPG;RPGMaker,0,1,4,0,0,0-20000,0.0,5,0.2,1.0,0.6931471805599453,1.791759469228055,0.0
931220,Beat,2018-09-17,1,Alex Meng,Alex Meng,windows,0,Single-player,Action;Free to Play;Early Access,Early Access;Action;Free to Play,0,13,10,0,0,0-20000,0.0,23,0.5652173913043478,12.999999999999998,2.6390573296152584,3.1780538303479458,0.0
931650,Braveland Heroes,2019-01-03,1,Tortuga Team,Tortuga Team,windows,0,Single-player;Multi-player;Online Multi-Player;Co-op;Online Co-op;Cross-Platform Multiplayer;In-App Purchases,Adventure;Free to Play;RPG;Strategy;Early Access,Early Access;Free to Play;Strategy,0,82,88,0,0,20000-50000,0.0,170,0.4823529411764706,82.0,4.418840607796598,5.14166355650266,0.0
931690,Himno,2019-04-26,1,David Moralejo Sánchez, GrabTheGames,windows,0,Single-player;Steam Achievements;Partial Controller Support;Stats,Adventure;Casual;Free to Play;Indie,Indie;Casual;Free to Play,11,163,30,0,0,20000-50000,0.0,193,0.844559585492228,163.0,5.099866427824199,5.267858159063328,0.0
931700,Shooting Hurts,2018-09-18,1,Jakob Vidal,Jakob Vidal,windows;mac;linux,0,Single-player,Action;Free to Play;Indie,Free to Play;Action;Indie,10,138,12,0,0,0-20000,0.0,150,0.92,138.0,4.934473933130692,5.017279836814924,0.0
932240,Pushing Through...,2018-09-21,1,Hunters Game Dev,Hunters Game Dev,windows;mac,0,Single-player;Steam Achievements,Adventure;Free to Play;Indie,Free to Play;Indie;Adventure,8,16,3,0,0,0-20000,0.0,19,0.8421052631578947,16.0,2.833213344056216,2.995732273553991,0.0
932800,Letzte Worte VR,2019-01-30,1,"Matthias Patscheider, Samantha Povolny, Bianca Zankl",Letzte Worte,windows,0,Single-player;Steam Achievements,Adventure;Indie,Adventure;Indie;Sexual Content,17,13,1,0,0,0-20000,0.0,14,0.9285714285714286,13.0,2.6390573296152584,2.70805020110221,0.0
932810,BattleCry: World At War,2018-10-01,1,DYNAMICNEXT,DYNAMICNEXT,windows;mac;linux,0,Single-player;Multi-player;Online Multi-Player;MMO;Cross-Platform Multiplayer;In-App Purchases,Action;Adventure;Casual;Free to Play;Indie;Massively Multiplayer;Simulation;Strategy,Massively Multiplayer;Action;Free to Play,0,7,7,0,0,0-20000,0.0,14,0.5,7.0,2.079441541679836,2.70805020110221,0.0
932870,The Mark of Robot,2018-09-22,1,JMV,JMV,windows,0,Single-player,Action;Adventure;Free to Play;Indie,Free to Play;Action;Adventure,0,10,12,0,0,0-20000,0.0,22,0.4545454545454545,10.0,2.3978952727983707,3.1354942159291497,0.0
933120,Rumours From Elsewhere Demo,2018-10-16,1,Notte Studio Games,Notte Studio Games,windows,0,Single-player;Full controller support,Action;Free to Play;Indie;RPG,Free to Play;Action;RPG,0,15,3,0,0,0-20000,0.0,18,0.8333333333333334,15.0,2.772588722239781,2.9444389791664403,0.0
933250,Shining Orb Prequel,2018-11-05,1,Vorge Studio,Vorge Studio,windows,0,Single-player;Steam Achievements;Full controller support;Steam Cloud,Adventure;Indie;RPG,RPG;Indie;Adventure,6,4,1,0,0,0-20000,0.0,5,0.8,4.0,1.6094379124341005,1.791759469228055,0.0
933290,PixelRPG,2018-10-22,1,Fun Guy Apps,Fun Guy Apps,windows,0,Single-player,Action;Adventure;Casual;Free to Play;RPG;Strategy,Free to Play;RPG;Strategy,0,9,5,0,0,0-20000,0.0,14,0.6428571428571429,9.0,2.302585092994046,2.70805020110221,0.0
933380,Tennis Story,2018-10-05,1,Gersh Games LLC,Gersh Games LLC,windows,0,Single-player;Partial Controller Support,Adventure;Free to Play;Sports,Free to Play;Adventure;Sports,0,9,4,0,0,0-20000,0.0,13,0.6923076923076923,9.0,2.302585092994046,2.6390573296152584,0.0
933390,Mythical,2019-02-16,1,"Laser Ranch, Inc.","Laser Ranch, Inc.",windows;mac,0,Single-player;Multi-player;Online Multi-Player;In-App Purchases,Free to Play,Free to Play,0,3,3,0,0,0-20000,0.0,6,0.5,3.0,1.3862943611198906,1.9459101490553128,0.0
933540,Idle Space Raider,2019-02-05,1,Coconut Shavers,Coconut Shavers,windows,0,Single-player;Steam Achievements;In-App Purchases;Steam Cloud;Stats;Steam Leaderboards,Casual;Free to Play;Strategy,Free to Play;Casual;Strategy,80,41,20,0,0,0-20000,0.0,61,0.6721311475409836,41.0,3.737669618283368,4.127134385045092,0.0
933930,Tiny Love,2019-02-15,1,Alterindie LLC,Alterindie LLC,windows,0,Single-player,Adventure;Casual;Free to Play;Indie,Free to Play;Indie;Adventure,0,8,3,0,0,0-20000,0.0,11,0.7272727272727273,8.0,2.19722457733622,2.4849066497880004,0.0
934060,Wish Giver 偿愿人,2018-11-09,1,Kel,0Cube,windows,0,Single-player;Partial Controller Support,Adventure;Casual;Free to Play;Indie;RPG;Simulation;Strategy,Free to Play;Adventure;Indie,0,87,17,0,0,20000-50000,0.0,104,0.8365384615384616,87.0,4.477336814478207,4.653960350157523,0.0
934500,StoneDefence,2019-01-10,0,RenZhai(人宅),RenZhai,windows,0,Single-player,Indie;Strategy,Strategy;Indie,0,2,4,0,0,0-20000,0.0,6,0.3333333333333333,2.0,1.0986122886681098,1.9459101490553128,0.0
934580,Hell Wedding 夜嫁,2019-01-31,0,Phoenix Game Studio,Ggame Studio,windows,0,Single-player,Indie;Early Access,Early Access;Indie;Horror,0,117,1,0,0,0-20000,0.0,118,0.9915254237288136,117.0,4.770684624465665,4.77912349311153,0.0
934710,英语杀,2018-11-04,0,边玩边学网络科技有限公司,边玩边学网络科技有限公司,windows,0,Single-player,Casual;Free to Play;Indie;RPG;Strategy;Accounting;Animation & Modeling;Audio Production;Design & Illustration;Education;Photo Editing;Software Training;Utilities;Video Production;Web Publishing;Game Development,Strategy;Indie;Free to Play,1,4,7,0,0,0-20000,0.0,11,0.3636363636363636,4.0,1.6094379124341005,2.4849066497880004,0.0
934830,Circuit Slinger,2019-01-01,1,MioMax,SMU Guildhall,windows,0,Single-player,Action;Free to Play;Indie,Free to Play;Action;Indie,0,8,7,0,0,0-20000,0.0,15,0.5333333333333333,8.0,2.19722457733622,2.772588722239781,0.0
934840,FrostRunner,2019-01-01,1,Think Arcade,SMU Guildhall,windows,0,Single-player;Steam Achievements;Steam Cloud;Steam Leaderboards,Action;Free to Play;Indie,Free to Play;Indie;Action,28,1269,66,0,0,100000-200000,0.0,1335,0.950561797752809,1269.0,7.146772179452637,7.197435354096591,0.0
934850,Cyberdrome,2019-01-01,1,Team Entropy,SMU Guildhall,windows,0,Single-player;Steam Achievements;Full controller support,Action;Adventure;Free to Play;Indie,Free to Play;Action;Indie,21,131,13,0,0,20000-50000,0.0,144,0.9097222222222222,131.0,4.882801922586371,4.976733742420574,0.0
934860,La Rana,2019-01-01,1,Frog Paw Studios,SMU Guildhall,windows,0,Single-player;Partial Controller Support,Adventure;Casual;Free to Play;Indie,Free to Play;Indie;Casual,0,213,6,0,0,20000-50000,0.0,219,0.9726027397260274,213.0,5.365976015021851,5.393627546352362,0.0
935110,The Desert's Rose,2018-09-26,1,Eddie O'Hagan (Katianie),Eddie O'Hagan (Katianie),windows,0,Single-player,Action;Adventure;Indie;Simulation;Early Access,Early Access;Action;Adventure,0,3,3,0,0,0-20000,0.0,6,0.5,3.0,1.3862943611198906,1.9459101490553128,0.0
935120,GonzoVR,2018-10-01,1,GonzoVR,GonzoVR,windows,0,Online Multi-Player;In-App Purchases,Free to Play;Indie;Early Access,Early Access;Free to Play;Indie,0,39,0,0,0,0-20000,0.0,39,1.0,39.0,3.688879454113936,3.688879454113936,0.0
935260,绯色幻想(Scarlet Fantasy),2019-01-25,0,EmpromGame,EmpromGame,windows,0,Single-player;Online Multi-Player;In-App Purchases,Adventure;Free to Play;Indie;Strategy;Early Access,Early Access;Adventure;Free to Play,0,34,8,0,0,0-20000,0.0,42,0.8095238095238095,34.0,3.555348061489413,3.7612001156935615,0.0
935840,Fantasy Battles,2018-09-28,1,FreezeNova,FreezeNova,windows,0,Single-player;Steam Achievements;Stats;Steam Leaderboards,Free to Play;Indie;Simulation;Strategy,Free to Play;Strategy;Simulation,36,87,35,0,0,20000-50000,0.0,122,0.7131147540983607,87.0,4.477336814478207,4.812184355372417,0.0
935920,Fallstreak,2018-10-19,1,Centicerise Productions,Centicerise Productions,windows;mac;linux,0,Single-player,Adventure;Casual;Free to Play;Indie,Free to Play;Visual Novel;Indie,0,68,15,0,0,0-20000,0.0,83,0.8192771084337349,68.0,4.23410650459726,4.430816798843313,0.0
936780,Warplanes: WW2 Dogfight,2019-04-06,1,Home Net Games,Home Net Games,windows;mac;linux,0,Single-player;Full controller support;In-App Purchases;Steam Cloud,Action;Free to Play;Indie,Free to Play;Indie;Action,0,107,42,0,0,50000-100000,0.0,149,0.7181208053691275,107.0,4.68213122712422,5.010635294096256,0.0
937350,Food Drive: Race against Hunger,2018-10-09,1,Gamers for Good,Gamers for Good,windows,0,Single-player;Full controller support,Action;Casual;Free to Play;Indie;Early Access,Early Access;Free to Play;Indie,37,71,6,0,0,0-20000,0.0,77,0.922077922077922,71.0,4.276666119016055,4.356708826689592,0.0
937980,Jellyfish Season,2018-09-27,1,Kombinat,Kombinat,windows,0,Single-player;Steam Achievements,Casual;Free to Play;Indie,Free to Play;Indie;Casual,1,37,17,0,0,20000-50000,0.0,54,0.6851851851851852,37.0,3.6375861597263857,4.007333185232471,0.0
938660,Achtung die Kugel!,2018-10-11,1,Erik Sillén;Fredrik Carlsson;Philip Bretschneider, ,windows,0,Local Multi-Player;Shared/Split Screen;Partial Controller Support,Action;Casual;Indie,Action;Indie;Casual,0,1,2,0,0,0-20000,0.0,3,0.3333333333333333,1.0,0.6931471805599453,1.3862943611198906,0.0
939330,Tailor Tales,2019-01-09,1,Celianna,Pixanna,windows,0,Single-player,Casual;Free to Play;Simulation,Free to Play;Simulation;Casual,10,112,5,0,0,20000-50000,0.0,117,0.9572649572649572,112.0,4.727387818712341,4.770684624465665,0.0
940290,Trip Troupe [Mixer Stream Host App],2018-11-05,1,Topstitch Games,Topstitch Games,windows,0,Online Multi-Player;Online Co-op,Free to Play;Indie;RPG;Strategy,Free to Play;Indie;Strategy,0,6,3,0,0,0-20000,0.0,9,0.6666666666666666,6.0,1.9459101490553128,2.302585092994046,0.0
941120,Optimum Link,2019-02-28,1,Protoria Studios,Protoria Studios,windows,0,Single-player;Multi-player;Online Multi-Player;Steam Cloud,Casual;Free to Play;Indie;Simulation,Free to Play;Indie;Casual,0,46,18,0,0,0-20000,0.0,64,0.71875,46.0,3.8501476017100575,4.174387269895637,0.0
942310,Blocky Snake,2018-10-10,1,Good Free Games To Play,Good Free Games To Play,windows,0,Single-player;In-App Purchases,Action;Casual;Free to Play,Free to Play;Casual;Action,0,18,16,0,0,0-20000,0.0,34,0.5294117647058824,18.0,2.9444389791664403,3.555348061489413,0.0
942320,Halzae: Heroes of Divinity,2019-03-15,1,Saltclock Studio,Saltclock Studio,windows,0,Single-player;Multi-player;Online Multi-Player;Steam Achievements;In-App Purchases,Action;Indie;Early Access,Early Access;Action;Indie,8,10,5,0,0,0-20000,0.0,15,0.6666666666666666,10.0,2.3978952727983707,2.772588722239781,0.0
942510,Scamp: High Hat Havoc,2018-12-07,1,Big Hat Games,Big Hat Games,windows,0,Single-player;Steam Achievements;Partial Controller Support,Adventure;Free to Play,Free to Play;Adventure;Puzzle-Platformer,21,50,19,0,0,20000-50000,0.0,69,0.7246376811594203,50.0,3.9318256327243257,4.248495242049359,0.0
942600,Temporality,2018-11-12,1,James Earl Cox III,James Earl Cox III,windows,0,Single-player,Indie,Indie;Side Scroller;2D,0,50,7,0,0,0-20000,0.0,57,0.8771929824561403,50.0,3.9318256327243257,4.060443010546419,0.0
943010,Rapid Fire,2018-12-09,1,3D FACTORY,3D FACTORY,windows,0,Single-player;Partial Controller Support,Action,Action;VR,0,14,0,0,0,0-20000,0.0,14,1.0,14.0,2.70805020110221,2.70805020110221,0.0
943170,Blast the Past,2018-10-03,1,The Work Club,The Work Club,windows,0,Single-player,Action;Casual;Free to Play;Indie;Simulation,Free to Play;VR;Indie,10,37,6,0,0,20000-50000,0.0,43,0.8604651162790697,37.0,3.6375861597263857,3.784189633918261,0.0
943290,Zombie school-丧尸学院,2018-10-15,0,Populus,Populus,windows,0,Single-player,Free to Play;Indie,Free to Play;Gore;Violent,0,13,3,0,0,0-20000,0.0,16,0.8125,13.0,2.6390573296152584,2.833213344056216,0.0
943390,Pan Panda,2018-10-11,1,LT,LT,windows,0,Single-player,Action;Free to Play;Indie,Free to Play;Action;Indie,0,123,23,0,0,20000-50000,0.0,146,0.8424657534246576,123.0,4.820281565605037,4.990432586778736,0.0
943630,Star Trek: En Territoire Alien,2018-10-07,0,GameSamba,Global Genom Corporate,windows;mac;linux,0,Single-player;Multi-player;Online Multi-Player;MMO;Co-op;Online Co-op;Cross-Platform Multiplayer;In-App Purchases,Free to Play;Massively Multiplayer;RPG;Strategy,Massively Multiplayer;Strategy;Free to Play,0,1,11,0,0,0-20000,0.0,12,0.0833333333333333,1.0,0.6931471805599453,2.5649493574615367,0.0
943640,Sacred Saga Online,2018-10-04,1,GameHollywood,Global Genom Corporate,windows;mac;linux,0,Single-player;Online Multi-Player;MMO;Online Co-op;Cross-Platform Multiplayer;In-App Purchases,Free to Play;Massively Multiplayer;RPG;Strategy,Free to Play;RPG;Massively Multiplayer,0,12,23,0,0,0-20000,0.0,35,0.3428571428571428,12.0,2.5649493574615367,3.58351893845611,0.0
943960,3Buttons,2018-10-25,1,John Segerstedt,Indie,windows;mac;linux,0,Single-player;Steam Achievements,Free to Play;Indie,Free to Play;Indie,6,15,11,0,0,0-20000,0.0,26,0.5769230769230769,14.999999999999998,2.772588722239781,3.295836866004329,0.0
944120,Abalyte,2018-10-15,1,Purple Studios,Purple Studios,windows,0,Single-player;Partial Controller Support,Action;Adventure;Free to Play;Indie;RPG;Early Access,Early Access;Action;Free to Play,0,105,37,0,0,20000-50000,0.0,142,0.7394366197183099,105.0,4.663439094112067,4.962844630259907,0.0
944450,Escape Velocity,2019-01-12,1,Spencer Pilarski;Snippy Nguyen;Jonah Gaynor;Sam Grant,4/5 Dentists,windows;mac,0,Single-player,Adventure;Casual;Free to Play;Indie,Free to Play;Indie;Adventure,0,12,4,0,0,0-20000,0.0,16,0.75,12.0,2.5649493574615367,2.833213344056216,0.0
944610,Automobiels and the Eisenhower Hiway System the Game,2018-11-01,1,Jeffrey Marsh,Jeffrey marsh,windows,0,Single-player;Steam Achievements;Includes level editor,Adventure,Adventure,7,4,1,0,0,0-20000,0.0,5,0.8,4.0,1.6094379124341005,1.791759469228055,0.0
944630,MOLOCH (Zero),2018-10-26,1,Seemingly Pointless,Seemingly Pointless,windows,0,Single-player,Indie;Simulation;Strategy,Indie;Simulation;Strategy,0,18,5,0,0,0-20000,0.0,23,0.782608695652174,18.0,2.9444389791664403,3.1780538303479458,0.0
944730,Trends,2019-01-07,1,10101 Software,10101 Software,windows;mac;linux,0,Single-player;Multi-player;Online Multi-Player;Local Multi-Player;Shared/Split Screen;Cross-Platform Multiplayer,Casual;Indie,Indie;Casual,0,2,0,0,0,0-20000,0.0,2,1.0,2.0,1.0986122886681098,1.0986122886681098,0.0
944840,Mixed Estate,2018-11-02,1,Yode Group,Yode Group,windows,0,Single-player,Free to Play;Simulation,Free to Play;Simulation;VR,0,2,2,0,0,0-20000,0.0,4,0.5,2.0,1.0986122886681098,1.6094379124341005,0.0
945520,The Perfectionist,2019-01-11,1,Green Moon Games,RPG Maker MV,windows,0,Single-player;Steam Workshop,Action;Adventure;Casual;Free to Play;Indie;RPG;Strategy,Free to Play;Adventure;Casual,0,24,5,0,0,0-20000,0.0,29,0.8275862068965517,24.0,3.218875824868201,3.4011973816621555,0.0
945610,Lil' Arena,2018-11-16,1,Tall Guy Productions,Tall Guy Productions,windows,0,Multi-player;Online Multi-Player,Action;Free to Play;Indie;Early Access,Early Access;Free to Play;Indie,69,25,11,0,0,0-20000,0.0,36,0.6944444444444444,25.0,3.258096538021482,3.610917912644224,0.0
945850,Hunter's Trial: The fight never ends,2018-12-12,1,ESAT;Crazy Unicorn,ESAT,windows,0,Single-player,Indie;RPG;Strategy,Strategy;RPG;Indie,0,2,3,0,0,0-20000,0.0,5,0.4,2.0,1.0986122886681098,1.791759469228055,0.0
945880,Beer'em Up,2018-11-09,1,ESAT;Rocket Banana,ESAT,windows,0,Single-player;Local Multi-Player;Co-op;Local Co-op;Shared/Split Screen;Partial Controller Support,Action;Adventure;Indie,Action;Indie;Adventure,0,4,3,0,0,0-20000,0.0,7,0.5714285714285714,4.0,1.6094379124341005,2.079441541679836,0.0
945920,Long Arm of the Law,2018-11-29,1,Quality Games,FIEA,windows,0,Single-player;Full controller support,Action;Adventure;Indie,Indie;Action;Adventure,0,14,1,0,0,0-20000,0.0,15,0.9333333333333332,14.0,2.70805020110221,2.772588722239781,0.0
946040,Supply Chain Idle,2018-11-09,1,Upturn Games,Upturn Games,windows;mac;linux,0,Single-player;Steam Achievements;In-App Purchases;Steam Cloud;Stats,Casual;Free to Play,Free to Play;Casual;Clicker,15,92,22,0,0,20000-50000,0.0,114,0.8070175438596491,92.0,4.532599493153256,4.74493212836325,0.0
946690,RPGGAME,2018-10-25,1,RPGGAME,RPGGAME.,windows,0,Single-player,Action,Action,0,5,0,0,0,0-20000,0.0,5,1.0,5.0,1.791759469228055,1.791759469228055,0.0
947120,Where The Water Tastes Like Wine: Fireside Chats,2018-11-15,1,Dim Bulb Games;Serenity Forge,Good Shepherd Entertainment,windows;mac;linux,0,Single-player,Adventure;Indie,Adventure;Indie,0,19,3,0,0,0-20000,0.0,22,0.8636363636363636,19.0,2.995732273553991,3.1354942159291497,0.0
947530,The Cup,2019-02-01,1,Logan Acree,INCENDIARY ENTERTAINMENT,windows,0,Single-player,Action;Casual;Free to Play;Indie;RPG,Free to Play;Action;RPG,0,12,7,0,0,0-20000,0.0,19,0.631578947368421,12.0,2.5649493574615367,2.995732273553991,0.0
947580,Expedition Oregon,2018-11-07,1,Your Friends Upstairs,Your Friends Upstairs,windows,0,Single-player,Indie,Indie,0,2,1,0,0,0-20000,0.0,3,0.6666666666666666,2.0,1.0986122886681098,1.3862943611198906,0.0
948080,Lights Out,2019-01-25,1,Class of 2017-2018,Campus ADN,windows,0,Single-player;Partial Controller Support,Action;Adventure;Free to Play,Free to Play;Action;Adventure,0,11,8,0,0,0-20000,0.0,19,0.5789473684210527,11.0,2.4849066497880004,2.995732273553991,0.0
948350,Royal Booty Quest,2018-11-22,1,Badim,Badim,windows;mac,0,Single-player;Steam Achievements;Stats;Steam Leaderboards,Casual;Free to Play;Indie;RPG;Strategy;Early Access,Early Access;Free to Play;Indie,16,38,15,0,0,0-20000,0.0,53,0.7169811320754716,38.0,3.6635616461296463,3.9889840465642745,0.0
948420,EXAPUNKS: TEC Redshift Player,2018-09-25,1,Zachtronics,Zachtronics,windows;mac;linux,0,Single-player,Indie;Simulation,Indie;Simulation,0,5,0,0,0,0-20000,0.0,5,1.0,5.0,1.791759469228055,1.791759469228055,0.0
948460,Wizard Prison,2018-10-31,1,Spectrum Nox Media;Team Wizard Prison,Spectrum Nox Media,windows,0,Single-player,Free to Play;Indie,Free to Play;Indie;Great Soundtrack,0,23,2,0,0,0-20000,0.0,25,0.92,23.0,3.1780538303479458,3.258096538021482,0.0
948510,Monster Clicker : Idle Halloween Strategy,2018-11-20,1,Autotelic Games LLC,Autotelic Games LLC,windows,0,Single-player;Steam Achievements;In-App Purchases,Action;Casual;Free to Play;Indie;Strategy,Free to Play;Action;Indie,11,8,20,0,0,20000-50000,0.0,28,0.2857142857142857,8.0,2.19722457733622,3.367295829986474,0.0
948840,死亡投票_Death Voting Game,2018-10-14,0,窝窝社,PeriScope Game,windows,0,Single-player,Adventure;Indie;RPG;Strategy,Strategy;Adventure;RPG,0,10,3,0,0,0-20000,0.0,13,0.7692307692307693,10.0,2.3978952727983707,2.6390573296152584,0.0
949000,Marble Combat,2019-02-20,1,Phantom8 Studio,Phantom8 Studio,windows,0,Single-player;Online Multi-Player;Steam Achievements;In-App Purchases,Action;Casual;Free to Play;Indie;Early Access,Early Access;Free to Play;Action,9,75,19,0,0,20000-50000,0.0,94,0.7978723404255319,75.0,4.330733340286331,4.553876891600541,0.0
949050,Virtual Villagers Origins 2,2018-10-26,1,Last Day Of Work,Last Day Of Work,windows;mac,0,Single-player;In-App Purchases,Simulation,Simulation,0,12,11,0,0,0-20000,0.0,23,0.5217391304347826,12.0,2.5649493574615367,3.1780538303479458,0.0
949060,Love Thyself - A Horatio Story,2019-04-01,1,AMPLITUDE Studios,SEGA,windows;mac,0,Single-player;Steam Achievements;Captions available,Casual;Indie,Indie;Casual;Visual Novel,8,81,1,0,0,0-20000,0.0,82,0.9878048780487804,81.0,4.406719247264253,4.418840607796598,0.0
949370,Cateau,2018-10-17,1,Lemon Curd Games,Lemon Curd Games,windows,0,Single-player,Indie,Indie;Visual Novel,0,63,1,0,0,0-20000,0.0,64,0.984375,63.0,4.158883083359672,4.174387269895637,0.0
949380,AV-17,2018-10-18,1,WANZUNGDEV,WANZUNGDEV,windows;linux,0,Single-player;Local Co-op;Shared/Split Screen;Steam Achievements;Full controller support,Action;Casual;Free to Play;Indie,Free to Play;Action;Indie,5,31,7,0,0,0-20000,0.0,38,0.8157894736842105,31.0,3.4657359027997265,3.6635616461296463,0.0
949390,Puppet Blaster,2018-10-16,1,Mad Gnolas,self published,windows,0,Single-player,Action,Action;VR,0,12,0,0,0,0-20000,0.0,12,1.0,12.0,2.5649493574615367,2.5649493574615367,0.0
949420,The Energy Lab,2019-01-01,1,TimeMachine,TimeMachine,windows,0,Single-player,Adventure;Indie,Adventure;Indie;VR,0,15,8,0,0,0-20000,0.0,23,0.6521739130434783,15.0,2.772588722239781,3.1780538303479458,0.0
949690,Record of Lodoss War Online,2019-01-15,1,"L＆K CO., LTD","L＆K CO., LTD",windows,0,Multi-player;MMO;In-App Purchases,Free to Play;Massively Multiplayer;RPG,RPG;Free to Play;Massively Multiplayer,5,52,53,0,0,20000-50000,0.0,105,0.4952380952380952,52.0,3.970291913552122,4.663439094112067,0.0
949910,Refill your Roguelike,2019-01-19,1,Homebrew Cult,Homebrew Cult,windows,0,Single-player;Steam Workshop,Action;Adventure;Casual;Free to Play;Indie;Early Access,Early Access;Free to Play;Action,0,5,4,0,0,0-20000,0.0,9,0.5555555555555556,5.0,1.791759469228055,2.302585092994046,0.0
950100,PRO EVOLUTION SOCCER 2019 LITE,2018-12-13,1,Konami Digital Entertainment,Konami Digital Entertainment,windows,0,Single-player;Multi-player;Online Multi-Player;Local Multi-Player;Co-op;Online Co-op;In-App Purchases;Partial Controller Support,Sports,Sports;Free to Play;Multiplayer,0,423,637,106,83,200000-500000,0.0,1060,0.3990566037735849,423.0,6.049733455231958,6.966967138613983,4.672828834461906
950240,Rise of the Pirates,2019-02-02,1,Ravanok,Ravanok,windows,0,Multi-player;Online Multi-Player;MMO,Action;Adventure;Free to Play;Indie;Massively Multiplayer;RPG;Early Access,Early Access;Free to Play;Massively Multiplayer,0,26,15,0,0,0-20000,0.0,41,0.6341463414634146,26.0,3.295836866004329,3.737669618283368,0.0
950250,Halfway Home,2018-11-04,1,Makeshift Monocle,DigiPen Institute of Technology,windows,0,Single-player;Steam Achievements;Steam Cloud,Casual;Indie;Simulation,Indie;Casual;Simulation,16,4,1,0,0,0-20000,0.0,5,0.8,4.0,1.6094379124341005,1.791759469228055,0.0
950380,Hang Up,2018-10-16,1,Shadow Factory,Shadow Factory,windows,0,Single-player,Casual;Indie;Simulation,Casual;Indie;Simulation,0,12,3,0,0,0-20000,0.0,15,0.8,12.0,2.5649493574615367,2.772588722239781,0.0
950530,Mojo 2: Mia,2018-10-26,1,L. Stotch,L. Stotch,windows,0,Single-player;Steam Achievements;Full controller support;Steam Cloud,Casual;Free to Play;Indie,Sexual Content;Nudity;Free to Play,10,363,84,0,0,50000-100000,0.0,447,0.8120805369127517,363.0,5.8971538676367405,6.104793232414985,0.0
951170,Lethal Running: Prologue,2018-11-30,1,voodoosoft,voodoosoft,windows,0,Single-player,Free to Play;Indie;RPG,Free to Play;Indie;RPG,0,26,11,0,0,0-20000,0.0,37,0.7027027027027027,26.0,3.295836866004329,3.6375861597263857,0.0
951180,Russian Roulette: One Life,2018-12-07,1,Omey Salvi,Omey Salvi,windows,0,Single-player;Steam Achievements;In-App Purchases;Steam Leaderboards,Action;Free to Play,Free to Play;Violent;Action,6,896,182,0,0,50000-100000,0.0,1078,0.8311688311688312,896.0000000000001,6.799055862058796,6.983789965258135,0.0
951250,Not Heaven,2018-10-31,1,Max Whale,Wealthy Relative,windows;mac,0,Single-player,Casual;Free to Play;Indie;Simulation,Free to Play;Indie;Casual,0,8,5,0,0,0-20000,0.0,13,0.6153846153846154,8.0,2.19722457733622,2.6390573296152584,0.0
951690,Surge,2018-12-04,1,Campus ADN 2017-2018,Campus ADN,windows,0,Single-player;Full controller support,Action;Adventure;Indie,Action;Indie;Adventure,0,3,1,0,0,0-20000,0.0,4,0.75,3.0,1.3862943611198906,1.6094379124341005,0.0
952090,Grand Strategy,2019-01-07,1,Denizen Seven,Denizen Seven,windows;linux,0,Multi-player;Online Multi-Player;MMO;Cross-Platform Multiplayer;In-App Purchases,Casual;Free to Play;Indie;Massively Multiplayer;Strategy,Strategy;Free to Play;Massively Multiplayer,0,27,15,0,0,0-20000,0.0,42,0.6428571428571429,27.000000000000004,3.332204510175204,3.7612001156935615,0.0
952120,阿达三国志2019  竖版 Three Kingdoms 2019,2018-11-29,0,阿达游戏,阿达游戏,windows,0,Single-player;Multi-player;Online Multi-Player;MMO;In-App Purchases,Action;Adventure;Casual;Free to Play;Massively Multiplayer;RPG;Simulation;Strategy,Free to Play;Strategy;Action,0,11,9,0,0,0-20000,0.0,20,0.55,11.0,2.4849066497880004,3.044522437723423,0.0
952250,SEPTEMBER 1999,2018-10-10,1,98DEMAKE,98DEMAKE,windows;mac,0,Single-player,Indie,Indie;Horror;Gore,0,778,92,0,0,50000-100000,0.0,870,0.8942528735632184,778.0,6.658011045870748,6.769641976852503,0.0
952510,Chronicles of Lurra,2018-10-21,1,Jaydon Schumacker;Jonathan Clay;Andres Garcia;Anthony Acosta,404 Name Not Found Studios,windows,0,Single-player,Free to Play;RPG,Free to Play;RPG;RPGMaker,0,4,3,0,0,0-20000,0.0,7,0.5714285714285714,4.0,1.6094379124341005,2.079441541679836,0.0
953250,War Machines: Free to Play,2018-11-28,1,Fun Games For Free,Fun Games For Free,windows;mac,0,Multi-player;Online Multi-Player;In-App Purchases,Action;Adventure;Casual;Free to Play;Indie;Racing;RPG;Simulation;Strategy,Free to Play;Action;Casual,0,33,39,0,0,0-20000,0.0,72,0.4583333333333333,33.0,3.5263605246161616,4.290459441148391,0.0
953290,Dinosaur Safari VR,2018-10-15,1,"Hollowhead, Inc.","Hollowhead, Inc.",windows,0,Single-player,Simulation;Early Access,Early Access;Simulation;VR,0,6,1,0,0,0-20000,0.0,7,0.8571428571428571,6.0,1.9459101490553128,2.079441541679836,0.0
953440,"And You're There, Too",2018-11-24,1,Alex Serpentini,Alex Serpentini,windows,0,Single-player,Casual;Free to Play;Indie,Free to Play;Indie;Casual,0,10,1,0,0,0-20000,0.0,11,0.9090909090909092,10.0,2.3978952727983707,2.4849066497880004,0.0
953570,White Dove 白雀,2019-02-02,0,不公开,0Cube,windows,0,Single-player,Adventure;Casual;Free to Play;Indie;RPG;Strategy,Adventure;Free to Play;Casual,0,70,7,0,0,0-20000,0.0,77,0.9090909090909092,70.0,4.262679877041316,4.356708826689592,0.0
954070,Beat Boxers,2018-10-23,1,BYU Animation -  Class of 2018,Brigham Young University,windows,0,Multi-player;Local Multi-Player;Shared/Split Screen;Partial Controller Support,Action;Free to Play,Free to Play;Action;Fighting,0,38,23,0,0,20000-50000,0.0,61,0.6229508196721312,38.0,3.6635616461296463,4.127134385045092,0.0
954160,Angelus Brand VR Experience,2018-11-02,1,Miikka Åsnabrygg,Miikka Åsnabrygg;Tyler Brucato,windows,0,Single-player,Free to Play;Indie,Free to Play;Indie;VR,0,12,0,0,0,0-20000,0.0,12,1.0,12.0,2.5649493574615367,2.5649493574615367,0.0
954170,Backyard Brawl,2018-11-05,1,Fullbrik Games,Fullbrik Games,windows,0,Multi-player;Online Multi-Player,Free to Play;Indie;Early Access,Early Access;Free to Play;Indie,0,29,17,0,0,0-20000,0.0,46,0.6304347826086957,29.0,3.4011973816621555,3.8501476017100575,0.0
954350,NOLO HOME,2019-03-22,1,北京凌宇智控科技有限公司,北京凌宇智控科技有限公司,windows,0,In-App Purchases;Stats,Utilities,Utilities,0,3,1,0,0,0-20000,0.0,4,0.75,3.0,1.3862943611198906,1.6094379124341005,0.0
956880,Géants disparus VR,2018-11-29,0,Glitchr Studio,France Télévisions - Nouvelles Ecritures;Chuck Productions;French Connection films;Glitchr Studio,windows,0,Single-player,Free to Play;Simulation,Free to Play;Simulation;VR,0,10,3,0,0,0-20000,0.0,13,0.7692307692307693,10.0,2.3978952727983707,2.6390573296152584,0.0
958510,Assault on Hyperion Base,2018-11-12,1,Julian Stables,Julian Stables,windows,0,Single-player;Full controller support,Action;Free to Play;Indie,Free to Play;Action;Indie,0,4,3,0,0,0-20000,0.0,7,0.5714285714285714,4.0,1.6094379124341005,2.079441541679836,0.0
958650,Strange Encounter,2018-11-09,1,OfficialCH,OfficialCH,windows,0,Single-player;Steam Achievements;Full controller support,Adventure;Indie,Adventure;Indie;Nudity,7,13,2,0,0,0-20000,0.0,15,0.8666666666666667,13.0,2.6390573296152584,2.772588722239781,0.0
958680,Self-knowledge VR,2019-01-09,1,Aerolito,Aerolito,windows,0,Single-player,Casual;Free to Play;Indie,Free to Play;Indie;Casual,0,9,1,0,0,0-20000,0.0,10,0.9,9.0,2.302585092994046,2.3978952727983707,0.0
959080,Unsung Warriors - Prologue,2019-01-15,1,Osarion;Mountaineer,Osarion;Mountaineer,windows;mac;linux,0,Single-player;Local Co-op;Steam Achievements;Full controller support,Action;Adventure;Free to Play;Indie,Free to Play;Action;Indie,11,436,23,0,0,100000-200000,0.0,459,0.9498910675381264,436.0,6.07993319509559,6.131226489483141,0.0
959170,John:Condemned,2018-10-31,1,Blue Commands,Blue Commands,windows,0,Single-player,Indie,Indie;Gore;Violent,0,6,3,0,0,0-20000,0.0,9,0.6666666666666666,6.0,1.9459101490553128,2.302585092994046,0.0
959750,A Book of Beasts and Buddies,2018-11-14,1,Squiddershins,Squiddershins,windows,0,Single-player,Adventure;Casual;Free to Play;Indie;RPG;Simulation,Free to Play;Adventure;RPG,0,167,3,0,0,20000-50000,0.0,170,0.9823529411764704,167.0,5.123963979403259,5.14166355650266,0.0
960130,Galaxity Beta,2018-11-12,1,"MAMMOSSIX Co., Ltd.","MAMMOSSIX Co., Ltd.",windows,0,Multi-player;Online Multi-Player;MMO;Online Co-op;Cross-Platform Multiplayer,Free to Play;Indie;Massively Multiplayer,Free to Play;Indie;Massively Multiplayer,0,3,4,0,0,0-20000,0.0,7,0.4285714285714285,3.0,1.3862943611198906,2.079441541679836,0.0
960270,Dafen Oil Painting Village: An Immersive Reality,2018-11-15,1,Jeremy Kirshbaum;Alexander Goldman,SixerVR,windows,0,Single-player,Casual;Free to Play;Indie;Simulation,Free to Play;Indie;Casual,0,5,4,0,0,0-20000,0.0,9,0.5555555555555556,5.0,1.791759469228055,2.302585092994046,0.0
960320,Ego Hearts,2019-02-01,1,Ironic Title Studio,Ironic Title Studio,windows;mac,0,Single-player;Full controller support,Free to Play;Indie,Free to Play;Indie;Surreal,9,33,10,0,0,0-20000,0.0,43,0.7674418604651163,33.0,3.5263605246161616,3.784189633918261,0.0
960330,Dark Gnome,2019-03-18,1,upjers,upjers,windows,0,Single-player;Steam Achievements;In-App Purchases,Action;Casual;Free to Play;Strategy,Free to Play;Action;Casual,11,21,15,0,0,20000-50000,0.0,36,0.5833333333333334,21.0,3.091042453358316,3.610917912644224,0.0
962380,HOT FIT!,2018-11-30,0,Cyberworks,Cyberworks,windows,18,Single-player,Adventure,Nudity;Sexual Content;Adventure,0,28,7,0,0,0-20000,0.0,35,0.8,28.0,3.367295829986474,3.58351893845611,0.0
962390,S.A.I.A.'s Awakening: A Robothorium Visual Novel,2019-01-17,1,Goblinz Digital,Goblinz Digital;Whisper Games,windows;mac;linux,0,Single-player;Steam Cloud;Stats,Adventure;Free to Play;Indie;RPG;Simulation;Strategy,Free to Play;Adventure;Indie,0,10,8,0,0,0-20000,0.0,18,0.5555555555555556,10.0,2.3978952727983707,2.9444389791664403,0.0
963210,Another Sight - Hodge's Journey,2018-11-14,1,Lunar Great Wall Studios,Fish Eagle,windows,0,Single-player;Full controller support;Steam Cloud,Action;Adventure;Casual;Indie,Indie;Action;Adventure,0,26,12,0,0,20000-50000,0.0,38,0.6842105263157895,26.0,3.295836866004329,3.6635616461296463,0.0
963290,Heroes of Fortunia,2019-04-04,1,Polska Lemon Ltd.,Polska Lemon Ltd.,windows,0,Single-player;Online Multi-Player,Action;Adventure;Free to Play;RPG;Strategy;Early Access,Early Access;Action;Free to Play,0,31,13,0,0,0-20000,0.0,44,0.7045454545454546,31.0,3.4657359027997265,3.80666248977032,0.0
963910,They That Feast,2018-12-28,1,Blackwood Specter,Blackwood Specter,windows,0,Single-player,Action;Adventure;Indie,Adventure;Indie;Gore,0,9,11,0,0,0-20000,0.0,20,0.45,9.0,2.302585092994046,3.044522437723423,0.0
964040,Snood,2018-12-25,1,"Snood, LLC","Snood, LLC",windows;mac,0,Single-player;In-App Purchases;Steam Leaderboards,Casual;Free to Play;Indie,Free to Play;Casual;Indie,0,19,9,0,0,0-20000,0.0,28,0.6785714285714286,19.0,2.995732273553991,3.367295829986474,0.0
964180,Late'O'Clock,2018-11-09,1,NailGun Studios,NailGun Studios,windows,0,Single-player,Casual;Indie,Indie;Casual;Stealth,0,12,4,0,0,0-20000,0.0,16,0.75,12.0,2.5649493574615367,2.833213344056216,0.0
964350,At Home Alone,2018-11-01,1,阿正不经,0Cube,windows,0,Single-player;Steam Achievements;Partial Controller Support,Adventure;Casual;Free to Play;Indie;RPG;Simulation;Strategy,Free to Play;Horror;Psychological Horror,4,754,145,0,0,50000-100000,0.0,899,0.8387096774193549,754.0,6.626717749249025,6.802394763324311,0.0
964470,Shakes and Fidget Remastered,2018-11-22,1,Playa Games GmbH,Playa Games GmbH,windows,0,Single-player;MMO;Cross-Platform Multiplayer;In-App Purchases,Adventure;Casual;Free to Play;Indie;RPG;Strategy,Free to Play;RPG;Casual,0,203,108,50,91,50000-100000,0.0,311,0.6527331189710611,203.0,5.318119993844216,5.7430031878094825,3.9318256327243257
964960,Plunder,2019-01-16,1,Scott Grambo;Ross Grambo,Grambo Games L.L.P,windows,0,Single-player;Online Multi-Player,Action;Casual;Free to Play;Indie;Early Access,Early Access;Free to Play;Action,0,6,9,0,0,0-20000,0.0,15,0.4,6.0,1.9459101490553128,2.772588722239781,0.0
965080,江湖求生 Ganghood Survival,2018-11-12,0,雷武游戏,雷武游戏,windows,0,Online Multi-Player;Stats,Action;Indie;Massively Multiplayer;Strategy;Early Access,Early Access;Action;Indie,0,87,53,0,0,0-20000,0.0,140,0.6214285714285714,87.0,4.477336814478207,4.948759890378168,0.0
965460,Jungle Guardians,2019-02-28,1,Taploft Sp. z o.o.,Taploft Sp. z o.o.,windows,0,Single-player;Online Multi-Player;Cross-Platform Multiplayer;Steam Achievements;In-App Purchases,Adventure;Free to Play;Simulation;Strategy,Strategy;Free to Play;Adventure,94,21,10,0,0,0-20000,0.0,31,0.6774193548387096,21.0,3.091042453358316,3.4657359027997265,0.0
965920,RocketGO,2018-11-26,1,Ge Yin,Y.L.Legion,windows;mac,0,Single-player;Steam Achievements,Adventure;Casual;Free to Play;Sports,Free to Play;Adventure;Casual,12,18,3,0,0,0-20000,0.0,21,0.8571428571428571,18.0,2.9444389791664403,3.091042453358316,0.0
965940,Qu-tros,2018-11-26,1,Betamaximus-128,Betamaximus-128,windows;linux,0,Single-player;Partial Controller Support;Steam Leaderboards,Casual;Strategy,Casual;Strategy,0,4,3,0,0,0-20000,0.0,7,0.5714285714285714,4.0,1.6094379124341005,2.079441541679836,0.0
966160,Seek Love,2018-11-21,1,SUNYU Software,SUNYU Software,windows;mac,0,Single-player;Steam Achievements;Partial Controller Support;Steam Cloud,Adventure;Casual;Indie;Strategy,Indie;Casual;Strategy,9,9,5,0,0,0-20000,0.0,14,0.6428571428571429,9.0,2.302585092994046,2.70805020110221,0.0
966420,Hell Breaker,2018-12-18,1,bHaptics Inc.,bHaptics Inc.,windows,0,Single-player,Adventure,Adventure;VR,0,3,1,0,0,0-20000,0.0,4,0.75,3.0,1.3862943611198906,1.6094379124341005,0.0
966460,Undress Tournament,2019-01-24,1,HawkX Games;Double Mirage Studio,HawkX Games,windows,18,Single-player;Steam Achievements;In-App Purchases;Steam Cloud,Adventure;Casual;Free to Play;RPG,Sexual Content;Free to Play;Nudity,10,12,9,0,0,0-20000,0.0,21,0.5714285714285714,12.0,2.5649493574615367,3.091042453358316,0.0
967490,Microsoft Maquette,2019-01-15,1,Microsoft Corporation,Microsoft Corporation,windows,0,Single-player,Casual;Free to Play,VR;Design & Illustration;Beautiful,0,21,1,8,8,20000-50000,0.0,22,0.9545454545454546,21.0,3.091042453358316,3.1354942159291497,2.19722457733622
968200,Jump Jumpz,2018-12-05,1,Gronzragüer Games,Gronzragüer Games,windows;mac,0,Single-player;Full controller support,Casual;Free to Play;Indie,Free to Play;Indie;Casual,0,7,7,0,0,0-20000,0.0,14,0.5,7.0,2.079441541679836,2.70805020110221,0.0
968310,Breathe Peace World,2019-01-29,1,GOH Studio,GOH Studio,windows,0,Single-player,Casual;Free to Play;Indie,Free to Play;Indie;Casual,0,9,1,0,0,0-20000,0.0,10,0.9,9.0,2.302585092994046,2.3978952727983707,0.0
968440,Artist Idle,2019-01-18,1,YDKR,YDKR,windows,0,Single-player;Steam Achievements;In-App Purchases;Steam Cloud,Free to Play;Indie,Clicker;Free to Play;Indie,21,80,40,0,0,20000-50000,0.0,120,0.6666666666666666,80.0,4.394449154672439,4.795790545596741,0.0
968500,A Bewitching Revolution,2019-04-09,1,Colestia,Colestia,windows;mac,0,Single-player,Indie,Indie,0,25,1,0,0,0-20000,0.0,26,0.9615384615384616,25.0,3.258096538021482,3.295836866004329,0.0
968700,The Kite,2018-11-19,1,Anate Studio,Anate Studio,windows;mac,0,Single-player,Adventure;Free to Play;Indie,Free to Play;Indie;Adventure,0,295,49,0,0,100000-200000,0.0,344,0.8575581395348837,295.0,5.69035945432406,5.84354441703136,0.0
969240,Siam Twinstick,2018-11-15,1,Matchup-Gamedesign;Tobias Gaertner,Tobias Gaertner,windows,0,Single-player;Local Co-op;Steam Achievements;Full controller support,Indie,Indie,8,3,0,0,0,0-20000,0.0,3,1.0,3.0,1.3862943611198906,1.3862943611198906,0.0
970980,VR INTERACTIVE TRAILER: Runes,2018-11-08,1,StormBorn Studio,StormBorn Studio,windows,0,Single-player,Action;Adventure;Indie,Action;Adventure;Indie,0,6,0,0,0,0-20000,0.0,6,1.0,6.0,1.9459101490553128,1.9459101490553128,0.0
972560,Termite,2018-12-10,1,Milan Toth,Milan Toth,windows;mac;linux,0,Single-player;In-App Purchases,Action;Simulation;Strategy,Strategy;Action;Simulation,0,10,3,0,0,0-20000,0.0,13,0.7692307692307693,10.0,2.3978952727983707,2.6390573296152584,0.0
972600,Block Pooper 9,2018-12-04,1,Popcannibal,Popcannibal,windows,0,Local Multi-Player;Shared/Split Screen;Full controller support,Action;Indie,Indie;Action,0,6,0,0,0,0-20000,0.0,6,1.0,6.0,1.9459101490553128,1.9459101490553128,0.0
972890,RideOp - VR Thrill Ride Experience,2018-11-29,1,GuraShop,GuraShop,windows,0,Single-player,Casual;Simulation,Casual;Simulation;VR,0,22,7,0,0,0-20000,0.0,29,0.7586206896551724,22.0,3.1354942159291497,3.4011973816621555,0.0
973390,Empires:The Rise,2019-01-15,1,阿龟与阿飞,MZ Times,windows,0,Single-player;Multi-player;Online Multi-Player;Online Co-op;Cross-Platform Multiplayer;In-App Purchases,Free to Play;Strategy,Strategy;Free to Play;RTS,0,31,20,0,0,0-20000,0.0,51,0.6078431372549019,31.0,3.4657359027997265,3.951243718581428,0.0
974010,Zero spring episode 2,2018-11-29,1,Sonic-Alpha,NS,windows,0,Single-player,Adventure;Indie;RPG,Adventure;RPG;Indie,0,1,1,0,0,0-20000,0.0,2,0.5,1.0,0.6931471805599453,1.0986122886681098,0.0
974150,WellTown,2019-01-29,1,Wrestler,WREDA,windows,0,Single-player,Adventure;Casual;Free to Play;Indie;Simulation,Free to Play;Adventure;Simulation,0,8,3,0,0,0-20000,0.0,11,0.7272727272727273,8.0,2.19722457733622,2.4849066497880004,0.0
974200,异霊 皓月空华,2018-12-31,0,ZCH字母君,0Cube,windows,0,Single-player,Adventure;Casual;Free to Play;Indie;RPG;Simulation;Strategy,Adventure;Free to Play;Casual,0,49,5,0,0,0-20000,0.0,54,0.9074074074074074,49.0,3.912023005428146,4.007333185232471,0.0
974830,The Art Theft by Jay Doherty,2018-12-03,1,Google,Google,windows,0,Single-player,Adventure,Adventure;VR,0,13,0,0,0,0-20000,0.0,13,1.0,13.0,2.6390573296152584,2.6390573296152584,0.0
974840,A Show of Kindness,2018-11-15,1,Google,Google,windows,0,Single-player,Adventure;Casual,Adventure;Casual;VR,0,16,0,0,0,0-20000,0.0,16,1.0,16.0,2.833213344056216,2.833213344056216,0.0
974950,DAMNOSAUR,2018-11-30,1,Evlanic Entertainment,Evlanic Entertainment,windows,0,Single-player;Co-op;Local Co-op;Shared/Split Screen;Steam Achievements;Full controller support,Action;Casual;Free to Play;Indie,Free to Play;Action;Casual,1,133,12,0,0,0-20000,0.0,145,0.9172413793103448,133.0,4.897839799950911,4.983606621708336,0.0
975030,Abandoned,2018-12-28,1,Devious Minds,Devious Minds,windows,0,Single-player,Free to Play;Indie,Free to Play;Indie;Horror,0,11,17,0,0,0-20000,0.0,28,0.3928571428571428,11.0,2.4849066497880004,3.367295829986474,0.0
975050,Orphan of the Petal,2019-02-04,0,Scorching Castle;Linno,0Cube,windows,0,Single-player,Adventure;Casual;Free to Play;Indie;RPG,Free to Play;RPG;Adventure,0,18,6,0,0,0-20000,0.0,24,0.75,18.0,2.9444389791664403,3.218875824868201,0.0
975700,KóterGame,2018-12-11,1,Dzsembori,Dzsembori,windows,0,Single-player;Steam Cloud,Adventure;Free to Play;Indie;RPG,Free to Play;Adventure;Indie,0,26,2,0,0,0-20000,0.0,28,0.9285714285714286,26.0,3.295836866004329,3.367295829986474,0.0
976020,The True Tales of Bloodstreet 13 - Chapter 1,2019-02-01,1,Alterego Games,Alterego Games,windows;mac,0,Single-player,Adventure;Free to Play;Indie,Free to Play;Adventure;Indie,0,29,7,0,0,0-20000,0.0,36,0.8055555555555556,29.0,3.4011973816621555,3.610917912644224,0.0
976940,永冻之壳 The Shell of Permafrost,2018-12-09,1,mayiyamore,迷糊的安安,windows,0,Single-player;Steam Achievements,Casual;Free to Play;Indie;RPG,Free to Play;RPG;Anime,5,311,5,0,0,20000-50000,0.0,316,0.9841772151898734,311.0,5.7430031878094825,5.75890177387728,0.0
976980,The Great Emu War,2018-12-11,1,Suspicious Box,Suspicious Box,windows,0,Local Multi-Player;Shared/Split Screen;Steam Achievements;Full controller support,Action,Action,7,7,4,0,0,0-20000,0.0,11,0.6363636363636364,7.0,2.079441541679836,2.4849066497880004,0.0
977160,HORSE,2019-02-08,1,cornthea,cornthea,windows,0,Single-player,Adventure;Free to Play;Indie,Adventure;Free to Play;Sexual Content,0,53,31,0,0,0-20000,0.0,84,0.6309523809523809,53.0,3.9889840465642745,4.442651256490317,0.0
977390,Tokyo Warfare Turbo,2019-02-20,1,Pablo Vidaurre Sanz,Pablo Vidaurre Sanz,windows,0,Single-player;Partial Controller Support,Action;Free to Play;Indie;Simulation;Early Access,Early Access;Free to Play;Action,0,120,39,0,0,20000-50000,0.0,159,0.7547169811320755,120.0,4.795790545596741,5.075173815233827,0.0
977400,Cell to Singularity - Evolution Never Ends,2018-12-12,1,Computer Lunch,Computer Lunch,windows;mac,0,Single-player,Casual;Free to Play;Simulation;Early Access,Early Access;Simulation;Clicker,0,471,119,0,0,100000-200000,0.0,590,0.7983050847457627,471.0,6.156978985585555,6.3818160174060985,0.0
977450,Where Thoughts Go: Resolutions,2019-01-05,1,Lucas Rizzotto,Thought Co.,windows,0,Single-player,Casual;Free to Play;Indie,Free to Play;Indie;Casual,0,8,0,0,0,0-20000,0.0,8,1.0,8.0,2.19722457733622,2.19722457733622,0.0
977490,Jigsaw Masterpieces,2019-03-11,1,BottleCube inc.,BottleCube inc.,windows;mac,0,Single-player;Steam Achievements,Casual;Free to Play,Free to Play;Casual;Puzzle,83,7,7,0,0,0-20000,0.0,14,0.5,7.0,2.079441541679836,2.70805020110221,0.0
978270,Sam & Dan: Floaty Flatmates,2018-12-12,1,Pelican Party Studios,Pelican Party Studios,windows,0,Online Multi-Player;Online Co-op,Action;Adventure;Free to Play;Indie;Strategy,VR;Multiplayer;Free to Play,4,128,7,0,0,50000-100000,0.0,135,0.9481481481481482,128.0,4.859812404361672,4.912654885736052,0.0
978290,Total Battle,2018-12-18,1,Fusion Core,SCOREWARRIOR LIMITED,windows,0,Online Multi-Player;Online Co-op;In-App Purchases,Free to Play;Massively Multiplayer;Strategy,Strategy;Free to Play;Massively Multiplayer,0,10,18,0,0,0-20000,0.0,28,0.3571428571428571,10.0,2.3978952727983707,3.367295829986474,0.0
978620,Corma,2019-01-23,1,Nemo Studios,Nemo Studios,windows,0,Single-player;Multi-player,Action;Adventure;Free to Play;Indie;Massively Multiplayer;Strategy;Early Access,Early Access;Free to Play;Survival,0,152,123,0,0,50000-100000,0.0,275,0.5527272727272727,152.0,5.030437921392435,5.62040086571715,0.0
978670,Christmas Clicker: Idle Gift Builder,2018-12-15,1,Autotelic Games LLC,Autotelic Games LLC,windows,0,Single-player;In-App Purchases,Casual;Free to Play;Indie;Strategy,Casual;Free to Play;Indie,0,7,8,0,0,0-20000,0.0,15,0.4666666666666667,7.0,2.079441541679836,2.772588722239781,0.0
978790,Frantic Dimension,2018-12-28,1,Hijong Park,PsychoFlux Entertainment,windows,0,Single-player;Partial Controller Support;Steam Leaderboards,Action;Free to Play;Indie,Free to Play;Action;Indie,0,18,1,0,0,0-20000,0.0,19,0.9473684210526316,18.0,2.9444389791664403,2.995732273553991,0.0
978800,Rolling Bird,2018-12-28,1,Hijong Park,PsychoFlux Entertainment,windows,0,Single-player;Steam Achievements;Partial Controller Support;Steam Leaderboards,Action;Free to Play;Indie,Free to Play;Indie;Action,6,73,6,0,0,20000-50000,0.0,79,0.9240506329113924,73.0,4.30406509320417,4.382026634673881,0.0
978840,Nanobotic,2019-04-22,1,FrozenPixel (FPX),FrozenPixel (FPX),windows,0,Multi-player;Online Multi-Player;In-App Purchases,Action;Free to Play;Indie;Strategy;Early Access,Early Access;Free to Play;Action,0,39,45,0,0,0-20000,0.0,84,0.4642857142857143,39.0,3.688879454113936,4.442651256490317,0.0
978910,Necro Defense,2019-01-25,0,3D FACTORY,3D FACTORY,windows,0,Single-player,Action;Simulation;Strategy,Strategy;Action;Simulation,0,1,2,0,0,0-20000,0.0,3,0.3333333333333333,1.0,0.6931471805599453,1.3862943611198906,0.0
978970,God Hand,2019-02-10,1,3D FACTORY,3D FACTORY,windows,0,Single-player,Action;Free to Play;Simulation,Free to Play;Simulation;Action,0,11,1,0,0,0-20000,0.0,12,0.9166666666666666,11.0,2.4849066497880004,2.5649493574615367,0.0
979060,Bloons Adventure Time TD,2019-01-16,1,Ninja Kiwi,Ninja Kiwi,windows;mac,0,Single-player;Steam Achievements;In-App Purchases,Action;Strategy,Action;Strategy;Tower Defense,71,79,33,0,0,20000-50000,0.0,112,0.7053571428571429,79.0,4.382026634673881,4.727387818712341,0.0
979080,Rebel Forces,2018-12-20,1,FreezeNova,FreezeNova,windows,0,Single-player;Multi-player;Online Multi-Player;Steam Achievements;Stats;Steam Leaderboards,Action;Free to Play;Indie,Free to Play;Action;Indie,7,530,150,0,0,100000-200000,0.0,680,0.7794117647058824,530.0,6.274762021241939,6.523562306149512,0.0
979100,Experience: Colorblindness,2018-11-27,1,iNFINITE Production,iNFINITE Production,windows,0,Single-player,Simulation,Simulation;VR;VR Only,0,17,1,0,0,0-20000,0.0,18,0.9444444444444444,17.0,2.8903717578961645,2.9444389791664403,0.0
979170,CARDCORE,2018-11-26,1,Azorian;kron0s_alexey;Pavel_Balakin,Elina Faritovna Balakina,windows,0,Single-player;Multi-player;Online Multi-Player;Local Multi-Player;Steam Achievements,Free to Play;Indie;Strategy,Free to Play;Strategy;Indie,45,19,19,0,0,0-20000,0.0,38,0.5,19.0,2.995732273553991,3.6635616461296463,0.0
979260,Gizmo,2018-12-05,1,Dane Winn;Alec Smith,Milo Games,windows,0,Single-player;Steam Achievements;Full controller support,Action;Indie,Indie;Action;3D Platformer,3,141,9,0,0,20000-50000,0.0,150,0.94,141.0,4.955827057601261,5.017279836814924,0.0
979680,In your Shadow,2018-12-03,1,Zohar Neiger,Zohar Neiger,windows,0,Single-player,Free to Play;Indie,Violent;Free to Play;Indie,0,3,3,0,0,0-20000,0.0,6,0.5,3.0,1.3862943611198906,1.9459101490553128,0.0
979760,PASKA BATTLE STYLE!,2018-12-17,1,Fabio Adamo,Fabio Adamo,windows,0,Single-player,Action;Adventure;Indie,Action;Indie;Adventure,0,2,1,0,0,0-20000,0.0,3,0.6666666666666666,2.0,1.0986122886681098,1.3862943611198906,0.0
980730,Underlight,2018-12-14,1,"KoiWare, LLC","KoiWare, LLC",windows,0,MMO,Free to Play;Massively Multiplayer;RPG,Free to Play;Massively Multiplayer;RPG,0,43,15,0,0,0-20000,0.0,58,0.7413793103448276,43.0,3.784189633918261,4.07753744390572,0.0
980850,Pixel Battle Royale,2019-01-31,1,FreezeNova,FreezeNova,windows,0,Multi-player;Online Multi-Player;Steam Achievements;Stats;Steam Leaderboards,Action;Free to Play;Indie,Free to Play;Action;Indie,11,164,137,0,0,50000-100000,0.0,301,0.5448504983388704,164.0,5.10594547390058,5.71042701737487,0.0
980950,Crome: Before Purgatory,2019-01-29,1,Stumphead Games,Stumphead Games,windows;mac,0,Single-player;Steam Achievements;Full controller support;Stats;Steam Leaderboards,Action,Action,9,13,1,0,0,0-20000,0.0,14,0.9285714285714286,13.0,2.6390573296152584,2.70805020110221,0.0
981290,CGENcore,2019-02-16,1,O L Y M P U S,O L Y M P U S,windows,0,Single-player,Casual;Free to Play;Indie;Simulation,Free to Play;Indie;Casual,0,21,18,0,0,0-20000,0.0,39,0.5384615384615384,21.0,3.091042453358316,3.688879454113936,0.0
981310,Ishmael,2018-12-10,1,Jordan Magnuson,Jordan Magnuson,windows,0,Single-player,Adventure;Casual;Free to Play;Indie;RPG;Simulation,Free to Play;Indie;Adventure,0,21,15,0,0,0-20000,0.0,36,0.5833333333333334,21.0,3.091042453358316,3.610917912644224,0.0
982010,ZDF History 360° – Tempelhof,2018-12-08,0,ZDF Digital Medienproduktion GmbH,Zweites Deutsches Fernsehen – Anstalt öffentlichen Rechts,windows,0,Single-player;Partial Controller Support,Adventure,Adventure;VR,0,3,7,0,0,0-20000,0.0,10,0.3,3.0,1.3862943611198906,2.3978952727983707,0.0
982380,Gods and Kings,2018-12-24,1,Xuanjin Studio,Xuanjin Studio,windows,0,Single-player;Steam Cloud,Free to Play;RPG;Strategy;Early Access,Early Access;Free to Play;RPG,3,18,10,0,0,0-20000,0.0,28,0.6428571428571429,18.0,2.9444389791664403,3.367295829986474,0.0
982710,Cop Academy,2019-03-22,1,Cursing Otter,Rubika Supinfogame,windows,0,Multi-player;Local Multi-Player;Co-op;Local Co-op;Steam Achievements;Stats,Free to Play;Indie,Free to Play;Indie;VR,18,4,3,0,0,0-20000,0.0,7,0.5714285714285714,4.0,1.6094379124341005,2.079441541679836,0.0
983120,TendyTrainer,2018-12-03,1,Owen Smallwood;Duncan Boyes,Owen Smallwood;Duncan Boyes,windows,0,Single-player,Free to Play;Simulation;Sports,Free to Play;Simulation;Sports,0,5,1,0,0,0-20000,0.0,6,0.8333333333333334,5.0,1.791759469228055,1.9459101490553128,0.0
983990,Steel Alcimus,2018-12-28,1,Hijong Park,PsychoFlux Entertainment,windows,0,Single-player,Action;Free to Play;Indie,Free to Play;Action;Indie,5,16,1,0,0,0-20000,0.0,17,0.9411764705882352,16.0,2.833213344056216,2.8903717578961645,0.0
984110,SYNTHETIK: Arena,2019-01-21,1,Flow Fire Games,Flow Fire Games,windows,0,Single-player;Online Co-op;Full controller support;Steam Cloud,Action;Free to Play;Indie,Free to Play;Action;Indie,0,379,87,0,0,100000-200000,0.0,466,0.8133047210300429,379.0,5.940171252720432,6.1463292576688975,0.0
984240,School Grounds,2018-12-14,1,JubleLemonSeed,JubleLemonSeed,windows,0,Single-player,Casual;Free to Play;Indie,Free to Play;Indie;Gore,0,21,19,0,0,0-20000,0.0,40,0.525,21.0,3.091042453358316,3.713572066704308,0.0
984570,Chess Sphere,2018-12-07,1,betamaximus-128,betamaximus-128,windows;linux,0,Online Multi-Player;Steam Leaderboards,Strategy,Strategy;Chess,0,8,1,0,0,0-20000,0.0,9,0.8888888888888888,8.0,2.19722457733622,2.302585092994046,0.0
985020,Three Kingdoms：Ancient battlefield | 三国古战略,2018-12-20,0,小戴的奴隶们;小戴的奴隶们,小戴的奴隶们;小戴的奴隶们,windows,0,Online Multi-Player;In-App Purchases,Free to Play;Indie;Massively Multiplayer;Strategy,Strategy;Massively Multiplayer;Indie,0,10,1,0,0,0-20000,0.0,11,0.9090909090909092,10.0,2.3978952727983707,2.4849066497880004,0.0
985560,Magic Mouse,2019-03-02,1,Reed Mosby;Riley Shanley;Luke Fritz;Brian Fitzgerald;Nicholas Herink;Caraline Aldis;Karena Williams;Sam Fadare;Eric Bodreau,RR Games,windows,0,Single-player,Action;Adventure;Free to Play;Indie,Free to Play;Action;Indie,0,12,3,0,0,0-20000,0.0,15,0.8,12.0,2.5649493574615367,2.772588722239781,0.0
985710,Wall Street Tycoon,2019-03-14,1,Red Fox Game Studios,Red Fox Game Studios,windows,0,Single-player;Steam Achievements,Free to Play;Indie;Simulation;Strategy,Free to Play;Strategy;Simulation,14,32,24,0,0,0-20000,0.0,56,0.5714285714285714,32.0,3.49650756146648,4.04305126783455,0.0
987820,CHRONO,2018-12-12,1,Martin Nayeri,nima,windows;mac,0,Local Multi-Player;Shared/Split Screen;Partial Controller Support,Action;Casual;Free to Play,Free to Play;Casual;Action,0,54,18,0,0,20000-50000,0.0,72,0.75,54.0,4.007333185232471,4.290459441148391,0.0
987900,Seeker,2018-12-31,1,Sheer Studios,Sheer Studios,windows,0,Single-player,Adventure;Casual;Free to Play;Indie;Strategy,Free to Play;Casual;Indie,0,232,42,0,0,20000-50000,0.0,274,0.8467153284671532,232.0,5.4510384535657,5.616771097666572,0.0
987910,WarZone Flashpoint,2018-12-14,1,Dust Storm Entertainment,Dust Storm Entertainment,windows,0,Single-player,Action;Free to Play;Indie;Strategy;Early Access,Early Access;Free to Play;Strategy,0,33,17,0,0,0-20000,0.0,50,0.66,33.0,3.5263605246161616,3.9318256327243257,0.0
987980,王者战车,2018-12-23,0,acechariot;acechariot,acechariot;acechariot,windows,0,Single-player;Multi-player;MMO,Action;Adventure;Casual;Free to Play;Massively Multiplayer;Simulation;Sports;Strategy,Free to Play;Action;Strategy,0,3,7,0,0,0-20000,0.0,10,0.3,3.0,1.3862943611198906,2.3978952727983707,0.0
988430,Lightseekers,2019-01-31,1,PlayFusion,PlayFusion,windows;mac,0,Single-player;Online Multi-Player;Cross-Platform Multiplayer;Steam Achievements;In-App Purchases;Stats,Free to Play;Strategy,Free to Play;Strategy;Card Game,100,41,17,0,0,0-20000,0.0,58,0.7068965517241379,41.0,3.737669618283368,4.07753744390572,0.0
988480,Warhammer Age of Sigmar: Champions,2019-02-19,1,PlayFusion,PlayFusion,windows;mac,0,Single-player;Online Multi-Player;Cross-Platform Multiplayer;Steam Achievements;In-App Purchases;Partial Controller Support;Stats,Free to Play;Strategy,Strategy;Free to Play;Card Game,100,77,47,0,0,20000-50000,0.0,124,0.6209677419354839,77.0,4.356708826689592,4.8283137373023015,0.0
989190,Slay All Goblins,2019-01-15,1,ninedux,ninedux,windows,0,Single-player;Partial Controller Support,Action;Adventure;Casual;Indie,Action;Indie;Casual,0,5,4,0,0,0-20000,0.0,9,0.5555555555555556,5.0,1.791759469228055,2.302585092994046,0.0
989490,The Emulator,2018-12-21,1,Studio Snowspot;T Allen Studios,Studio Snowspot;T Allen Studios,windows;mac,0,Single-player;Full controller support,Action;Indie,Violent;Gore;Indie,10,18,17,0,0,0-20000,0.0,35,0.5142857142857142,18.0,2.9444389791664403,3.58351893845611,0.0
989540,THE LAST SURVIVOR,2019-01-24,1,Skyline Games,Skyline Games,windows,0,Single-player;Steam Leaderboards,Action;Adventure;Free to Play,Free to Play;Gore;Violent,0,24,22,0,0,0-20000,0.0,46,0.5217391304347826,24.0,3.218875824868201,3.8501476017100575,0.0
990060,War Online: Pacific,2019-01-17,1,HiTech Creations Inc.,HiTech Creations Inc.,windows,0,Single-player;Online Multi-Player;MMO;Online Co-op;In-App Purchases,Free to Play;Massively Multiplayer;Simulation,Free to Play;Simulation;Massively Multiplayer,0,16,24,0,0,0-20000,0.0,40,0.4,16.0,2.833213344056216,3.713572066704308,0.0
990250,Darkness and Flame: The Dark Side f2p,2018-12-26,1,FIVE-BN GAMES,FIVE-BN GAMES,windows;mac,0,Single-player;Steam Achievements;In-App Purchases;Steam Cloud,Adventure;Casual,Adventure;Casual;Hidden Object,22,27,10,0,0,0-20000,0.0,37,0.7297297297297297,27.0,3.332204510175204,3.6375861597263857,0.0
990720,Bookend,2019-03-06,1,Paper Crown Interactive,Paper Crown Interactive,windows,0,Single-player,Indie,Indie,0,11,2,0,0,0-20000,0.0,13,0.8461538461538461,11.0,2.4849066497880004,2.6390573296152584,0.0
991790,Magnesia,2019-01-07,1,Toruko Games,Toruko Games,windows;mac,0,Single-player,Adventure;Casual;Free to Play;Indie;RPG;Early Access,Early Access;Free to Play;Indie,0,48,16,0,0,0-20000,0.0,64,0.75,48.0,3.8918202981106265,4.174387269895637,0.0
992070,Idle Wizard,2019-01-24,1,TwoWizards,TwoWizards,windows;mac;linux,0,Single-player;Steam Achievements;In-App Purchases;Steam Cloud,Casual;Free to Play,Free to Play;Casual;Clicker,55,108,26,0,0,20000-50000,0.0,134,0.8059701492537313,108.0,4.691347882229144,4.90527477843843,0.0
992310,Backbone: Prologue,2019-04-24,1,EggNut,EggNut,windows,0,Single-player,Adventure;Free to Play;Indie;RPG,Free to Play;Indie;Adventure,0,208,3,0,0,20000-50000,0.0,211,0.985781990521327,208.0,5.342334251964811,5.356586274672012,0.0
992490,iVRy Driver for SteamVR,2019-01-24,1,Mediator Software,Mediator Software,windows,0,Full controller support;In-App Purchases,Utilities,Utilities;VR,0,18,1,0,0,20000-50000,0.0,19,0.9473684210526316,18.0,2.9444389791664403,2.995732273553991,0.0
992520,Meadow Fun!!,2019-01-07,1,Antonio Latronico,Antonio Latronico,windows,0,Single-player;Captions available;Partial Controller Support,Adventure;Casual;Indie,Indie;Casual;Adventure,0,4,0,0,0,0-20000,0.0,4,1.0,4.0,1.6094379124341005,1.6094379124341005,0.0
992790,Switch & Ditch,2019-01-09,1,Tempera Games,Tempera Games,windows;mac,0,Multi-player;Local Multi-Player;Shared/Split Screen;Full controller support,Action;Casual,Action;Casual;Local Multiplayer,0,6,1,0,0,0-20000,0.0,7,0.8571428571428571,6.0,1.9459101490553128,2.079441541679836,0.0
992860,Intrepid,2018-12-22,1,Miskatonic Studio,Miskatonic Studio,windows;mac;linux,0,Single-player,Adventure;Free to Play;Indie,Free to Play;Adventure;Indie,0,29,21,0,0,0-20000,0.0,50,0.58,29.0,3.4011973816621555,3.9318256327243257,0.0
993170,THE DEVIL HAUNTS ME,2019-01-06,1,games by lum,games by lum,windows;mac;linux,0,Single-player;Steam Achievements;Partial Controller Support,Adventure,Gore;Adventure;Survival,14,28,2,0,0,0-20000,0.0,30,0.9333333333333332,28.0,3.367295829986474,3.4339872044851463,0.0
994190,Sound Slide,2019-01-24,1,Sound Slide Team,IronEqual,windows,0,Single-player;Steam Achievements,Casual;Free to Play;Indie,Free to Play;Casual;Indie,33,215,73,0,0,50000-100000,0.0,288,0.7465277777777778,215.0,5.375278407684165,5.666426688112432,0.0
994260,Accel,2019-02-12,1,Objectif 3D - game,Objectif 3D - game,windows,0,Single-player,Action;Free to Play;Indie,Free to Play;Action;Indie,22,42,9,0,0,0-20000,0.0,51,0.8235294117647058,42.0,3.7612001156935615,3.951243718581428,0.0
994520,Oh Trap!,2018-12-27,1,Mint & Dough,Mint & Dough,windows;mac,0,Local Multi-Player;Local Co-op;Shared/Split Screen;Full controller support,Action;Casual;Free to Play;Indie;Early Access,Early Access;Free to Play;Indie,0,31,9,0,0,20000-50000,0.0,40,0.775,31.0,3.4657359027997265,3.713572066704308,0.0
994590,Pixel Fish,2019-01-07,1,Conifer Studios,Conifer Studios,windows,0,Single-player,Action;Casual;Indie,Action;Indie;Casual,0,2,0,0,0,0-20000,0.0,2,1.0,2.0,1.0986122886681098,1.0986122886681098,0.0
994610,RelayCars,2019-03-06,1,RelayCars®,RelayCars®,windows,0,Single-player,Casual,Casual;VR Only,0,3,0,0,0,0-20000,0.0,3,1.0,3.0,1.3862943611198906,1.3862943611198906,0.0
994930,Soccer Manager 2019,2018-12-19,1,Soccer Manager Ltd,Soccer Manager Ltd,windows,0,Single-player;In-App Purchases,Sports,Sports;Soccer;Management,0,131,61,0,0,50000-100000,0.0,192,0.6822916666666666,131.0,4.882801922586371,5.262690188904886,0.0
995720,Coffee VendoR,2019-01-29,1,Leland Wilson,Leland Wilson,windows,0,Single-player;Steam Achievements;Steam Leaderboards,Casual;Free to Play;Simulation,Free to Play;Casual;Simulation,13,8,3,0,0,0-20000,0.0,11,0.7272727272727273,8.0,2.19722457733622,2.4849066497880004,0.0
997180,be you,2019-02-04,1,louis morel,louis morel,windows,0,Single-player,Adventure;Casual;Free to Play;Indie;RPG;Simulation,Free to Play;Indie;Adventure,0,111,17,0,0,0-20000,0.0,128,0.8671875,111.0,4.718498871295094,4.859812404361672,0.0
998660,Sopwith VR,2018-12-26,1,David Mohr Gould,David Mohr Gould,windows,0,Single-player,Action;Casual;Free to Play;Simulation;Early Access,Early Access;Free to Play;Action,0,94,16,0,0,20000-50000,0.0,110,0.8545454545454545,94.0,4.553876891600541,4.709530201312334,0.0
998820,Cortex,2018-12-28,1,Milan Toth,Milan Toth,windows;mac;linux,0,Single-player;In-App Purchases,Action,Action,0,5,0,0,0,0-20000,0.0,5,1.0,5.0,1.791759469228055,1.791759469228055,0.0
999200,Offendron Warrior,2018-12-28,1,Hijong Park,PsychoFlux Entertainment,windows,0,Single-player;Steam Achievements;Partial Controller Support;Steam Leaderboards,Action;Free to Play;Indie,Free to Play;Action;Indie,25,24,2,0,0,20000-50000,0.0,26,0.9230769230769232,24.0,3.218875824868201,3.295836866004329,0.0
999540,Scroll2Read,2019-01-07,1,Leckugan,Leckugan,windows,0,Single-player,Action;Adventure;Free to Play;Indie;Early Access,Early Access;Free to Play;Action,0,2,1,0,0,0-20000,0.0,3,0.6666666666666666,2.0,1.0986122886681098,1.3862943611198906,0.0
999560,Fragile Equilibrium,2019-01-04,1,Magic Spell Studios,Magic Spell Studios,windows,0,Single-player;Partial Controller Support,Action;Indie,Action;Indie,0,8,1,0,0,0-20000,0.0,9,0.8888888888888888,8.0,2.19722457733622,2.302585092994046,0.0
999760,Mobile Wars X,2018-12-28,1,NAPE GAMES,NAPE GAMES,windows,0,Single-player,Action;Casual;Free to Play;Indie,Free to Play;Action;Indie,0,16,6,0,0,0-20000,0.0,22,0.7272727272727273,16.0,2.833213344056216,3.1354942159291497,0.0
999830,Becalm,2019-01-17,1,Colorfiction,Colorfiction,windows;mac;linux,0,Single-player,Casual;Free to Play;Indie,Free to Play;Casual;Indie,0,140,29,0,0,0-20000,0.0,169,0.8284023668639053,140.0,4.948759890378168,5.135798437050262,0.0
1000110,Jumping Master(跳跳大咖),2019-04-08,1,重庆环游者网络科技,重庆环游者网络科技,windows,0,Single-player;Multi-player;Online Multi-Player;Co-op;Online Co-op,Action;Adventure;Casual;Free to Play;Massively Multiplayer,Free to Play;Massively Multiplayer;Action,0,20,7,0,0,0-20000,0.0,27,0.7407407407407407,20.0,3.044522437723423,3.332204510175204,0.0
1000380,Rogue Reaper,2019-02-01,1,Fireroot Studios,Fireroot Studios,windows,0,Single-player;Steam Achievements,Action;Adventure;Free to Play;Indie,Free to Play;Action;Indie,10,216,70,0,0,50000-100000,0.0,286,0.7552447552447552,216.0,5.37989735354046,5.659482215759621,0.0
1000540,Tactical Control,2019-03-21,1,Hellride Games,Hellride Games,windows,0,Online Multi-Player;Steam Achievements;Stats,Casual;Free to Play;Indie;Strategy,Free to Play;Casual;Strategy,25,23,4,0,0,0-20000,0.0,27,0.8518518518518519,23.0,3.1780538303479458,3.332204510175204,0.0
1000860,Allspace,2019-01-22,1,ShilohGames,ShilohGames,windows;mac;linux,0,Multi-player;Online Multi-Player;Full controller support,Action;Massively Multiplayer;Simulation;Early Access,Early Access;Action;Simulation,0,24,8,0,0,0-20000,0.0,32,0.75,24.0,3.218875824868201,3.49650756146648,0.0
1001550,In Orbit,2019-01-18,1,MAP Design Lab,MAP Design Lab,windows,0,Single-player,Indie;Simulation,Indie;Simulation;VR,0,3,2,0,0,0-20000,0.0,5,0.6,3.0,1.3862943611198906,1.791759469228055,0.0
1001860,Casual Desktop Game,2019-01-11,1,dny.coder,dny.coder,windows,0,Single-player,Action;Casual;Free to Play;Indie;Early Access,Early Access;Free to Play;Casual,0,49,5,0,0,0-20000,0.0,54,0.9074074074074074,49.0,3.912023005428146,4.007333185232471,0.0
1002290,某1种青春,2019-02-17,0,绮梦妄想社,绮梦妄想社,windows,0,Single-player,Casual;Free to Play;Indie,Free to Play;Indie;Casual,0,103,4,0,0,0-20000,0.0,107,0.9626168224299064,103.0,4.6443908991413725,4.68213122712422,0.0
1002600,Temple of Pizza,2019-01-13,1,Paul Kohler,Paul Kohler,windows,0,Single-player,Action;Adventure;Casual;Simulation,Action;Casual;Simulation,0,3,1,0,0,0-20000,0.0,4,0.75,3.0,1.3862943611198906,1.6094379124341005,0.0
1002690,Hand of Horzasha,2019-01-30,1,Shiny Vacation,Shiny Vacation,windows;mac,0,Single-player;Steam Achievements;Full controller support,Adventure;Casual;Indie;Simulation,Adventure;Simulation;Indie,48,4,0,0,0,0-20000,0.0,4,1.0,4.0,1.6094379124341005,1.6094379124341005,0.0
1002850,古战三国 Ancient War: Three Kingdoms,2019-02-26,0,Ancient War Studios,Ancient War Studios,windows,0,Single-player;Online Multi-Player;In-App Purchases,Free to Play;Indie;RPG;Simulation;Strategy;Early Access,Early Access;Strategy;Indie,0,34,23,0,0,0-20000,0.0,57,0.5964912280701754,34.0,3.555348061489413,4.060443010546419,0.0
1002890,Galaxity,2019-01-24,1,"MAMMOSSIX Co., Ltd.","MAMMOSSIX Co., Ltd.",windows,0,Multi-player;Online Multi-Player;MMO;Online Co-op;Cross-Platform Multiplayer,Free to Play;Indie;Massively Multiplayer;Early Access,Early Access;Free to Play;Massively Multiplayer,0,6,4,0,0,0-20000,0.0,10,0.6,6.0,1.9459101490553128,2.3978952727983707,0.0
1002920,The Last Dinner,2019-01-10,1,西安乐趣软件科技有限公司,西安乐趣软件科技有限公司,windows,0,Single-player,Free to Play,Free to Play;Gore;VR,0,10,9,0,0,0-20000,0.0,19,0.5263157894736842,10.0,2.3978952727983707,2.995732273553991,0.0
1002930,坦克大战：共和国之辉,2019-04-08,0,HQGames,HQGames,windows,0,Multi-player;Online Multi-Player;MMO;Co-op;In-App Purchases,Free to Play;RPG;Strategy;Early Access,Early Access;Free to Play;Strategy,85,40,7,0,0,0-20000,0.0,47,0.851063829787234,40.0,3.713572066704308,3.871201010907891,0.0
1003400,The Lord of the Rings: Journeys in Middle-earth,2019-04-18,1,Fantasy Flight Games,Fantasy Flight Games,windows;mac,0,Single-player;Local Multi-Player;Local Co-op;Shared/Split Screen;Steam Cloud,Adventure;RPG;Strategy,Strategy;Adventure;RPG,0,17,5,0,0,0-20000,0.0,22,0.7727272727272727,17.0,2.8903717578961645,3.1354942159291497,0.0
1003940,Invasion Zero,2019-01-11,1,NeatVibez,NeatVibez,windows,0,Multi-player;Online Multi-Player,Action;Free to Play,Free to Play;Gore;Violent,0,5,9,0,0,0-20000,0.0,14,0.3571428571428571,5.0,1.791759469228055,2.70805020110221,0.0
1004190,Flowers in Dark,2019-01-03,1,晨风工坊/DAWNWING SHOP,0Cube,windows,0,Single-player,Adventure;Casual;Free to Play;Indie;RPG;Simulation;Strategy;Early Access,Early Access;Free to Play;RPG,0,59,6,0,0,0-20000,0.0,65,0.9076923076923076,59.0,4.0943445622221,4.189654742026425,0.0
1005870,HYPERFIGHT Max Battle,2019-03-07,1,Hypersnow Games,Hypersnow Games,windows;mac;linux,0,Single-player;Multi-player;Local Multi-Player;Shared/Split Screen;Full controller support,Action;Free to Play;Indie,Free to Play;Action;Indie,0,102,18,0,0,20000-50000,0.0,120,0.85,102.0,4.634728988229636,4.795790545596741,0.0
1005910,TAKANARIA,2019-01-14,1,Crownbird,Crownbird,windows,0,Single-player,Casual;Free to Play;Indie;RPG,Free to Play;RPG;Indie,0,125,17,0,0,20000-50000,0.0,142,0.8802816901408451,125.0,4.836281906951478,4.962844630259907,0.0
1006390,プランZ PlanZ,2019-02-04,1,Yomu,Yomu,windows,0,Online Multi-Player,Casual;Free to Play;Strategy;Early Access,Early Access;Free to Play;Casual,14,7,2,0,0,0-20000,0.0,9,0.7777777777777778,7.0,2.079441541679836,2.302585092994046,0.0
1006730,Cantrip Cafe,2019-02-14,1,Jaden Davis;Eva Wierzbicki,Chubby Puppy Games,windows;mac,0,Single-player;Multi-player;Local Multi-Player;Co-op;Local Co-op;Shared/Split Screen;Steam Achievements;Full controller support,Casual,Casual;Co-op;Magic,13,5,0,0,0,0-20000,0.0,5,1.0,5.0,1.791759469228055,1.791759469228055,0.0
1007260,BubbleGum-Push,2019-03-11,1,GoshFather,GoshFather,windows,0,Single-player,Casual;Free to Play;Indie,Free to Play;Indie;Casual,0,4,3,0,0,0-20000,0.0,7,0.5714285714285714,4.0,1.6094379124341005,2.079441541679836,0.0
1007360,SZEN,2019-01-30,1,Theory Studios LLC,Theory Studios LLC,windows,0,Single-player,Casual;Indie;Simulation,Indie;Casual;Simulation,0,3,0,0,0,0-20000,0.0,3,1.0,3.0,1.3862943611198906,1.3862943611198906,0.0
1007820,Brawl,2019-01-20,1,Milan Toth,Milan Toth,windows;mac,0,Single-player;In-App Purchases,Action,Action,0,6,0,0,0,0-20000,0.0,6,1.0,6.0,1.9459101490553128,1.9459101490553128,0.0
1008000,Aetheria Online,2019-02-01,1,Zachary Hodges,Zachary Hodges,windows,0,Multi-player;Online Multi-Player;MMO;Co-op;Online Co-op,Adventure;Free to Play;Indie;Massively Multiplayer;RPG,Free to Play;RPG;Adventure,0,42,20,0,0,0-20000,0.0,62,0.6774193548387096,42.0,3.7612001156935615,4.143134726391533,0.0
1009040,Last Days Motel,2019-02-03,1,陌上科技,陌上科技,windows,0,Single-player;Online Multi-Player,Adventure;Free to Play;RPG;Simulation;Strategy;Early Access,Early Access;Free to Play;Adventure,0,24,21,0,0,0-20000,0.0,45,0.5333333333333333,24.0,3.218875824868201,3.828641396489095,0.0
1009910,Ninja?,2019-01-23,1,Griffin DesBles,Griffin DesBles,windows,0,Single-player,Casual;Free to Play;Indie,Free to Play;Indie;Casual,0,3,5,0,0,0-20000,0.0,8,0.375,3.0,1.3862943611198906,2.19722457733622,0.0
1009950,Once10,2019-01-23,0,净土制作室;乌鸦大仙,净土制作室;乌鸦大仙,windows,0,Single-player,Adventure;Free to Play;Indie,Free to Play;Adventure;Indie,7,22,6,0,0,0-20000,0.0,28,0.7857142857142857,22.0,3.1354942159291497,3.367295829986474,0.0
1009990,SCP022,2019-02-02,1,KL GAMES,KL GAMES,windows,0,Single-player;Steam Achievements,Indie,Horror;Free to Play;Indie,5,144,31,0,0,20000-50000,0.0,175,0.8228571428571428,144.0,4.976733742420574,5.170483995038151,0.0
1010850,東方翠神廻廊 〜 Faith in the Goddess of Suwa.,2019-02-11,1,T.D,T.D,windows,0,Single-player,Free to Play;RPG;Early Access,Early Access;Sexual Content;Free to Play,0,64,13,0,0,0-20000,0.0,77,0.8311688311688312,64.0,4.174387269895637,4.356708826689592,0.0
1011000,Infinite Art Museum,2019-04-05,1,Nigel Fogden,Infinite Art Museum,windows,0,Single-player,Free to Play;Simulation;Early Access,Early Access;Free to Play;Simulation,0,16,1,0,0,0-20000,0.0,17,0.9411764705882352,16.0,2.833213344056216,2.8903717578961645,0.0
1011510,Wizard And Minion Idle,2019-02-07,1,Oninou,Oninou,windows,0,Single-player;In-App Purchases,RPG,RPG;Clicker;Free to Play,69,48,10,0,0,0-20000,0.0,58,0.8275862068965517,48.0,3.8918202981106265,4.07753744390572,0.0
1011960,Arena of Shaelo,2019-02-15,1,Royal Donut,Royal Donut,windows;linux,0,Co-op;Shared/Split Screen;Captions available;Partial Controller Support,Casual;Indie;Strategy,Casual;Strategy;Indie,0,3,0,0,0,0-20000,0.0,3,1.0,3.0,1.3862943611198906,1.3862943611198906,0.0
1012240,旅燕归航 Swallow Homing,2019-02-13,0,吃了就睡工作室;次韵和,吃了就睡工作室,windows,0,Single-player,Indie,Indie,0,140,2,0,0,0-20000,0.0,142,0.9859154929577464,140.0,4.948759890378168,4.962844630259907,0.0
1012730,九劫曲:诅咒之地 NineTrials Test Server,2019-03-01,1,深圳市爱玩游戏科技有限公司,深圳市爱玩游戏科技有限公司,windows,0,Online Multi-Player,Action;Free to Play;Massively Multiplayer,Free to Play;Massively Multiplayer;Action,0,79,31,0,0,20000-50000,0.0,110,0.7181818181818181,79.0,4.382026634673881,4.709530201312334,0.0
1012940,Seance: The Unquiet (Demo 2),2019-01-28,1,Holospark,Holospark,windows,0,Single-player,Indie,Indie;VR,0,11,0,0,0,0-20000,0.0,11,1.0,11.0,2.4849066497880004,2.4849066497880004,0.0
1013360,Feditor,2019-02-04,1,Mark Craigie,Mark Craigie,windows,0,Single-player;Steam Leaderboards,Free to Play;Indie;Simulation,Free to Play;Indie;Simulation,0,13,4,0,0,0-20000,0.0,17,0.7647058823529411,13.0,2.6390573296152584,2.8903717578961645,0.0
1014350,Once A Stray,2019-01-28,1,Ross Winters;Austin Pinzon;Adrian Lannon;Ana Beltran;David Almaguer;Ryan Rosado;Chris Perry;Emily Bannister;Nicolas Kemball-Cook;Doug Fialko;Joel Arroyo,Fire Fighter Games,windows,0,Single-player;Full controller support,Action;Adventure,Action;Adventure,0,4,0,0,0,0-20000,0.0,4,1.0,4.0,1.6094379124341005,1.6094379124341005,0.0
1014370,Bouncing DVD : The Game,2019-02-10,1,RoomsforRockets,RoomsforRockets,windows,0,Single-player;Steam Leaderboards,Casual;Free to Play;Indie,Free to Play;Casual;Indie,0,83,18,0,0,0-20000,0.0,101,0.8217821782178217,83.0,4.430816798843313,4.624972813284271,0.0
1014550,One Synth,2019-02-16,1,Kawaiisun Games,Kawaiisun Games,windows;mac,0,Single-player;Steam Workshop;Includes level editor,Adventure;Casual;Indie;Simulation,Adventure;Casual;Indie,0,19,0,0,0,0-20000,0.0,19,1.0,19.0,2.995732273553991,2.995732273553991,0.0
1014880,By Moonlight,2019-02-19,1,SugarHyped,SugarHyped,windows;mac,0,Single-player,Casual;Free to Play;Indie;RPG;Simulation;Strategy,Free to Play;Casual;RPG,0,62,4,0,0,0-20000,0.0,66,0.9393939393939394,62.0,4.143134726391533,4.204692619390966,0.0
1016110,Self-Reliance 自我性赖,2019-02-07,1,Eroducate,Eroducate,windows;mac,0,Single-player,Adventure,Education;Adventure;Sexual Content,0,354,45,0,0,20000-50000,0.0,399,0.8872180451127819,354.0,5.872117789475416,5.991464547107982,0.0
1016260,Magic Combat VR,2019-02-22,0,ProntiatVR,ProntiatVR,windows,0,Multi-player;Online Multi-Player,Action;Free to Play;Indie,Free to Play;Action;Indie,0,5,0,0,0,0-20000,0.0,5,1.0,5.0,1.791759469228055,1.791759469228055,0.0
1016970,Ellen and the Degenerates RPG,2019-02-07,1,John Shields;Humdinger Games,Humdinger Games,windows;mac,0,Single-player;Captions available;Partial Controller Support,Action;Adventure;Casual;Free to Play;Indie;RPG;Strategy,Free to Play;Casual;Action,0,11,7,0,0,0-20000,0.0,18,0.6111111111111112,11.0,2.4849066497880004,2.9444389791664403,0.0
1017080,RWBY Deckbuilding Game,2019-02-14,1,80Arcade,Rooster Teeth,windows,0,Single-player;Online Multi-Player;In-App Purchases,Strategy,Strategy;Card Game,0,54,23,0,0,0-20000,0.0,77,0.7012987012987013,54.0,4.007333185232471,4.356708826689592,0.0
1017100,Territory Idle,2019-03-05,1,Aleksandr Golovkin,Aleksandr Golovkin,windows,0,Single-player;Steam Achievements;In-App Purchases;Steam Cloud,Free to Play;Indie;Strategy;Early Access,Early Access;Free to Play;Clicker,100,68,19,0,0,0-20000,0.0,87,0.7816091954022989,68.0,4.23410650459726,4.477336814478207,0.0
1017480,WarGround,2019-02-02,1,GamersUnit,GamersUnit,windows,0,Online Multi-Player,Casual;Free to Play;Indie;Strategy,Free to Play;Strategy;Indie,0,9,7,0,0,0-20000,0.0,16,0.5625,9.0,2.302585092994046,2.833213344056216,0.0
1018730,Tobit,2019-02-14,1,Vectura Games,Vectura Games,windows,0,Single-player;Partial Controller Support,Adventure;Casual;Indie,Adventure;Indie;Casual,0,3,3,0,0,0-20000,0.0,6,0.5,3.0,1.3862943611198906,1.9459101490553128,0.0
1018930,【SCP】器関ノ彷徨 -The will of a single Tale- 第１部,2019-02-15,0,Stoner Tomohito,GESTALT-§,windows,0,Single-player,Adventure;Free to Play;Simulation,Free to Play;Adventure;Simulation,0,30,4,0,0,0-20000,0.0,34,0.8823529411764706,30.0,3.4339872044851463,3.555348061489413,0.0
1019250,World War II: TCG,2019-02-22,1,FrozenShard Games,FrozenShard Games,windows;mac,0,Single-player;Online Multi-Player;Online Co-op;Shared/Split Screen;Cross-Platform Multiplayer;Steam Achievements;In-App Purchases,Free to Play;Simulation;Strategy,Free to Play;Strategy;Simulation,54,85,28,0,0,20000-50000,0.0,113,0.7522123893805309,85.0,4.454347296253507,4.736198448394496,0.0
1020410,Narco Strike,2019-03-28,1,Free Initiative Games,Free Initiative Games,windows,0,Single-player;Partial Controller Support,Action;Adventure;Early Access,Early Access;Action;Gore,0,6,4,0,0,0-20000,0.0,10,0.6,6.0,1.9459101490553128,2.3978952727983707,0.0
1020520,Hellink,2019-03-07,0,Ikigai,Ikigai,windows;mac;linux,0,Single-player,Indie,Indie;Free to Play;Point & Click,0,29,1,0,0,0-20000,0.0,30,0.9666666666666668,29.0,3.4011973816621555,3.4339872044851463,0.0
1020640,R.I.C.A,2019-02-15,1,Seldom Ludious,Seldom Ludious,windows,0,Single-player;Steam Achievements;Full controller support,Adventure;Free to Play;Indie;RPG,Free to Play;Adventure;RPG,6,65,4,0,0,0-20000,0.0,69,0.9420289855072465,65.0,4.189654742026425,4.248495242049359,0.0
1021950,When the Darkness comes,2019-03-01,1,Sirhaian,Sirhaian,windows,0,Single-player;Steam Achievements,Adventure;Free to Play;Indie,Free to Play;Psychological Horror;Indie,32,2966,301,0,0,100000-200000,0.0,3267,0.9078665442301804,2966.0,7.995306620290822,8.091933455979893,0.0
1022180,And I Must Scream,2019-03-04,1,Stitched Mouth Studios,Stitched Mouth Studios,windows,0,Single-player;Steam Achievements,Action;Adventure;Indie,Action;Adventure;Indie,1,4,2,0,0,0-20000,0.0,6,0.6666666666666666,4.0,1.6094379124341005,1.9459101490553128,0.0
1022920,Two Clusters: Kain,2019-02-24,1,Two Clusters,Two Clusters,windows,0,Single-player,Free to Play;Indie;RPG;Early Access,Early Access;Free to Play;RPG,0,2,1,0,0,0-20000,0.0,3,0.6666666666666666,2.0,1.0986122886681098,1.3862943611198906,0.0
1023320,Clown Thug Cop Zombies,2019-02-11,1,TWOODY PRODUCTIONS,TWOODY PRODUCTIONS,windows,0,Single-player,Action;Free to Play;Indie,Free to Play;Action;Indie,0,37,10,0,0,0-20000,0.0,47,0.7872340425531915,37.0,3.6375861597263857,3.871201010907891,0.0
1024250,Firon,2019-03-01,1,F8tality games,F8tality games,windows,0,Single-player,Adventure;RPG,Adventure;RPG,0,1,1,0,0,0-20000,0.0,2,0.5,1.0,0.6931471805599453,1.0986122886681098,0.0
1024330,Bhavacakra Grace,2019-02-27,1,Two Clusters,Two Clusters,windows,0,Single-player,Adventure;Free to Play;Indie;RPG,Free to Play;Adventure;RPG,0,2,2,0,0,0-20000,0.0,4,0.5,2.0,1.0986122886681098,1.6094379124341005,0.0
1024790,Kare wa Kanojo,2019-03-27,1,JMF Games,JMF Games,windows;mac;linux,16,Single-player;Steam Achievements;Partial Controller Support,Indie;Simulation,Indie;Simulation;Visual Novel,20,3,0,0,0,0-20000,0.0,3,1.0,3.0,1.3862943611198906,1.3862943611198906,0.0
1024970,Quantum Legend - VR Experience,2019-03-04,1,"BeiJing FlyDream Interactive co.,ltd","BeiJing FlyDream Interactive co.,ltd",windows,0,Single-player,Action;Adventure;Free to Play;Indie,Action;Free to Play;Indie,0,7,8,0,0,0-20000,0.0,15,0.4666666666666667,7.0,2.079441541679836,2.772588722239781,0.0
1025200,The Floor Is Really Cheap Lava,2019-02-15,1,Kain Swartzbaugh,Kain Swartzbaugh,windows,0,Single-player;Steam Achievements;In-App Purchases;Steam Leaderboards,Casual;Free to Play;Indie;Racing;Strategy,Free to Play;Casual;Indie,26,57,12,0,0,0-20000,0.0,69,0.8260869565217391,57.0,4.060443010546419,4.248495242049359,0.0
1025260,Rebirth Fantasy Online,2019-03-29,1,Retro Craftz Studio,Retro Craftz Studio,windows,0,Online Multi-Player;MMO,Adventure;Free to Play;Indie;Massively Multiplayer;RPG;Early Access,Early Access;RPG;Indie,0,34,17,0,0,0-20000,0.0,51,0.6666666666666666,34.0,3.555348061489413,3.951243718581428,0.0
1025580,Vainglory,2019-02-13,1,Super Evil Megacorp,Super Evil Megacorp,windows;mac,0,Online Multi-Player;Cross-Platform Multiplayer;In-App Purchases,Free to Play;Strategy;Early Access,Early Access;Free to Play;MOBA,0,1211,739,0,0,200000-500000,0.0,1950,0.6210256410256411,1211.0,7.10002716662926,7.576097340623111,0.0
1025710,Real Al's Humanity Academy,2019-04-01,1,Brett Moody;Keanan Pucci;Matthew Ricci,Affinity Studios LLC,windows,0,Single-player,Action;Casual;Free to Play;Indie,Free to Play;Action;Indie,0,11,1,0,0,0-20000,0.0,12,0.9166666666666666,11.0,2.4849066497880004,2.5649493574615367,0.0
1026820,Coloring Game,2019-04-12,1,L. Stotch,L. Stotch,windows,0,Single-player;Steam Achievements;Steam Cloud,Casual;Free to Play;Indie,Casual;Free to Play;Indie,15,432,22,0,0,50000-100000,0.0,454,0.9515418502202644,432.0,6.07073772800249,6.12029741895095,0.0
1027480,Birth of a Hunter,2019-03-04,1,Alex  Tritt,Alex Tritt,windows,0,Single-player;Steam Achievements;Full controller support;Steam Leaderboards,Action;Free to Play;Indie,Action;Free to Play;Indie,36,5,3,0,0,0-20000,0.0,8,0.625,5.0,1.791759469228055,2.19722457733622,0.0
1027990,Antenna Dilemma,2019-04-24,1,Goloso Games,Goloso Games,windows,0,Single-player;Steam Achievements,Adventure;Indie,Adventure;Indie;Point & Click,10,15,1,0,0,0-20000,0.0,16,0.9375,15.0,2.772588722239781,2.833213344056216,0.0
1028170,Tahko Alpine Ski,2019-02-25,1,3D Talo Finland;Joonas Suikki;Heikki Parviainen;Hemmo Tanskanen;Ville Nyyssölä,3D Talo Finland Ltd.,windows,0,Single-player,Casual;Free to Play;Simulation;Sports,Free to Play;Casual;Simulation,0,22,4,0,0,0-20000,0.0,26,0.8461538461538461,22.0,3.1354942159291497,3.295836866004329,0.0
1028750,Ultimate Logic Puzzle Collection,2019-02-28,1,Stanley Lam,Stanley Lam,windows;mac,0,Single-player;Steam Achievements;Steam Leaderboards,Casual;Free to Play;Indie,Free to Play;Casual;Indie,100,10,4,0,0,0-20000,0.0,14,0.7142857142857143,10.0,2.3978952727983707,2.70805020110221,0.0
1028860,Star Chef: Cooking & Restaurant Game,2019-04-03,1,99Games Online Pvt. Ltd.,99Games Online Pvt. Ltd.,windows,0,Single-player;Steam Achievements;In-App Purchases,Casual;Free to Play;Indie;Simulation,Free to Play;Simulation;Indie,98,8,13,0,0,0-20000,0.0,21,0.3809523809523809,8.0,2.19722457733622,3.091042453358316,0.0
1028930,It Moves,2019-02-21,1,SnowOwl,Kodama Games,windows,0,Single-player;Full controller support,Free to Play;Indie,Free to Play;Indie;Horror,0,106,14,0,0,20000-50000,0.0,120,0.8833333333333333,106.0,4.672828834461906,4.795790545596741,0.0
1029110,Trash Time,2019-03-08,1,Dalibor Bartoš,Dalibor Bartoš;TEDI Games,windows,0,Single-player;Steam Achievements,Casual,Casual;VR;VR Only,5,20,0,0,0,0-20000,0.0,20,1.0,20.0,3.044522437723423,3.044522437723423,0.0
1029500,中华三国志 the Three Kingdoms of China,2019-03-30,0,中三之家,中三之家,windows,0,Single-player,Free to Play;Indie;Strategy,Indie;Free to Play;Strategy,0,400,60,0,0,50000-100000,0.0,460,0.8695652173913043,400.0,5.993961427306569,6.133398042996649,0.0
1029970,Dig Deep,2019-03-08,1,Flippancy Studio,Flippancy Studio,windows;mac,0,Single-player,Action;Casual;Indie,Action;Indie;Casual,0,28,0,0,0,0-20000,0.0,28,1.0,28.0,3.367295829986474,3.367295829986474,0.0
1030240,Dino Tour VR,2019-02-26,1,SIMSREALITY,SIMSREALITY,windows,0,Single-player,Adventure;Free to Play;Simulation,Free to Play;Adventure;Simulation,0,4,3,0,0,0-20000,0.0,7,0.5714285714285714,4.0,1.6094379124341005,2.079441541679836,0.0
1030730,VIP Shuttle,2019-04-11,1,Eliser Wiedemann;Sascha Rushing,Phaenom GmbH,windows,0,Single-player,Simulation,Simulation;VR,0,2,3,0,0,0-20000,0.0,5,0.4,2.0,1.0986122886681098,1.791759469228055,0.0
1031110,Unroaded,2019-03-06,1,Dihen,Dihen,windows,0,Single-player;Steam Achievements,Casual;Free to Play;Indie,Free to Play;Indie;Casual,5,93,5,0,0,0-20000,0.0,98,0.9489795918367347,93.0,4.543294782270004,4.59511985013459,0.0
1031140,The Horus Heresy: Legions,2019-03-28,1,Everguild Ltd.,Everguild Ltd.,windows;mac,0,Single-player;Online Multi-Player;Cross-Platform Multiplayer;Steam Achievements;In-App Purchases,Free to Play;Strategy,Free to Play;Strategy;Card Game,24,155,65,0,0,50000-100000,0.0,220,0.7045454545454546,155.0,5.049856007249537,5.3981627015177525,0.0
1031700,Survivor,2019-04-22,1,Reija Meriläinen,Reija Meriläinen,windows;mac,0,Single-player,Adventure;Free to Play;Indie,Adventure;Indie;Free to Play,0,32,9,0,0,0-20000,0.0,41,0.7804878048780488,32.0,3.49650756146648,3.737669618283368,0.0
1032520,JermaSlots,2019-04-06,1,"Steve ""Khad"" Grant","Steve ""Khad"" Grant",windows,0,Single-player;Steam Achievements;Steam Cloud,Casual;Free to Play;Indie,Free to Play;Indie;Casual,14,110,7,0,0,0-20000,0.0,117,0.9401709401709402,110.0,4.709530201312334,4.770684624465665,0.0
1032660,Romans from Mars (Free-to-Play),2019-03-19,1,Sidekick,Majesco,windows,0,Single-player;In-App Purchases,Action,Action,0,2,1,0,0,0-20000,0.0,3,0.6666666666666666,2.0,1.0986122886681098,1.3862943611198906,0.0
1034200,"Its Simple, SHOOT",2019-03-14,1,KyleR,KyleR,windows,0,Single-player,Action;Casual;Free to Play,Free to Play;Action;Casual,0,37,0,0,0,0-20000,0.0,37,1.0,37.0,3.6375861597263857,3.6375861597263857,0.0
1034740,Hard Light Vector,2019-03-26,1,"Actually A Game Company, L.L.C","Actually A Game Company, L.L.C",windows,0,Single-player;Steam Achievements,Action;Adventure;Free to Play;Indie,Free to Play;Action;Indie,18,23,8,0,0,0-20000,0.0,31,0.7419354838709677,23.0,3.1780538303479458,3.4657359027997265,0.0
1034880,DoraKone,2019-04-23,1,Apple Cider,Apple Cider,windows;mac;linux,0,Single-player;Partial Controller Support,Casual;Indie,Indie;Casual;Visual Novel,0,5,0,0,0,0-20000,0.0,5,1.0,5.0,1.791759469228055,1.791759469228055,0.0
1035750,文字獄,2019-03-13,0,Jia-Ho Jian,Jia-Ho Jian,windows;mac;linux,0,Single-player,Adventure;Free to Play;Indie,Free to Play;Adventure;Indie,0,54,8,0,0,0-20000,0.0,62,0.8709677419354839,54.0,4.007333185232471,4.143134726391533,0.0
1035800,Mistress of Maids: First Castle,2019-04-05,1,YDKR;Semenov Iurii;Aleksandr Golovkin,YDKR,windows,0,Single-player;Steam Achievements,Free to Play;Indie;RPG,Free to Play;RPG;Indie,8,28,1,0,0,0-20000,0.0,29,0.9655172413793104,28.0,3.367295829986474,3.4011973816621555,0.0
1035890,vApe Escape,2019-03-15,1,Gamechuck,Gamechuck,windows,0,Single-player;Steam Achievements,Adventure;Indie,Adventure;Indie;Science,5,19,2,0,0,0-20000,0.0,21,0.9047619047619048,19.0,2.995732273553991,3.091042453358316,0.0
1036200,Song Animals,2019-03-25,1,Myshkin Entertainment,Myshkin Entertainment,windows,0,Single-player;Steam Achievements,Indie,Indie;Free to Play;Puzzle,5,14,4,0,0,0-20000,0.0,18,0.7777777777777778,14.0,2.70805020110221,2.9444389791664403,0.0
1036270,Bug Aviators in Theme Park,2019-04-01,1,よるのあとち(Yorunoatochi),よるのあとち,windows,0,Single-player,Free to Play;Indie;Simulation,Free to Play;Indie;Simulation,0,10,6,0,0,0-20000,0.0,16,0.625,10.0,2.3978952727983707,2.833213344056216,0.0
1036850,Auf Abwegen,2019-03-09,1,Kindman,InSayn,windows;linux,0,Single-player;Steam Achievements;Full controller support;Steam Leaderboards,Adventure;Free to Play;Indie,Free to Play;Adventure;Indie,10,105,40,0,0,20000-50000,0.0,145,0.7241379310344828,105.0,4.663439094112067,4.983606621708336,0.0
1036950,Super Jigsaw Puzzle: Generations,2019-04-04,1,Flat Cat Games,Flat Cat Games,windows,0,Single-player;Steam Achievements;Steam Cloud;Stats;Steam Leaderboards,Casual;Free to Play;Indie;Strategy,Casual;Indie;Strategy,17,18,4,0,0,0-20000,0.0,22,0.8181818181818182,18.0,2.9444389791664403,3.1354942159291497,0.0
1036960,阿津,2019-03-30,0,阿津,歐津津教團,windows,0,Single-player,Adventure;Free to Play;RPG,Free to Play;Adventure;RPG,0,46,0,0,0,0-20000,0.0,46,1.0,46.0,3.8501476017100575,3.8501476017100575,0.0
1040430,Adventure Climb VR,2019-04-16,1,MXTreality,MXTreality,windows,0,Single-player;Steam Achievements,Action;Adventure;Casual;Free to Play;Racing;Simulation;Sports,Free to Play;Action;Casual,18,18,5,0,0,0-20000,0.0,23,0.782608695652174,18.0,2.9444389791664403,3.1780538303479458,0.0
1040490,Prologue for a Vacant Kingdom,2019-04-18,1,shru,shru,windows;mac,0,Single-player;Steam Achievements;Full controller support;Steam Cloud,Action;Adventure;Free to Play;Indie;RPG,Action;Free to Play;Indie,4,38,0,0,0,0-20000,0.0,38,1.0,38.0,3.6635616461296463,3.6635616461296463,0.0
1040890,Slime Simulator Games,2019-04-01,1,Solid Apps Inc,Solid Apps Inc,windows;mac,0,Single-player,Casual;Indie;Simulation,Indie;Casual;Simulation,0,2,1,0,0,0-20000,0.0,3,0.6666666666666666,2.0,1.0986122886681098,1.3862943611198906,0.0
1041060,Future Futures - Command Z,2019-03-29,1,Command Z,Ziga Studio,windows,0,Single-player,Action;Adventure;Casual;Free to Play;Indie;Simulation;Strategy,Action;Free to Play;Casual,0,2,0,0,0,0-20000,0.0,2,1.0,2.0,1.0986122886681098,1.0986122886681098,0.0
1042230,Zeta Complex,2019-04-15,1,spidamoo games,spidamoo games,windows,0,Single-player,Action;Indie;Early Access,Early Access;Action;Indie,0,7,0,0,0,0-20000,0.0,7,1.0,7.0,2.079441541679836,2.079441541679836,0.0
1042460,Newt's Voyage,2019-03-15,1,Gear Learning,Gear Learning,windows;mac,0,Single-player,Action;Casual;Simulation,Action;Casual;Simulation,0,8,1,0,0,0-20000,0.0,9,0.8888888888888888,8.0,2.19722457733622,2.302585092994046,0.0
1042570,Human Rights,2019-04-04,1,Monster Mansion,Monster Mansion,windows;mac,0,Single-player,Indie,Indie,0,8,0,0,0,0-20000,0.0,8,1.0,8.0,2.19722457733622,2.19722457733622,0.0
1043180,Lovers of Aether,2019-04-01,1,Dan Fornace,Dan Fornace,windows;mac,0,Single-player;Steam Cloud,Casual;Indie;Simulation,Psychological Horror;Dating Sim;Casual,15,651,29,12,12,50000-100000,0.0,680,0.9573529411764706,651.0,6.480044561926653,6.523562306149512,2.5649493574615367
1044200,Wasteland Survival,2019-03-31,1,"Joyloft Co., Limited","Joyloft Co., Limited",windows;mac,0,Single-player;In-App Purchases,Action;Adventure;Free to Play;RPG;Simulation;Early Access,Early Access;Free to Play;Survival,0,277,265,0,0,50000-100000,0.0,542,0.511070110701107,277.0,5.627621113690637,6.297109319933935,0.0
1045020,Blanket Heavy With Nightmares,2019-04-17,1,Clever Simulation Entertainment;Kajaani University Of Applied Sciences;Finnish Museum Association;Kajaani Art Museum;Artist Suvi Solkio,Clever Simulation Entertainment,windows,0,Single-player,Adventure,Adventure;VR,0,14,0,0,0,0-20000,0.0,14,1.0,14.0,2.70805020110221,2.70805020110221,0.0
1045130,Raatihuone,2019-04-17,0,Kainuu Museum;Kajaani University Of Applied Sciences;Finnish Museum Association;Clever Simulation Entertainment,Clever Simulation Entertainment,windows,0,Single-player,Adventure,Adventure;VR,0,3,0,0,0,0-20000,0.0,3,1.0,3.0,1.3862943611198906,1.3862943611198906,0.0
1045140,ESKO,2019-04-02,0,The Museum of Technology;Kajaani University Of Applied Sciences;Finnish Museum Association;Clever Simulation Entertainment,Clever Simulation Entertainment,windows,0,Single-player,Simulation,Simulation;VR,0,3,0,0,0,0-20000,0.0,3,1.0,3.0,1.3862943611198906,1.3862943611198906,0.0
1045850,The Walsingham Files - Chapter 1,2019-03-25,1,Sapphire Dragon Productions,Sapphire Dragon Productions,windows;mac,0,Single-player,Adventure;Casual;Free to Play;Indie,Adventure;Gore;Free to Play,5,11,1,0,0,0-20000,0.0,12,0.9166666666666666,11.0,2.4849066497880004,2.5649493574615367,0.0
1046370,Meaty McSkinBones,2019-04-24,1,Triplot Studio,Triplot Studio,windows,0,Single-player;Steam Achievements;Full controller support,Free to Play;Indie;Early Access,Early Access;Free to Play;Indie,9,8,5,0,0,0-20000,0.0,13,0.6153846153846154,8.0,2.19722457733622,2.6390573296152584,0.0
1046490,Easy Shooter,2019-04-12,1,Developer of Easy Shooter,Developer of Easy Shooter,windows,0,Online Multi-Player,Action;Massively Multiplayer;Early Access,Early Access;Action;Massively Multiplayer,0,13,9,0,0,0-20000,0.0,22,0.5909090909090909,13.0,2.6390573296152584,3.1354942159291497,0.0
1047190,Lantern of Worlds - The Story of Layla,2019-04-09,1,Fasold Games,Fasold Games,windows;mac,0,Single-player,Adventure;Indie;RPG,Adventure;Indie;RPG,0,4,0,0,0,0-20000,0.0,4,1.0,4.0,1.6094379124341005,1.6094379124341005,0.0
1047720,Dolphin Swim,2019-04-10,1,Marshall Latimer,Marshall Latimer,windows,0,Single-player;Steam Achievements;Steam Leaderboards,Casual;Free to Play;Indie,Free to Play;Indie;Casual,6,8,6,0,0,0-20000,0.0,14,0.5714285714285714,8.0,2.19722457733622,2.70805020110221,0.0
1047910,Slow.Bullet VR,2019-04-18,1,Marco S. Hampel,Firez Studios,windows,0,Co-op;Shared/Split Screen,Action;Free to Play;Indie,Free to Play;Action;Indie,0,0,1,0,0,0-20000,0.0,1,0.0,0.0,0.0,0.6931471805599453,0.0
1048040,Exosphere,2019-04-06,1,Velikan,Velikan,windows,0,Single-player,Action;Adventure;Casual;Free to Play;Indie,Free to Play;Action;Indie,0,14,7,0,0,0-20000,0.0,21,0.6666666666666666,14.0,2.70805020110221,3.091042453358316,0.0
1048570,In the Pause Between the Ringing,2019-04-23,1,Studio Oleomingus,The Irregular Corporation,windows;mac;linux,0,Single-player;Partial Controller Support,Adventure;Casual;Free to Play;Indie,Free to Play;Adventure;Indie,0,6,4,0,0,0-20000,0.0,10,0.6,6.0,1.9459101490553128,2.3978952727983707,0.0
1048830,Horse Riding Tales,2019-04-12,1,Foxie Games,App Business Ventures LLC,windows,0,Single-player;Online Multi-Player;MMO;Cross-Platform Multiplayer;In-App Purchases,Action;Adventure;Casual;Free to Play;Massively Multiplayer;Racing;RPG;Simulation,Free to Play;Massively Multiplayer;Action,0,22,15,0,0,0-20000,0.0,37,0.5945945945945946,22.0,3.1354942159291497,3.6375861597263857,0.0
1049420,Hotel Tutwin,2019-04-15,1,Roxiano Creations,Roxiano Creations,windows;mac,0,Single-player,Casual;Free to Play;Indie;RPG;Simulation,Free to Play;Indie;Casual,0,8,1,0,0,0-20000,0.0,9,0.8888888888888888,8.0,2.19722457733622,2.302585092994046,0.0
1049660,stein.world,2019-04-23,1,pg5-Studio,pg5-Studio,windows,0,Online Multi-Player;MMO;Online Co-op;Cross-Platform Multiplayer,Action;Adventure;Free to Play;Indie;Massively Multiplayer;RPG,Free to Play;Massively Multiplayer;RPG,0,47,39,0,0,20000-50000,0.0,86,0.5465116279069767,47.0,3.871201010907891,4.465908118654584,0.0
1049800,BLOCKADE Classic,2019-04-01,1,Novalink,Novalink,windows,0,Online Multi-Player;In-App Purchases,Action;Free to Play;Indie;Massively Multiplayer;Early Access,Early Access;Free to Play;Action,0,256,141,0,0,100000-200000,0.0,397,0.6448362720403022,256.0,5.54907608489522,5.986452005284438,0.0
1049950,Arena Stars,2019-04-11,1,Tiny Titan Studios,Tiny Titan Studios,windows;mac,0,Online Multi-Player;Steam Achievements;Full controller support;In-App Purchases;Steam Cloud,Action;Free to Play;Strategy,Free to Play;Strategy;Action,15,52,29,0,0,20000-50000,0.0,81,0.6419753086419753,52.0,3.970291913552122,4.406719247264253,0.0
1050190,Fast Travel: Loot Delivery Service,2019-04-20,1,Souper Chef,Souper Chef,windows,0,Single-player;Steam Achievements;Partial Controller Support;Steam Cloud;Steam Leaderboards,Racing,Racing;Time Attack,12,2,0,0,0,0-20000,0.0,2,1.0,2.0,1.0986122886681098,1.0986122886681098,0.0
1051130,Trial of the Towers,2019-04-05,1,William Wofford,William Wofford,windows,0,Single-player;Partial Controller Support,Action;Free to Play;Indie,Free to Play;Action;Indie,0,14,6,0,0,0-20000,0.0,20,0.7,14.0,2.70805020110221,3.044522437723423,0.0
1052070,Burning Daylight,2019-04-19,1,Burning Daylight Team,Burning Daylight Team,windows,0,Single-player,Adventure;Free to Play;Indie,Free to Play;Adventure;Indie,0,689,78,0,0,50000-100000,0.0,767,0.8983050847457628,689.0,6.536691597591305,6.643789733147672,0.0
1053060,KillStreak.tv,2019-04-11,1,SideQuestNZ,Blue Wizard Digital,windows;mac,0,Single-player;Multi-player;Online Multi-Player,Action;Free to Play,Free to Play;Action;Multiplayer,0,74,20,0,0,20000-50000,0.0,94,0.7872340425531915,74.0,4.31748811353631,4.553876891600541,0.0
1053960,Bot Battles,2019-04-05,1,Superstruct,Superstruct,windows;mac,0,Multi-player;Online Multi-Player;Cross-Platform Multiplayer;Stats,Action;Free to Play,Free to Play;Action,0,17,4,0,0,0-20000,0.0,21,0.8095238095238095,17.0,2.8903717578961645,3.091042453358316,0.0
1054560,Alice in Stardom,2019-04-05,1,Crystal Game Works,Crystal Game Works,windows,0,Single-player;Steam Achievements,Casual;Free to Play;Indie;RPG,Free to Play;Casual;Indie,6,13,1,0,0,0-20000,0.0,14,0.9285714285714286,13.0,2.6390573296152584,2.70805020110221,0.0
1056500,VRLife,2019-04-11,0,"Wuhan Mandrill VR Co., Ltd.","Wuhan Mandrill VR Co., Ltd.",windows,0,Online Multi-Player;MMO,Casual;Free to Play;Massively Multiplayer;RPG;Early Access,Early Access;Free to Play;Massively Multiplayer,0,16,3,0,0,0-20000,0.0,19,0.8421052631578947,16.0,2.833213344056216,2.995732273553991,0.0
1056710,VTB Basketball League VR,2019-04-12,0,Axyos Games,LikeVR,windows,0,Single-player,Casual;Free to Play;Sports,Free to Play;Casual;Sports,0,3,0,0,0,0-20000,0.0,3,1.0,3.0,1.3862943611198906,1.3862943611198906,0.0
1057420,Earthshakers,2019-04-22,1,"Kaleido, Inc.","Kaleido, Inc.",windows,0,Single-player,Action;Free to Play;Indie,Action;Indie;Free to Play,0,3,7,0,0,0-20000,0.0,10,0.3,3.0,1.3862943611198906,2.3978952727983707,0.0
1057430,Geometry May. I swear it's a nice free game,2019-04-16,1,PixelGreeds,PixelGreeds,windows,0,Single-player;Steam Achievements;Full controller support;Steam Cloud,Action;Adventure;Free to Play;Indie,Nudity;Sexual Content;Free to Play,7,83,15,0,0,0-20000,0.0,98,0.8469387755102041,83.0,4.430816798843313,4.59511985013459,0.0
1057690,Sin Slayers: The First Sin,2019-04-11,1,goonswarm,Black Tower Entertainment,windows,0,Single-player;Partial Controller Support,Adventure;Free to Play;Indie;RPG;Strategy,RPG;Indie;Adventure,0,101,29,0,0,20000-50000,0.0,130,0.7769230769230769,101.0,4.624972813284271,4.875197323201151,0.0
1058000,Rain's love memory-雨的恋记,2019-04-19,0,the original air,the original air,windows,0,Single-player,Free to Play,Free to Play;Visual Novel,0,33,2,0,0,0-20000,0.0,35,0.9428571428571428,33.0,3.5263605246161616,3.58351893845611,0.0
